texto,calificacion,lugar,categoria,fuente
"Muy bonitas las instalaciones, las aves que andan paseando por el lugar, la comodidad de sus camas y la atención del personal Todo nos gustó",5,Hotel Roca Negra del Arenal,alojamiento,booking
"El lugar es muy bonito con mucho jardín y animales, el ambiente es muy tranquilo y las camas son muy cómodas",5,Hotel Roca Negra del Arenal,alojamiento,booking
La calidez del lugar y las personas.,5,Hotel Roca Negra del Arenal,alojamiento,booking
El jacuzzi y la piscina. La ubicación y la atención de Eugenia. La zona de café.,5,Hotel Roca Negra del Arenal,alojamiento,booking
Todas las zonas impolutas y muy limpias. El personal es maravilloso,5,Hotel Roca Negra del Arenal,alojamiento,booking
"Agradable lugar, muy buena atención de las chicas de recepción. Piscina agradezco, hidromasaje exterior agradable, en general todos los espacios exteriores muy bien. Recomendación no olvidarse de REPELENTE. Tv un poco pequeña, no tenga crema de enjuague para el cabello.",5,Hotel Roca Negra del Arenal,alojamiento,booking
"El personal, en especial Elisabeth que nos trató como si estuviéramos en casa. 
Y las vistas al volcán que son inmejorables",5,Hotel Roca Negra del Arenal,alojamiento,booking
"Ubicación e instalaciones La recepcionista que nos recibio fue la peor de todo el viaje. Poco amable y sin aportar información. Sin embargo, el al dia siguiente encontramos a otra que era todo lo contrario, encantadora",5,Hotel Roca Negra del Arenal,alojamiento,booking
Muy cómodo Todo positivo,5,Hotel Roca Negra del Arenal,alojamiento,booking
Muy bien ambiente natural  tiene de todo  hasta animales,5,Hotel Roca Negra del Arenal,alojamiento,booking
"La ubicación fue lo mejor a pesar del ruido de la carretera que estaba al costado de las habitaciones El trato del personal que atiende en el comedor es pésimo y por 8 dólares el desayuno, mejor lo evito y como fuera.",5,Hotel Roca Negra del Arenal,alojamiento,booking
"El hotel superó las expectativas, muy bonitas las instalaciones con espacios separados para mayor privacidad y mucha vegetación, los desayunos muy buenos; y las habitaciones super cómodas. Como un punto de mejora en las habitaciones donde el inodoro esta aparte de la ducha podrían colocar una puerta a la ducha y así poder usar ambos espacios simultáneamente.",5,Hotel Roca Negra del Arenal,alojamiento,booking
El ambiente y el personal Todo excelente,5,Hotel Roca Negra del Arenal,alojamiento,booking
"Desde la habitación hemos visto unas vistas maravillosas al volcán, con suerte despejado. Los colibrí comiendo en las flores justo delante nuestra..tucanes y el personal muy agradable",5,Hotel Roca Negra del Arenal,alojamiento,booking
Increíble todo! El personal un AMOR Asienore dispuestos a colaborar! El hotel SÚPER relajado! Impecable con una lugar para tomar un café o té cortesía del alojamiento divino! Con animales a tu alrededores disfrutable al máximo! NADA,5,Hotel Roca Negra del Arenal,alojamiento,booking
"La habitación privada fue genial, con un porchecito para disfrutar de las vistas. El baño, la cama súper grande y cómoda hicieron que estuviéramos muy cómodos En el desayuno hacían esperar bastante. No vayas con prisa",5,Hotel Roca Negra del Arenal,alojamiento,booking
"La vista es excelente
EL baño de la habitacion muy grande
Comodidad de la cama No tiene desayuno incluido",5,Hotel Roca Negra del Arenal,alojamiento,booking
"Ubicación, servicio al cliente, la habitación con cómoda muy cómoda y el desayuno muy rico",5,Hotel Roca Negra del Arenal,alojamiento,booking
"El alojamiento está bien ubicado, cercano a todo. La atención del personal fue excelente en todo momento, en especial Elizabeth, quien respondió todas nuestras dudas. En la mañana sirven un buen desayuno por 8 dólares. Las habitaciones están un poco antiguas, les falta una remodelación. Por ejemplo, el aire acondicionado emite mucho ruido.",5,Hotel Roca Negra del Arenal,alojamiento,booking
"La limpieza No incluye desayuno, y el café que se ofrece no queda en el frasco",5,Hotel Roca Negra del Arenal,alojamiento,booking
Me encantó. Fui con mi familia y superó con creces lo que esperábamos del sitio.,5,Hotel Roca Negra del Arenal,alojamiento,booking
"El hotel superó mis expectativas. Tiene un jardín enorme, las habitaciones son muy grandes y tranquilas. Tiene diversas zonas: de juegos, piscina con jacuzzi, pequeña cocina para tomar café, etc. El personal de recepción muy amable. Está situado a unos dos kilómetros del centro, por lo que es muy tranquilo. También hay varios restaurantes por la zona.",5,Hotel Roca Negra del Arenal,alojamiento,booking
"Me gustaron las instalaciones, la comodidad y estar rodeado de verde . Se puede disfrutar de las mañanas donde el sonido de los pájaros es la mejor melodía para desconectarse. Además el personal es muy amable, seguramente volveré!",5,Hotel Roca Negra del Arenal,alojamiento,booking
"Muy cómodo, tiene un área para poder calentar agua, hacer café, licuados, disponible las 24hs.
Destaco la amabilidad y calidez de Elizabeth, trabaja en recepción, fue un encanto conocerla",5,Hotel Roca Negra del Arenal,alojamiento,booking
"Todo, es muy linda Se escuchaba mucho entre habitaciones",5,Hotel Roca Negra del Arenal,alojamiento,booking
La ubicación y sobre todo el hotel en si que parece sacado de una película Por ahí que no se pueda pagar con tarjeta y sea solo efectivo. Nada más!,5,Hotel Roca Negra del Arenal,alojamiento,booking
Excelente ubicación e instalaciones,5,Hotel Roca Negra del Arenal,alojamiento,booking
"Este hotel es de lo mejor de la Fortuna. Las habitaciones son muy lindas y limpias. La piscina está limpia, tiene jacuzzi y otras amenidades. Lleno de arbolitos y naturaleza.",5,Hotel Roca Negra del Arenal,alojamiento,booking
"Qué joya de lugar! Cerca del centro de La Fortuna, una habitación enorme con una cama gigante, piscina, jacuzzi, desayuno super barato y rico…excelente servicio también. Súper recomendado! Nada! Todo nos encantó 😃",5,Hotel Roca Negra del Arenal,alojamiento,booking
"El personal es súper amable Uufffffff demasiado lindas las habitaciones y el cuidado de los jardines 
Todo todo limpio y en orden",5,Hotel Roca Negra del Arenal,alojamiento,booking
"Los jardines, la piscina, laa vistas al volcán...la responsable del establecimiento Nada",5,Hotel Roca Negra del Arenal,alojamiento,booking
"Camas, hotel muy bonito, personal muy amable. No funcionaba nada bien el wifi desde la habitación ni en la mayoría de puntos del complejo.",5,Hotel Roca Negra del Arenal,alojamiento,booking
"Preciosos bungalows e instalaciones. El personal súper amable y atento, prestaban todo tipo de ayuda y recomendación. Ubicación perfecta para ir a la catarata y al volcán arenal.",5,Hotel Roca Negra del Arenal,alojamiento,booking
"La habitaciones impecables, espaciosa, cama súper confortable todo lo necesario  para disfrutar y descansar de la mejor forma. No tengo queja alguna",5,Hotel Roca Negra del Arenal,alojamiento,booking
Sí muy lindo el lugar El desayuno,5,Hotel Roca Negra del Arenal,alojamiento,booking
"Nuestra habitación tenía una vista increíble al volcán y jardín con terraza privada. Las instalaciones de piscina y jacuzzi muy limpias pero sobre todo destacar la amabilidad de Lilibeth, nos ayudó en todo momento y estuvo pendiente de que nuestra estancia fuera lo más cómoda posible.",5,Hotel Roca Negra del Arenal,alojamiento,booking
Exquisito y muy bien servido y atentido. La tranquilidad y seguridad No tener más días para quedarme. Pero ya se a dónde volver cuando vaya por ésos lugares.,5,Hotel Roca Negra del Arenal,alojamiento,booking
"Espectacular todo. El jardín que rodea al hotel, las vistas del Arenal, la comodidad de la habitación cin su porchecito, la piscina y zona de juegos que le encantaron a mis hijas y la amabilidad y recomendaciones del personal.",5,Hotel Roca Negra del Arenal,alojamiento,booking
Las areas de esparcimiento como piscina y area de juegos Que no tenia restaurante para almuerzos o cenas.,5,Hotel Roca Negra del Arenal,alojamiento,booking
"Nuestra habitación tenía unas preciosas vistas al jardín y al volcán, con hamaca y terraza privada. Nos encantó la piscina y sobre todo el jacuzzi, un lujo. La ubicación está bien, en coche a escasos minutos del pueblo y de las aguas termales (andando es más tiempo). El personal fue muy agradable, y disponen de cafetería y sala de juegos común No recomiendo el servicio de lavandería, fue muy caro y no nos aconsejaron irnos a otro lugar. Los tours a través del hotel creemos que también salen más caros y es mejor cogerlos por otra parte",5,Hotel Roca Negra del Arenal,alojamiento,booking
"Todo perfecto. Ubicación muy buena, senderos preciosos y muy bien cuidados, el entorno es paradisiaco. Buen desayuno. Mencionar especialmente la amabilidad del personal: tuvimos un contratiempo el día de llegada y Elizabeth nos ayudó con toda la paciencia y comprensión del mundo.",5,Hotel Roca Negra del Arenal,alojamiento,booking
"El hotel es un jardin con casitas individuales para cada huesped, las habitaciones y el baño son grandes.
El desayuno muy bueno
Elisabet de la recepción muy simpatica y te ayuda en todo",5,Hotel Roca Negra del Arenal,alojamiento,booking
"Muy verde lleno de flores y pajaros. Habitaciones cómodas. Sala de juegos entretenida. En el
Camino al parque nacional Arenal.",5,Hotel Roca Negra del Arenal,alojamiento,booking
"Todo, tiene mucho encanto",5,Hotel Roca Negra del Arenal,alojamiento,booking
"Todo; el ambiente, la atención del personal, las instalaciones, la habitación, el desayuno... todo. He tenido la suerte de poder viajar por muchos países durante muchos años y he de decir que este es sin duda el mejor alojamiento en el que he estado. La cabaña en la que nos alojamos estaba muy bien cuidada; el alojamiento cuenta con zona de juego donde no le faltaba detalle, una zona de cocina donde poder sentarte a disfrutar una taza de café o té, una piscina y jacuzzi con hamacas muy bien cuidadas y por todo el alojamiento cuentas con rincones donde pasar el rato. 
Las chicas que nos atendieron fueron muy amables. 
El alojamiento cuenta con zona muy amplia donde aparcar y ofrecen desayunos que están muy ricos. 
No le pongo más de un 10 porque ese el tope, pero sin duda tendría más si fuera posible. 
Gracias por hacernos sentir como en casa 😊 No hay nada que no nos haya gustado.",5,Hotel Roca Negra del Arenal,alojamiento,booking
La piscina,5,Hotel Roca Negra del Arenal,alojamiento,booking
Es un lugar  acogedor y muy familiar,5,Hotel Roca Negra del Arenal,alojamiento,booking
Un sitio perfecto para disfrutar en familia Nada,5,Hotel Roca Negra del Arenal,alojamiento,booking
El personal es muy amable y los senderos para las habitaciones e instalaciones están muy bien cuidados. Se puede desayunar en el hotel. Los jardines muy bonitos. El área de piscinas con buen mantenimiento.,5,Hotel Roca Negra del Arenal,alojamiento,booking
"El hotel es excepcional. Precioso, tiene una piscina y jacuzzi perfectos. Además viajamos en temporada baja con lo que la teníamos para nosotros solos. El personal del hotel bien. Wifi bien. Del desayuno no puedo opinar pero en frente hay un lugar donde sirven desayunos muy ricos. En la calle principal de la fortuna a una media hora andando al centro. El baño enorme. Tienen un lugar para hacer café o té todo el día. No es raro encontrar colibrís, iguanas, sapos o ranas en el recinto. La sala de juegos, sobre todo el billar necesitaría un poco de mantenimiento, pero esto es un detalle ínfimo. No vimos el volcán por la climatología pero eso no es culpa del hotel. :(",5,Hotel Roca Negra del Arenal,alojamiento,booking
Muy limpio y cómodo Nada a destacar,5,Hotel Roca Negra del Arenal,alojamiento,booking
Ubicación perfecta y super limpio Quizás puede mejorar la conexión de Internet para poder trabajar remoto,5,Hotel Roca Negra del Arenal,alojamiento,booking
"Es muy limpio todo, muy familiar, rodeado de naturaleza de verdad 10 de 10 en todo y el personal del hotel muy amigables Todo excelente",5,Hotel Roca Negra del Arenal,alojamiento,booking
"Las instalaciones son muy bonitas, el comedor, la piscina, la sala de juegos etc Todo muy bien",5,Hotel Roca Negra del Arenal,alojamiento,booking
"Hemos estado solo una noche, pero el hotel es muy bonito y está muy bien cuidado. Habitaciones muy amplias, una especie de casitas con su propio jardín y espacio para dejar el coche. 
Lo que más me gustó fue el baño, enorme y con una ducha super cómoda. Poca oferta gastronómica",5,Hotel Roca Negra del Arenal,alojamiento,booking
"Excelente para descansar. No avisaron antes que no había datáfono y no andaba efectivo, y escribieron antes de que yo llegara, hubieran avisado que no había Datáfono.
Las almohadas ya muy usadas.",5,Hotel Roca Negra del Arenal,alojamiento,booking
El lugar Todo estuvo bueno,5,Hotel Roca Negra del Arenal,alojamiento,booking
"Tremendo lugar para alojarse en las afueras de La Fortuna, una de las mejores ideas por cierto que puedes tener si te dejas caer por allí. Alojamiento estilo cabaña/bungalow rodeada de exuberantes jardines y con privilegiadas vistas (nubes mediante) al Volcán Arenal. Piscina, aparcamiento privado y desayuno potestativo (sin mucho entusiasmo por que lo elijas). A 20 metros -literal- de la mayor tienda de souvenirs que vimos en nuestro viaje a Costa Rica. Si no encuentras allí lo que buscas, no existe. Se oye un poco el ruido de los camiones que pasan por la carretera, pero teniendo en cuenta la distancia a la que está, poco se oye.",5,Hotel Roca Negra del Arenal,alojamiento,booking
"La habitación muy acogedora y limpia, pero sin duda lo mejor eran las vistas al volcán arenal. La atención del personal de 10, muy amigables y atentas con nosotros durante toda la estancia.",5,Hotel Roca Negra del Arenal,alojamiento,booking
"El lugar es hermosos, si siente como en casa todo bien limpio y las vistas hermosas Nada, todo es perfecto",5,Hotel Roca Negra del Arenal,alojamiento,booking
No hubo desayuno!,5,Hotel Roca Negra del Arenal,alojamiento,booking
Las fotos no hacen justicia de la belleza de lugar!!! Es precioso!! Como tica.. diría que el pinto del restaurante podría mejorar…,5,Hotel Roca Negra del Arenal,alojamiento,booking
"Un excelente Lugar para descansar, en medio de la Naturaleza sin nada de Ruido.
Lo recomiendo al 100%",5,Hotel Roca Negra del Arenal,alojamiento,booking
"Personal muy amable.
Estupendas vistas al volcan.
Buen desayuno.",5,Hotel Roca Negra del Arenal,alojamiento,booking
"Es precioso y muy cómodo, la señora Elizabeth hace todo lo posible por ayudarte  a tener una buena estancia Sus instalaciones y limpieza",5,Hotel Roca Negra del Arenal,alojamiento,booking
"La atención del personal de recepción es de 10, muy atentos y amables. Solo estuvimos dos días pero nos habríamos quedado más tiempo: tiene piscina, zona de juegos, billar… Está muy bien situado, cerca de restaurantes y del parque volcán arenal. Los jardines son preciosos. Se respira tranquilidad. Que solo admitieran pago en efectivo.",5,Hotel Roca Negra del Arenal,alojamiento,booking
"Las habitaciones nuevas son una pasada, el entorno del hotel es precioso y el personal muy amable. Un gusto habernos alojado allí La segunda noche cambiamos de habitación y no era de las nuevas y se notaba, aún así era muy buena",5,Hotel Roca Negra del Arenal,alojamiento,booking
Todo y especialmente la vista  desde la cabaña Las luces blancas en la habitación . Con una iluminación cálida sería más agradable. También estaría bien más iluminación en el espejo del baño,5,Hotel Roca Negra del Arenal,alojamiento,booking
"Excelente lugar, muchas gracias, súper recomendado Todo bien",5,Hotel Roca Negra del Arenal,alojamiento,booking
"El lugar muy acogedor, limpio, habitacion y baño muy cómodos y amplios. Tenían café y agua caliente para ser utilizado siempre. La piscina y jacuzzi impecables. A una temperatura exquisita",5,Hotel Roca Negra del Arenal,alojamiento,booking
El trato del personal. La limpieza y las camas Todo me gusto,5,Hotel Roca Negra del Arenal,alojamiento,booking
El trato y la limpieza Todo me gusto,5,Hotel Roca Negra del Arenal,alojamiento,booking
Muy buena disposición del personal y hermosa habitación Todo me gustó,5,Hotel Roca Negra del Arenal,alojamiento,booking
"El lugar, las instalaciones y la excelente atención de su personal.",5,Hotel Roca Negra del Arenal,alojamiento,booking
"Lo amplio de la habitación, ventanales amplios, muy confortable, ropa de cama bien limpia y blanquita al igual que los paños, almohadas cómodas, aire acondicionado, TV, e internet con buen alcance para poder trabajar durante la noche o en la mañana antes de salir a la jornada laboral. Realmente no me disgustó nada… todo estuvo bastante bien. Quizá lo único uniera sido que la tarifa incluyera el desayuno como en otros hoteles de la zona con un precio similar",5,Hotel Roca Negra del Arenal,alojamiento,booking
Ambiente,5,Hotel Roca Negra del Arenal,alojamiento,booking
"Todo estuvo muy limpio, desayuno muy rico. .",5,Hotel Roca Negra del Arenal,alojamiento,booking
La tranquilidad,5,Hotel Roca Negra del Arenal,alojamiento,booking
"El trato de Elizabeth fue excepcional. La habitación tenía preciosas vistas al volcán, muy espaciosa. El desayuno muy rico. Recinto muy agradable. Tiene parking dentro",5,Hotel Roca Negra del Arenal,alojamiento,booking
"La naturaleza , la amplitud , todas las instalaciones y el jacuzzi",5,Hotel Roca Negra del Arenal,alojamiento,booking
La tranquilidad del lugar No había gente atendiendo en recepción cuando llegamos,5,Hotel Roca Negra del Arenal,alojamiento,booking
"El alojamiento estaba de 10. Fui con mi pareja y no pudimos escoger un mejor sitio. Tranquilo, en el puro centro, precioso por dentro y las trabajadoras encantadoras. Repetiría sin duda. Si queréis ver más del Hotel, tengo un vídeo en TikTok con todos los detalles: @martacumpliido :)",5,Hotel Roca Negra del Arenal,alojamiento,booking
"Todo, no puedo decir absolutamente nada mal de este lugar. Literalmente es increíble tanto la atención del personal, como la propia dueña como las instalaciones, la limpieza... Osea todo!! Poco de lo que os cuente se podrá comparar con que lo vivas de verdad! Invito a todo el mundo que ni se lo piense y eliga este maravilloso alojamiento. Gracias a Roca negra por tratarnos de manera tan cercana y de calidad!! Este lugar el increíble",5,Hotel Roca Negra del Arenal,alojamiento,booking
"El complejo es encantador, repartiéndose las habitaciones en casitas desperdigadas por unos bonitos jardines. Piscina y jacuzzi muy apetecibles, además de zona de juegos (billar, futbolín) que vino muy bien. Había varios locales para comer/cenar a muy poca distancia caminando. Persona de atención en recepción encantadora. El desayuno era mejorable",5,Hotel Roca Negra del Arenal,alojamiento,booking
"El hotel muy bonito, bellos jardines, las áreas decoradas con gusto, el hotel es acogedor y muy familiar. No ofrece restaurante, solo desayuno. Solo algunas habitaciones tienen vista al volcán. Tiene piscina y jacuzzi pero no de aguas termales. Buena seguridad, atención al cliente y ubicación.",5,Hotel Roca Negra del Arenal,alojamiento,booking
"Todo, las habitaciones amplias y limpias. La cama King size!, la piscina el jacuzzi , el personal 10/10 Todo perfecto",5,Hotel Roca Negra del Arenal,alojamiento,booking
"La habitación era privada, cómoda, amplia y muy bien equipada El WiFi no llegaba a la habitación 16",5,Hotel Roca Negra del Arenal,alojamiento,booking
"Limpio, confortable, relación calidad-precio muy buena, habitación súper amplia con gran cama. La recepcionista nos ayudó con reservas y fue realmente amable en sus sugerencias y explicaciones del funcionamiento del alojamiento,",5,Hotel Roca Negra del Arenal,alojamiento,booking
"Habitaciones muy limpias y grandes, estuvimos 3 días , trato del personal muy agradable, todas las instalaciones muy cuidadas, piscina, sala de juegos...sin duda el mejor alojamiento que hemos tenido en nuestro viaje, cuidan el mínimo detalle , gracias por hacernos sentir como en casa.",5,Hotel Roca Negra del Arenal,alojamiento,booking
"Una verdadera joya en la fortuna.
Ubicación perfecta, a pocos minutos andando del centro, pero con la relajación de estar lejos del bullicio.
Está en una finca cuidada, con fauna y flora, zonas de relax, zonas ajardinadas con vistas al volcán , mucho más bonito aun que las fotos.
El personal es muy muy muy  amable, nos sentimos como en casa, Elisabeth en especial nos acogió con un trato excepcional.
Limpieza e higiene perfecto, suelos brillantes, sábanas limpias.
Una maravilla, gracias",5,Hotel Roca Negra del Arenal,alojamiento,booking
"Muy bien situado, no muy lejos de entrada al parque y cerca del pueblo para poder ir a restaurantes, etc. El personal muy atento y dispuesto a ayudar.",5,Hotel Roca Negra del Arenal,alojamiento,booking
"Absolutamente todo. Las instalaciones, la habitación, la limpieza, las camas, el cuarto de baño, las vistas al volcán... Todo en este hotel es maravilloso. Por decir algo, tan solo el tener que pagar el desayuno en efectivo, es un detalle que no encaja con el resto de este hotel.",5,Hotel Roca Negra del Arenal,alojamiento,booking
"Es un lugar hermoso a las faldas del Volcán Arenal, rodeado de áreas verdes, pajaritos y muy bien ubicado, nos movilizamos a pie hacia el centro. La atención del personal es increíble, la habitación muy amplia y limpia.  Ademas pudimos disfrutar de su sendero de birdwatching y sala de juegos :).
Sin dudas uno de los mejores alojamientos donde estuvimos en Costa Rica, acogedor y con un exquisito desayuno! Nada, todo fue perfecto",5,Hotel Roca Negra del Arenal,alojamiento,booking
"Destacaría la limpieza de la habitación y la comodidad, el baño está muy nuevo.
Lo lleva una familia y son muy amables, se ofrecieron a hacerlos la colada a un precio razonable. Se puede aparcar el coche dentro de la propiedad. 
También destacar el desayuno, que está muy bien.",5,Hotel Roca Negra del Arenal,alojamiento,booking
"Habitación amplia, incluido el baño, personal atento y amplia zona de juegos (piscina, ping pong, billar) Solo se puede pagar en cash/efectivo o PayPal",5,Hotel Roca Negra del Arenal,alojamiento,booking
Todo perfecto,5,Hotel Roca Negra del Arenal,alojamiento,booking
"La piscina, el espacio común, el confort de las habitaciones",5,Hotel Roca Negra del Arenal,alojamiento,booking
"La atencion excelente, el lugar muy lindo y con hermosa vista al volcán, cerca del centro y de restaurantes y balnearios. Lo recomiendo.",5,Hotel Roca Negra del Arenal,alojamiento,booking
"El lugar está en una ubicación privilegiada, cerca de todo. La tranquilidad de salir y entrar al hotel en cualquier momento y sin restricciones. Las zonas verdes son muy hermosas y ni hablar de los animalitos del lugar, todos bien guapos. La cama me pareció incómoda y no había muchos enchufes cerca de las camas",5,Hotel Roca Negra del Arenal,alojamiento,booking
"Las vistas al volcán, la zona de juegos, la habitación, los colibríes, todo al detalle",5,Hotel Roca Negra del Arenal,alojamiento,booking
"Bungalows cómodos, nuevos, amplios y con todo lo necesario.Amolio baño muy bien compartimentado. Porche muy agradable con vistas al volcán, aparcamiento al lado de tu bungalow. El wifi no funcionaba dentro del bungalow y en el porche tambien la señal era débil, es cierto que estábamos en el último bungalow.
Se oía sobre todo en la noche el ruido de la carretera débilmente.",5,Hotel Roca Negra del Arenal,alojamiento,booking
Ubicación y atención del personal Nada,5,Hotel Roca Negra del Arenal,alojamiento,booking
"La cama enorme y muy comoda. Aire acondicionado, tv plana, nevera, etc. No tienes servicios de comida ni cena.",5,Hotel Roca Negra del Arenal,alojamiento,booking
"Muy limpio y acogedor 
Estuvimos en una cabaña  para 4 y era muy amplia 
Las camas muy cómodas
Es muy bonito el entorno y el personal muy amable Todo correcto quizás q no incluye el desayuno y hay q pagarlo a parte",5,Hotel Roca Negra del Arenal,alojamiento,booking
La vista al volcan Olor a humedad en la habitacion,5,Hotel Roca Negra del Arenal,alojamiento,booking
"El personal de hotel nos trató muy bien, el hotel está súper cuidado, en un entorno maravilloso y con un estilo acorde a la zona. Impresionantes vistas del Volcán Arenal Aunque las habitaciones tienen aire acondicionado que funciona perfectamente. Un ventilador de techo vendría muy bien",5,Hotel Roca Negra del Arenal,alojamiento,booking
"Piscina muy linda con jacuzzi
Desayuno muy rico (pagando aparte)
Cafe y te de cortesia a la tarde
Quincho con vajilla de uso comun
Vista genial
Habitacion comoda con espacio afuera con silloncitos y hamaca Todo ok",5,Hotel Roca Negra del Arenal,alojamiento,booking
Vistas.intimidad.jacuzzi.dos camas Que hay que pagar todo en efectivo,5,Hotel Roca Negra del Arenal,alojamiento,booking
Jardines y ubicacion. Vista al volcan. Tener que irme,5,Hotel Roca Negra del Arenal,alojamiento,booking
"Vistas, instalaciones y atención personal El ruido de la nevera de la habitación",5,Hotel Roca Negra del Arenal,alojamiento,booking
Excelente ubicación Que no tuviera el servicio para almuerzos y cenas,5,Hotel Roca Negra del Arenal,alojamiento,booking
"El hotel es increíble.
Todo cuidado al minimo detalle y lleno de vegetación y animales.
El personal super atento, sobretodo Dunia que nos ayudo en todo momento.
Las vistas inigualables,super recomendable.",5,Hotel Roca Negra del Arenal,alojamiento,booking
"Tamaño muy grande de la habitación con la plaza de aparcamiento a la puerta. Múltiples colibríes por todos lados, personal muy simpático Los espejos del baño están colgados muy bajos, si eres alto tienes que agacharte para verte la cara. Echamos en falta bollería en el desayuno tipo croissant, magdalenas o bizcocho",5,Hotel Roca Negra del Arenal,alojamiento,booking
"la cabaña  q me quedé espectacular, con vista la volcan y la vegetación muy bien cuidada que no me quedé más días jajaja",5,Hotel Roca Negra del Arenal,alojamiento,booking
Lugar y ubicación Q no vendan comidas,5,Hotel Roca Negra del Arenal,alojamiento,booking
"Buenas habitaciones e instalaciones en general. 
Excelente atención de su personal Ruido de carretera en sector de piscina y comedor",5,Hotel Roca Negra del Arenal,alojamiento,booking
"El lugar muy lindo, tranquilo, limpio con mucha naturaleza al rededor. Está muy cerca del centro de la la fortuna por lo que puedes ir a disfrutar del montón de ofertas gastronómicas que ofrece el lugar. El personal es muy amable y servicial.",5,Hotel Roca Negra del Arenal,alojamiento,booking
Divino,5,Hotel Roca Negra del Arenal,alojamiento,booking
"Me encantó la atención del personal, la habitación grande , el baño tenía shampoo y jabon líquidos de buena calidad. La cama super cómoda. Las sillas mesedoras y hamaca de lujo, la privacidad de las habitaciones ya que están separadas y que cuentan con su propio parqueo. Realmente no hubo nada que hiciera quedar mal este alojamiento. Ah y la vista de la habitación qué me tocó hacia en volcan estuvo 10000 /10 Quizá sería bueno que en cada habitación haya estación de café /tes ya que estaba lejos de la zona de te que ofrecen para los huéspedes 🙏 por decir algo.",5,Hotel Roca Negra del Arenal,alojamiento,booking
"Las cabañas son muy comodas, tranquilas y muy espaciosas. La atención de los empleados y forma de ayudar fue satisfactorio. La limpieza estuvo muy bien. Las chicas de la cocina (desayuno)muy atentas hasta me cantaron el día de mi cumpleaños. No aceptan tarjeta de crédito. Solo efectivo o PayPal.",5,Hotel Roca Negra del Arenal,alojamiento,booking
Todas las instalaciones en perfecto estado y la combinación de la naturaleza y las habitaciones ya que lo hacen muy privado e ideal para el descanso Realmente todo del hotel me gusto,5,Hotel Roca Negra del Arenal,alojamiento,booking
"Es un sitio precioso con una atención de 10. Nos hicieron sentir como en casa y nos proporcionaron todo lo que necesitábamos. Al llegar por la noche nos tenían preparado hasta el jacuzzi, vamos trato de 10. El desayuno también espectacular. Por ponerle un pero, nos hubiera gustado que tuvieran servicio de cenas para poder disfrutar más de las instalaciones sin tener que salir.",5,Hotel Roca Negra del Arenal,alojamiento,booking
todo en general Que haya que pagar en efectivo cuando en todos sitios admiten ya tarjeta,5,Hotel Roca Negra del Arenal,alojamiento,booking
"Excelente lugar, bien cuidado y atendido. La conexión de wifi",5,Hotel Roca Negra del Arenal,alojamiento,booking
"Habitación. 
Exteriores muy cuidados.",5,Hotel Roca Negra del Arenal,alojamiento,booking
"Excepcional, excelente atención. Eugenia siempre dispuesta a responder las inquietudes. Las instalaciones son muy confortables y el entorno más bello que las publicadas.",5,Hotel Roca Negra del Arenal,alojamiento,booking
Su ubicación y la atención del personal Nada,5,Hotel Roca Negra del Arenal,alojamiento,booking
"Me gustó el jacuzzi y las vistas al volcan desde jardin Me gustaría más arreglado, un poco dejado en general",5,Hotel Roca Negra del Arenal,alojamiento,booking
"La habitación muy bonita, limpia y cómoda.  El entorno maravilloso, pero sobre todo destacar la amabilidad de las chicas de la recepción. Nos ayudaron en todo, a contratar transporte para el día siguiente, con las entradas de las termas, en fin lo que pidiéramos. Todo perfecto",5,Hotel Roca Negra del Arenal,alojamiento,booking
"Realmente bonito, limpio y 💚 verde
La atención muy buena y cálida
Si volvería El desayuno",5,Hotel Roca Negra del Arenal,alojamiento,booking
Instalaciones,5,Hotel Roca Negra del Arenal,alojamiento,booking
"El complejo es precioso, rebosante de vegetación y con unas vistas al volcán Arenal increíbles. La piscina y el jacuzzi son una maravilla! 
Los bungalows son muy agradables, de buen tamaño y en el baño resulta bastante práctico que el inodoro esté separado.",5,Hotel Roca Negra del Arenal,alojamiento,booking
"Todo. Es un lugar maravilloso. Jardín muy cuidado con muchas flores y colibrís. La cabaña está bien equipada y cuidada. Las camas son cómodas. Ducha caliente con buena presión. Hay conexión wifi en todo el reciento. Y terminar el día con un baño en el jacuzzi calentito, es una gran experiencia. Volveríamos sin dudarlo.
Sin tener que coger coche hay acceso a algunos restaurantes y tiendas.
También destacar la gran atención recibida por parte de Elisa y todo el equipo. Desayuno fantástico y recién hecho. Quizás que no tiene restaurante para cenar. Y le añadiríamos una cortina o mampara a la ducha. Aún así, la experiencia fue de 10.",5,Hotel Roca Negra del Arenal,alojamiento,booking
Los juegos que tenia junto a la piscina WiFi...,5,Hotel Roca Negra del Arenal,alojamiento,booking
"La verdad quede encantado con el Hotel.
El personal muy amable y ni hablar de las instalaciones que esta rodeado de naturaleza. Deberían tener servicio de comida de almuerzo y cena",5,Hotel Roca Negra del Arenal,alojamiento,booking
"El buen rollo y la tranquilidad que se percibía en ese hotel. Está situado a mitad camino en la carretera y es cómodo sino para desplazarse incluso andando porque tiene restaurantes buenos alrededor. A un camino corto del volcán y las termas. La recepción fue súper divertida. Llegamos cansados y la persona que nos atendio, nos recibió con muchísima alegría y se notaba su intención de ahcermls sentir cómodos. Hasta nos bailó cantando una canción! Las habitaciones no son del todo modernas. Muy tradicionales pero espaciosas.",5,Hotel Roca Negra del Arenal,alojamiento,booking
"Excelente instalaciones, habitación amplia, camas muy cómodas el baño es excepcional cómodo amplio y moderno. Los jardines muy bien cuidados, suficientes implementos de aseo toalla y jabón. Piscina y área de juegos muy bien y el premio el jacuzzi.",5,Hotel Roca Negra del Arenal,alojamiento,booking
"Es un hotel precioso, tiene vista directa al Volcán Arenal, sus habitaciones tienen estilo como de cabaña con una entrada que ofrece cierto sentido de privacidad. Tiene mucha área verde, con plantas hermosas, un jardín muy cuidado y que permite el avistamiento de especies animales propias del país. Las habitaciones son muy bonitas, el baños también, se encuentra todo muy limpio y su personal es de lo más agradable, resuelven dudas, son muy amigables. Cuenta con área de té, en donde los huéspedes pueden sentarse jugar juegos me mesa o platicar mientras toman café o té, cortesía del hotel. Cuenta con alberca y tina de hidromasaje, también con un área para descansar y jugar. No le cambiaría nada, es perfecto :)",5,Hotel Roca Negra del Arenal,alojamiento,booking
"Nos ha gustado todo, las instalaciones impresionantes, las vistas aunque no tuvimos suerte por estar el volcán cubierto son espectaculares, la habitación preciosa y espaciosa. La posibilidad de pagar con tarjeta y que no se informa ni por parte del alojamiento ni Booking que la moneda para pagar tiene que ser o Colones o Dolares, no se aceptan Euros",5,Hotel Roca Negra del Arenal,alojamiento,booking
Maravilloso jardín repleto de colibrís y aves de colores. Buena atención por parte de Eugenia y Elisabeth. Fueron muy amables y nos facilitaron mucho la estancia. Muy recomendable,5,Hotel Roca Negra del Arenal,alojamiento,booking
"Una localización espectacular, con unas vistas al volcán inmejorable. Habitaciones tipo casitas individuales con terraza individual. No habia opción de desayuno porque estaban de vaciones. Como al alternativa cafe ( sin leche) y té para autoservicio.",5,Hotel Roca Negra del Arenal,alojamiento,booking
"Cómoda habitación con aire acondicionado, muy lindo Se notaba un poco forzado la disponibilidad de la señorita de recepción",5,Hotel Roca Negra del Arenal,alojamiento,booking
El mejor alojamiento en el que me he quedado en Costa Rica. El wifi de la piscina no funcionaba muy bien.,5,Hotel Roca Negra del Arenal,alojamiento,booking
"Los alrededores de la casita de madera que nos dieron. La privacidad y las vistas al volcán . Habitación amplia y bonita con porche privado.
La atención de María Eugenia un 10, nos hizo sentir cómodos y como en casa. Que no se pueda pagar con tarjeta y sólo sea en efectivo. Lo bueno es q nos facilito como resolverlo.",5,Hotel Roca Negra del Arenal,alojamiento,booking
La amabilidad del personal y lo bien cuidado que tenían todo. Nada. Todo estaba perfecto,5,Hotel Roca Negra del Arenal,alojamiento,booking
"Las habitaciones eran grandes, cómodas, limpias y con unas vistas estupendas. El resto de instalaciones también fueron buenas sobre todo la piscina y el jacuzzi. Pero lo que cabe destacar es la atención de Eugenia que hizo que la estancia mejorara más si cabe.",5,Hotel Roca Negra del Arenal,alojamiento,booking
"La atención por parte de Doña Eugenia fue excelente. Las instalaciones estan muy bonitas. La calidad relación precio es muy buena y el lugar está muy cerca del centro y de otras termales.
A pesar que el lugar no cuenta con termales, tiene una piscina muy bonita y un área de juegos Super linda con mesa billar y con ping pong. La habitación era muy grande, estaba limpia y el baño estaba muy bonito y ampio. Nada. Todo excelente.",5,Hotel Roca Negra del Arenal,alojamiento,booking
"La ubicación del alojamiento es estupenda, muy cerca de todos los servicios del pueblo y con vistas al volcán. El hotel es simplemente inmejorable, increíbles instalaciones y habitaciones muy amplias, limpias y cómodas. El servicio del personal es muy cercano y amable, estuvimos conversando y nos contaban curiosidades sobre el país y la zona. Nos ofrecieron el baño en el jacuzzi para relajarnos y fue alucinante.",5,Hotel Roca Negra del Arenal,alojamiento,booking
"Un lugar acogedor, tranquilo y excelente para descansar",5,Hotel Roca Negra del Arenal,alojamiento,booking
"Nos gusto todo. Nos ofrecieron otro alojamiento de categoría superior porque en el nuestro quizá notaríamos demasiado ruido de las casas cercanas.
El personal muy amable. 
Para tardes lluviosas viene muy bien el espacio conjunto con billar, Ping pong, etc.",5,Hotel Roca Negra del Arenal,alojamiento,booking
"Me encantó el hotel, supero mis expectativas. La habitación muy cómoda y linda y el establecimiento en general, hermoso. El personal de 10, particularmente Eugenia que me ayudó en todo lo que necesité",5,Hotel Roca Negra del Arenal,alojamiento,booking
"Muy buen servicio y buena ubicación Hay pocas facilidades en las instalaciones,  sin embargo la relación  con respecto al precio  está  bastante  bien.  Recomendación, cambiar el proveedores de televisión ya que la oferta de canales es muy limitada.",5,Hotel Roca Negra del Arenal,alojamiento,booking
Las instalaciones y la limpieza,5,Hotel Roca Negra del Arenal,alojamiento,booking
El lugar tiene muchos espacios comunes y zonas verdes hermosas 😍 Todo estuvo perfecto,5,Hotel Roca Negra del Arenal,alojamiento,booking
El jardín es hermoso.,5,Hotel Roca Negra del Arenal,alojamiento,booking
"Está cerca a todo, desde la habitación se puede ver el volcán y todo está rodeado de naturaleza y animales hermoso. Un lugar donde me encantaría volver con mis padres. Gracias Eugenia por hacer nuestra estancia Tan especial!",5,Hotel Roca Negra del Arenal,alojamiento,booking
"La ubicación muy buena, cerca del Parque Nacional, en lugar tranquilo para poder descansar pero con muchos restaurantes cerca. 
La habitación espectacular, muy grande, nueva, con vistas increíbles al volcan Arenal. Además el WiFi funcionaba muy bien en todo el hotel.  
Las zonas comunes muy buenas. 
La persona de recepción encantadora y muy simpática, nos atendió genial. Nada! Fue todo genial.",5,Hotel Roca Negra del Arenal,alojamiento,booking
"Nos gustó todo y especialmente el trato excepcional  de Elisabeth, estaba en cada momento y nos hizo muy buenas recomendaciones. Nada",5,Hotel Roca Negra del Arenal,alojamiento,booking
"Es perfecto, la intimidad de cada apartamento, la limpieza, cama increíble, la piscina, rodeados de naturaleza. El trato es super amable en todo momento. Y buena relación calidad precio. Super recomendable.",5,Hotel Roca Negra del Arenal,alojamiento,booking
"La piscina , la ubicación o lo bien que estaba cuidado el recinto. Nada",5,Hotel Roca Negra del Arenal,alojamiento,booking
"- El trato de Elizabeth fue estupendo. Nos recomendó muchas cosas con muy buen criterio, y ha dado un plus a nuestra estancia

-sala de juegos piscina y jacuzzi

- la cama y almohadas 

- la ducha

- el porche privado",5,Hotel Roca Negra del Arenal,alojamiento,booking
"Ernesto el propietario, fue sumamente amable y nos atendio fenomenal.",5,Hotel Roca Negra del Arenal,alojamiento,booking
Nos encantó el lugar y las instalaciones. Con una ubicación perfecta y el personal muy amable. La nevera no estaba operativa.,5,Hotel Roca Negra del Arenal,alojamiento,booking
"Las habitaciones son bonitas, grandes y limpias. Tiene una ubicación muy buena y la piscina es agradable. Le falta un bar para poder tomar algún cocktail o refresco. Todo hay que pagarlo en cash lo que obliga a llevar mucho efectivo encima.",5,Hotel Roca Negra del Arenal,alojamiento,booking
Habitaciones muy limpias y camas muy cómodas,5,Hotel Roca Negra del Arenal,alojamiento,booking
"La habitacion estaba bien, la cama era enorme!! y super comoda, la nevera funcionaba perfectamente y el baño genial tambien. Con una terracita en la entrada, perfecta con vistar al volcan!! el lugar perfecto. El precio, un poco caro, para que no entrara desayuno, y la habitacion en si, es muy pequeña, no habia casi hueco para poner las maletas. Otro punto negativo que hay que tener en cuenta, es que hay que pagar en efectivo al llegar alli, en colones o dolares...y el cambio a colones no es muy bueno. (lo especifican)",5,Hotel Roca Negra del Arenal,alojamiento,booking
El hotel tiene excelente ubicación. Falta de comunicación en lo que me indicaba booking y lo que me indicaron en el hotel. Seguí las instrucciones de booking y el personal me indicó que lo enviado por booking no era correcto. Personal no cumplió las expectativas de atención esperado. Un cuarto se mojaba se le indicó y no hicieron nada al respecto.,3,Hotel Roca Negra del Arenal,alojamiento,booking
El precio de booking no fue el que me pidieron abonar al llegar.,1,Hotel Roca Negra del Arenal,alojamiento,booking
"La ubicación es muy estratégica El aire acondicionado de la habitación no enfriaba bien, y la recepcionista era muy tediosa",3,Hotel Roca Negra del Arenal,alojamiento,booking
No había tv,4,Hotel Roca Negra del Arenal,alojamiento,booking
"El lugar con aves de diferentes especies, la pileta aunque la usamos poco. no tiene desayuno incluido y debe ser pago en efectivo como tambien la estadia, una noche nos invadieron gran cantidad de hormigas en la cama donde tuvimos que bañarnos y lavar la ropa, no nos cambiaron de habitacion para darnos tranquilidad.",3,Hotel Roca Negra del Arenal,alojamiento,booking
La ubicación sin duda es excelente.,4,Hotel Roca Negra del Arenal,alojamiento,booking
El paisaje solamente La linpiesa alberca niel desayuno,3,Hotel Roca Negra del Arenal,alojamiento,booking
La piscina del hotel estaba muy bien y el hotel quedaba relativamente cerca del centro del pueblo. El lavabo era pequeño y con poca luz.,4,Hotel Roca Negra del Arenal,alojamiento,booking
"Lots to keep the kids entertained, with the swimming pool and jacuzzi area, pool table and table tennis. Had a lovely stay, thanks team Nothing",5,Hotel Roca Negra del Arenal,alojamiento,booking
"A real gem! We stayed in a large king size room with a wonderful porch, complete with rocking chairs and a hammock, overlooking the beautiful gardens. The pool area was perfect at the end of the day and our teenagers loved the games area. A really wonderful experience. Nothing!",5,Hotel Roca Negra del Arenal,alojamiento,booking
"Breakfast was great, really good.  Reception staff friendly and welcoming.  Very good value for money.",5,Hotel Roca Negra del Arenal,alojamiento,booking
"Free coffee, privacy of room, ac and bathroom The turf was kinda gross",5,Hotel Roca Negra del Arenal,alojamiento,booking
"Clean room, great view of the volcano from the room. Overall the breakfast was good but could be better.",5,Hotel Roca Negra del Arenal,alojamiento,booking
"The view of Arenal Volcano from our room was amazing. We loved watching the hummingbirds in the garden, and the entire property was beautifully maintained and thoughtfully organized to make our stay comfortable. We enjoyed the ping-pong table, pool table, and the complimentary coffee and tea in the common area. The staff were exceptionally friendly, and our daughter especially loved visiting the mini farm on the hotel grounds. The hotel is also conveniently located near many attractions, restaurants, and tour departure points. The jacuzzi wasn't quite warm enough for my taste, although my 9-year-old daughter actually preferred the temperature. The resident peacocks could be a bit noisy from time to time.",5,Hotel Roca Negra del Arenal,alojamiento,booking
This is a great spot just outside the main strip in La Fortuna. We loved the lush gardens and the walking paths on the hotel grounds. You can tell a lot of thought went into designing this place. The staff was exceptionally helpful. We also loved the various animals that live on the property. The pool was great for an afternoon swim. You can book excursions through the front desk. Great view of the volcano on a clear day. The property is very secure. We loved sitting on the porch of our cabana and watching the afternoon rain. Easy walk to everything in La Fortuna. The breakfast severed at the hotel is great and Red Frog Coffee just down the street is another great breakfast option.,5,Hotel Roca Negra del Arenal,alojamiento,booking
Great location. Great staff and customer service!,5,Hotel Roca Negra del Arenal,alojamiento,booking
"Everything . the receptionist the best . she guided us through our stay .  Location super convenient to all the best parks and attractions . next to this property best place for souvenirs ""highly recommended it .. I forget to mention breakfast delicious and fresh and super clean every where you go inside to the property . i love MAFALDA by the pool its adorable . Definitely we will back with family i like everything about it , i can suggest to offer some snacks (Sandwich, empanadas ) if you are coming late at night. it will be tactfully",5,Hotel Roca Negra del Arenal,alojamiento,booking
"This beautiful boutique hotel is a living paradise..   The gardens are magnificent.   Lucha, dense, well thought out, well maintained.  The room is spacious (cabin) very clean.",5,Hotel Roca Negra del Arenal,alojamiento,booking
Super kind staff and very nice cottages! You can see the volcano from the garden Everything was great,5,Hotel Roca Negra del Arenal,alojamiento,booking
"The breakfast was delicious, rooms were very cleanly and the added porch space was nice to get out of the room and surrounded by nature. My favorite part was the walking path toward back of the property. Water pressure in the shower a bit less than expected, but not a deal breaker or anything at all.",5,Hotel Roca Negra del Arenal,alojamiento,booking
"Beautiful gardens, amazing rooms The breakfast is provided by a separate team and they are not the friendliest couple, and portions were a bit small",5,Hotel Roca Negra del Arenal,alojamiento,booking
"The whole hotel is a week kept garden, Volcano views, lots of birds and nature. Also has a little pool, jacuzzi, and there is a place for children with ping-pong, board soccer, and tables around to enjoy coffee and tea surrounded by nature Nothing, I liked all !",5,Hotel Roca Negra del Arenal,alojamiento,booking
"Generous spaces, beautiful gardens and friendly staff",5,Hotel Roca Negra del Arenal,alojamiento,booking
Everything!! The mattress felt too soft for my liking.,5,Hotel Roca Negra del Arenal,alojamiento,booking
"great staff, great overall location and facilities. great parking. the base of the doors had a gap that could let in bugs, used a towel to block it which worked great. super minor detail.",5,Hotel Roca Negra del Arenal,alojamiento,booking
"Fabulous staff very very friendly! The pool was lovely and soothing after a day of adventure and right next to it was an area for playing games. The breakfast was delicious, good price and the ladies in the kitchen were very kind. It was amazing for bird watching and seeing animals. Nothing!",5,Hotel Roca Negra del Arenal,alojamiento,booking
"Clean, friendly, beautiful grounds, great staff! Delicious Breakfast and free tea and coffee!",5,Hotel Roca Negra del Arenal,alojamiento,booking
"Everything was good - lovely green place. Amazing nature around the hostel. Jacuzzi is nice, breakfast was good. Everything was good",5,Hotel Roca Negra del Arenal,alojamiento,booking
Beautiful grounds and great location. Nice pool!,5,Hotel Roca Negra del Arenal,alojamiento,booking
Staff were friendly and helpful. The grounds are beautiful and well kept. The rooms are nice and have air conditioning. They come with cute hammocks outside too,5,Hotel Roca Negra del Arenal,alojamiento,booking
Rooms were well cleaned.  Property was gorgeous!  Pool and hot tub lovely.  $8 breakfast was amazing and tasty.,5,Hotel Roca Negra del Arenal,alojamiento,booking
"Nature all over. The upgraded the property so it was easier to walk around, less gravel. But this was my second stay. Second time was better",5,Hotel Roca Negra del Arenal,alojamiento,booking
"Lovely pool, communal games area, kitchen, and gardens. Staff were very generous. A bit outside La Fortuna (which was good) with a nice soda opposite. Rooms included a private patio with rocking chairs and a hammock. Rooms are a little dark and dated. Not very soundproof and the road is a little noisy. However we would recommend a stay here!",5,Hotel Roca Negra del Arenal,alojamiento,booking
Noisy A/C unit that only worked in high (noisy) fan speed,5,Hotel Roca Negra del Arenal,alojamiento,booking
Everything was great.  We thoroughly enjoyed our stay,5,Hotel Roca Negra del Arenal,alojamiento,booking
They had a nice pool with jacuzzi and also a ping pong table!,5,Hotel Roca Negra del Arenal,alojamiento,booking
"We enjoyed the beautiful plants, comfortable king bed, great A/C, potable water, big bathroom, nice pool and jacuzzi,  and the cute front porch area. And the animals on the property are fun! The location is also nice, not too far from town but with some nearby options. The walls are a little thin, but there are standalone cabin options I believe. Ours was #7 on the side, so we only had noise from one side. Nbd tho!",5,Hotel Roca Negra del Arenal,alojamiento,booking
"Only one night here but a lovely property. Communal spaces are great and encourage travellers to chat - hostel vibe but for grown ups! Stunning view of the volcano from our room. Very convenient for local tours to coffee and cacao (North Fields) and hot springs (Eco Termales). Entertaining wildlife on site e.g. hummingbirds. Breakfast was basic but welcome.
Cash payment on arrival for room means having to be prepared for this!",5,Hotel Roca Negra del Arenal,alojamiento,booking
"Stunning, not glamorous but very pretty, lots to see, very nice pool and amazing staff It was perfect for the price and great value. Nothing to complain about, we'll stay again",5,Hotel Roca Negra del Arenal,alojamiento,booking
"Private, super comfortable rooms. Wonderful grounds and location. Host was friendly and breakfast/coffee was  convenient and delicious. Nothing!",5,Hotel Roca Negra del Arenal,alojamiento,booking
It’s close to both the volcano and downtown. Rooms are very spacious and have everything we need. Coffee corner + pool for our 5 year old covered our basic needs There was dog poop scattered around and we dog it in our shoes twice.,5,Hotel Roca Negra del Arenal,alojamiento,booking
This place was so so pretty! The grounds are well kept and the pool was lovely. So many birds due to all of the bushes and trees on the property! It was a wonderful stay and I would highly recommend! Coffee to go!,5,Hotel Roca Negra del Arenal,alojamiento,booking
"Very goodocation just 400m from a massive souvenir shop and pizza restaurant, and 2 km from the Baldi hot Springs. Although next to the main road, very quiet inside the room. Enchanting garden, and the view to the volcano, superb (if the clouds are playing game!). The price for which we booked the rood was challenged by the reception staff, who added 13% as tax which seemingly is not disclosed by booking.com. Rather difficult to believe.",5,Hotel Roca Negra del Arenal,alojamiento,booking
Site is beautiful and bed was very comfortable Staff were not all that friendly upon checking in. We had a small blanket and could have used a larger one.,5,Hotel Roca Negra del Arenal,alojamiento,booking
Staff is very friendly.  Very clean room. Great pool. There are some noises from the cars from the road.  I cannot think of anything else,5,Hotel Roca Negra del Arenal,alojamiento,booking
"Elizabeth greeted us and was fun, informative,
and always available when we had questions. The property is beautiful, secluded, yet convenient to major attractions.",5,Hotel Roca Negra del Arenal,alojamiento,booking
Lovely place with volcano view. Great to relax. Good brekkie.,5,Hotel Roca Negra del Arenal,alojamiento,booking
The property offered amazing views of the volcano.  It was close to shops and restaurants.  The rooms were clean.  Elizabeth at the front desk was amazing and so helpful.  We will definitely be back!,5,Hotel Roca Negra del Arenal,alojamiento,booking
It was good,5,Hotel Roca Negra del Arenal,alojamiento,booking
Does not accept credit card,5,Hotel Roca Negra del Arenal,alojamiento,booking
"Hotel Roca Negra was a great place to stay! Beautiful gardens, great birds watching all day long! Jacuzzi, pool game area just wonderful. Very helpful and friendly staff. We had amazing stay. Nothing",5,Hotel Roca Negra del Arenal,alojamiento,booking
Loved the grounds.  So much beautiful flora and lots of beautiful birds.  I got some excellent photos.  The girls are the front desk were great.  It’s also a short drive into town. No complaints.  It would’ve been nice to have a coffee machine in our unit.,5,Hotel Roca Negra del Arenal,alojamiento,booking
"Celebrated my 40th here. It’s a great mid range hotel. Pics do not do it justice. Beautiful, well maintained property, lush gardens and animals running around. Great bird watching early am and evening. Pool, jacuzzi, game area. Loved the porch seating/hammock in front of every room. Beds very comfy, friendly staff, we had an amazing stay.",5,Hotel Roca Negra del Arenal,alojamiento,booking
"This was a well-located property close to the center but situated in a quiet garden and with security gates for safety. The gardens and farm birds (chooks, turkeys, peacocks) made it feel very relaxing. The pool was great, and I loved having views of the volcano from our front door! We had parking at our door too, which was handy! The room was clean and comfortable with a fridge but no tea-coffee making facilities in the room - that is available in a shared area. We needed to leave early in the morning and the gate wouldn't let us out! Not sure if the code was wrong or what? In the end one of our party had to jump the gate and enter the code from the other side",5,Hotel Roca Negra del Arenal,alojamiento,booking
"Gardens were gorgeous, birding was amazing, staff friendly, room spacious and comfortable with genius bathroom 
layout , excellent A/C hot tub wasn't warm",5,Hotel Roca Negra del Arenal,alojamiento,booking
"This was an excellent little hotel!  It exceeded all our expectations- the rooms are huge, comfortable, super clean and the bathroom was also really big and clean.  Beds are super comfy.  Absolutely loved the front patio with the rocking chairs with views of the volcano!  The swimming pool area is beautiful!",5,Hotel Roca Negra del Arenal,alojamiento,booking
Beautiful apartments a bit outside of the city center. They should include the breakfast in the stay.,5,Hotel Roca Negra del Arenal,alojamiento,booking
"Beautiful furnished resort. Lots of plants which makes it feel natural. Nice pool and some entertainment, pool table , table tennis and more. Breakfast facility was very good. Very friendly and helpful staff. Apartments close to each other however due to layout and decoration still feels private.",5,Hotel Roca Negra del Arenal,alojamiento,booking
"Beautiful grounds, great location and amazing breakfast. Nothing",5,Hotel Roca Negra del Arenal,alojamiento,booking
"- Perfect Location for La Fortuna area
- very friendly staff Breakfast can be Improvisation",5,Hotel Roca Negra del Arenal,alojamiento,booking
"- Last Bungalow no 16 is the perfect Location. 
- nice friendly staff - breakfast can be Improvisation",5,Hotel Roca Negra del Arenal,alojamiento,booking
"The rooms are comfortable and clean, surrounded by nature and animals, and the service is generally good. The only issue we had was with breakfast, which was served very slowly even though the restaurant wasn't crowded, and some parts of the breakfast (the bread, for example) were served long after the rest.",5,Hotel Roca Negra del Arenal,alojamiento,booking
"Beautiful grounds, friendly staff, nice pool",5,Hotel Roca Negra del Arenal,alojamiento,booking
"The property is beautiful — lushly packed with plants and wildlife — and the host and staff are so friendly and sweet. A truly peaceful and special getaway. Each unit feels just secluded enough from all the others. The onsite breakfast is delicious. You pay for your stay in cash (either colones or USD) at the start or end of your time there. Close to EVERYTHING. The property's gate access code had recently changed and so what we received in our confirmation email was incorrect. We arrived in the dark and could not get in after a long day of travel. Thankfully, another guest pulled up behind us and let us in as we were pulling up the property's phone number to call. I have no doubt they would have resolved the matter immediately. But just to be sure, would consider confirming your gate code via a call or email ahead of time.",5,Hotel Roca Negra del Arenal,alojamiento,booking
Probably the best views of the volcano if you are lucky enough to be there with sunny weather and an amazing garden. Don’t expect luxury or modern equipment but it’s a nice Costa Rica style hotel and each room has its own small terrace/garden with a hammock. Breakfast was basic quality wise but fair for the price…,5,Hotel Roca Negra del Arenal,alojamiento,booking
"The hotel is close enough to town yet feels quiet and private. The self service area for coffee and tea is great and everyone was helpful and friendly (thanks Elizabeth!).

We made the right choice by staying here and would stay there again without a doubt.",5,Hotel Roca Negra del Arenal,alojamiento,booking
"The rooms were spacious and clean. The property had great places to lounge, including a coffee area and a place by the pool. The kids loved the games area. The staff were always helpful.",5,Hotel Roca Negra del Arenal,alojamiento,booking
Beautiful property with great facilities and very friendly and helpful staff. Our villa was perfect and very clean. Enjoyed the nature trails and animals on the property. Especially the view of the volcano from our patio. We enjoyed our tea and morning walks. The pool and jacuzzi were very nice. There’s nothing we didn’t love about this property. We’d definitely stay again!,5,Hotel Roca Negra del Arenal,alojamiento,booking
The rooms were super clean and very large.  The view of the volcano from the front patio was stunning.  So enjoyed sitting in the rocking chairs and looking at that view and hearing the birds in the morning. Pool area was lovely too! Duna at front desk was so very helpful- she was the best ever!,5,Hotel Roca Negra del Arenal,alojamiento,booking
"It’s like stepping into a jungle paradise. I came to see birds. The layout of cottages are woven through pathways of jungle foliage that is beautiful and maintained. Each cottage has the feel of privacy the way they are staggered. I came in 2 days before my adult children to rest up a bit. Neither my husband nor I wanted to leave the property. From my porch we enjoyed seeing a large variety of birds. Our registration person walked us to our cottage and showed us a path through the property we could walk. We loved the path. Beautiful plants, cicada is calling and more birds! 
This is the nicest surprise place to stay I’ve ever chosen in my many years of travel. The breakfast is delicious. The price is 1/2 to 1/3 of what I would pay anywhere else. Great coffee and the presentation on the plate is just adorable. I highly recommend. I also think I’m coming back because of this place. We also had a beautiful view of the volcano right from our cottage.",5,Hotel Roca Negra del Arenal,alojamiento,booking
Beautiful garden and volcano views. Lovely porch,5,Hotel Roca Negra del Arenal,alojamiento,booking
"Gorgeous property with well maintained private villas.  Shared areas include a pool/hot tub, a games area and an outdoor kitchen with complimentary tea/coffee.  

Our villa had a covered outdoor area with comfortable furniture and a hammock. Inside was spacious, clean and comfortable.  

The gardens were the highlight of this property. Hummingbirds, butterflies and small wildlife throughout.  Bonus points for the chickens, geese and turkeys! 

Easy walking distance to amenities and close to major attractions.",5,Hotel Roca Negra del Arenal,alojamiento,booking
"I loved the front desk staff, she was so funny and great with my kids. Loved the little common coffee area and the grounds. Pool and games area was really fun for the kids. Location was excellent. I loved everything! Loved it all.",5,Hotel Roca Negra del Arenal,alojamiento,booking
"Overall a great place to stay, easy to find and well located to travel around la Fortuna, room was spacious, clean and matched the description. The gardens are lovely and the outdoor seating area outside our room area offered a superb view on the volcano. It was nice to sit outside and watch the birds, we weren't lucky enough to see a toucan there but saw plenty of hummingbirds. The swimming pool was nice and in good condition albeit a bit cold, we didn't use the recreation area but it seemed nice as well. A few days into our stay I realized that the hammock outside our room was barely hanging on the wall by one screw, I notified reception and asked if it could be fixed as our children loved it but unfortunately nothing was done.

The breakfast : it is more than average, overpriced and mainly it took a full hour to get served ...",5,Hotel Roca Negra del Arenal,alojamiento,booking
This property has amazing vegetation and wildlife.  Breakfast was wonderful!Pool and spa and game room also very nice.   We especially like the hammocks in front of every room.  Perfect way to end the day.  Pura   Vida!!,5,Hotel Roca Negra del Arenal,alojamiento,booking
"Beautiful gardens, rooms were comfortable. The staff were extremely helpful and friendly. Nothing",5,Hotel Roca Negra del Arenal,alojamiento,booking
"The hotel is very bice. Excellent  location. Very nice staff. Beautiful vegetation. Ecellent services for guests The fact that they take only cash, is a burden.",5,Hotel Roca Negra del Arenal,alojamiento,booking
Room was very nice.  Grounds beautiful.  Staff very friendly and helpful.  Breakfast was reasonable and very tasty.  Very much enjoyed our stay.,5,Hotel Roca Negra del Arenal,alojamiento,booking
"Breakfast (paid separately) was really good, we liked the coffee area, pool, views. 
It’s a bit outside of the main town, but it was actually good for us as it was calmer and there was a cheap great restaurant just nearby It was a bit cold",5,Hotel Roca Negra del Arenal,alojamiento,booking
"We enjoyed our stay, the room was comfy and quiet, the breakfast was great, a good way to start the day. The grounds of hotel were well maintained, inviting to walk about and observe the wildlife and birds. The staff was friendly and accommodating, helping us to arrange tours of the surrounding sites.",5,Hotel Roca Negra del Arenal,alojamiento,booking
"The little cabins where very nice and large with a giant bathroom and big shower.  There property is gorgeous with so many plants and flowers.  A small walking trail at the back of the property that is a must to see some creatures. We hiked it at night a couple times and saw frogs, armadillo, spiders, birds, leaf cutter ants.   I live the peacocks ducks, chickens and geese that wander the property.  And a friendly cat named Sophia.",5,Hotel Roca Negra del Arenal,alojamiento,booking
"hot tub, privacy, landscaping, good WiFi, location, breakfast breakfast staff was not particularly friendly, but everyone else was. I prefer a door on the shower so the floor doesn't get wet and it's warmer.",5,Hotel Roca Negra del Arenal,alojamiento,booking
"Close to town, great rate, loved the breakfast We were cold but the weather was colder than they normally get so all good",5,Hotel Roca Negra del Arenal,alojamiento,booking
"It was a nice quaint family business, Lots of wildlife and animals, great for kids. Close to town. Pancakes were great, but other breakfasts could use a little more for the cost.",5,Hotel Roca Negra del Arenal,alojamiento,booking
The staff is very helpful but my suggestion to them is they should be very clear that they only take USD and Colons. We made the mistake to bring Canadian. Getting money exchanged is difficult and time wasting. The only other thing was the very soft bed. Otherwise this is a fantastic place to stay.,5,Hotel Roca Negra del Arenal,alojamiento,booking
"Everything! Gardens were amazing! Super clean! Breakfast was delicious! Five star staff, provided five star services! Nothing that we didn’t like.",5,Hotel Roca Negra del Arenal,alojamiento,booking
"Nice Garden, very calm and beautiful area!!",5,Hotel Roca Negra del Arenal,alojamiento,booking
"Location is great, very close/convenient to town but far enough to miss the noise. Excellent staff. Fantastic rooms (private standalone bungalows), peaceful / beautiful grounds. Comfy beds. Towels need replacing - extremely rough. If you want coffee, you need to leave your room and walk to the designated covered area outside. Coffee machine inside each bungalow would be nice upgrade.

Oh and they only accept cash. This is a big miss.",5,Hotel Roca Negra del Arenal,alojamiento,booking
"Excellent breakfast, very well maintained gardens, nice pool area and game room Our room had a minimal supply of hot water so showers had to be VERY fast",5,Hotel Roca Negra del Arenal,alojamiento,booking
"The hotel has an excellent location with a great view of the volcano. The garden is beautifully designed, and you can spot many birds, including hummingbirds. There were only a few power outlets available, and the outdoor seating area was not well lit.",5,Hotel Roca Negra del Arenal,alojamiento,booking
"Great location near restaurants. Most rooms are set back from road, so relatively quiet. Huge room and a beautiful property. Pool was very nice. Close to town and other nearby adventures. Birds all over the property in the early morning. Nice volcano views. Nothing. I'd stay here again in a heartbeat.",5,Hotel Roca Negra del Arenal,alojamiento,booking
The hostess ?Elvira? Was exceptionally nice Pancakes were soso,5,Hotel Roca Negra del Arenal,alojamiento,booking
"Gorgeous plants, trees, flowers. Pool and hot tub clean and pretty surroundings. 
Loved our room, esp the huge bathroom,
Comfy beds, and front patio area.  Truly well thought out rooms, everything so handy and convenient. Staff were super friendly. Great breakfast if you wanted, reasonably priced. Noise from the very busy road in front of hotel.  It wasn’t too bad where are room was located tho.  
Having to pay in cash was a hassle.",5,Hotel Roca Negra del Arenal,alojamiento,booking
Beautiful grounds.  Nice comfortable apartments close to many attractions.  Nice pool.   Quiet despite being on a main road   Well laid out to keep the highway noise away from the guests Everything was good but the toast at breakfast more toasting and some butter,5,Hotel Roca Negra del Arenal,alojamiento,booking
Personnel was very friendly. Also the accommodation was beautiful with a wonderful patio with a view on the Vulcano. Rooms are clean and modern!,5,Hotel Roca Negra del Arenal,alojamiento,booking
"Elizabeth at the main ‘desk’ who helped us over and over. Also the beautiful landscaping, the birds, the pool and hot tub, the whole place amazing.",5,Hotel Roca Negra del Arenal,alojamiento,booking
"Fantastic comfortable room with a personal garden space, hammock, porch and rocking chairs where hummingbirds regularly visit. The pool and jacuzzi were great. Lovely breakfast, and great views. Having space to chop fruit and unlimited tea and coffee was a really nice bonus. It's a bit out of town and there's not much pavement for walking, so if you don't have a car you might want to consider this. Having said that, it's easy to call Ubers and there's a great souvenir shop next door and a soda 30 yards away.",5,Hotel Roca Negra del Arenal,alojamiento,booking
"Wonderful, beautiful grounds and lovely cabins. Great front porch with rocking chairs on each unit. View of Arenal volcano and walking distance to many good restaurants. The staff was friendly and helpful! We loved it all.",5,Hotel Roca Negra del Arenal,alojamiento,booking
"Good location, helpful staff and very nice surrounding area. I saw humming birds every morning which was amazing.",5,Hotel Roca Negra del Arenal,alojamiento,booking
"Beautiful and comfortable place! Very well appointed. The games and pool area are a nice touch, and each room has a nice porch area to relax on.",5,Hotel Roca Negra del Arenal,alojamiento,booking
Loved it. What a great facility. The cabanas were huge and beautiful. Loved the porch. Great location with lots of places to eat right outside the gate. Would recommend staying here. Pool was cold.,5,Hotel Roca Negra del Arenal,alojamiento,booking
"Great service,our",5,Hotel Roca Negra del Arenal,alojamiento,booking
The hotel was situated in the most amazing gardens. The rooms were nice with a private deck. The swimming pool and spa were fun.,5,Hotel Roca Negra del Arenal,alojamiento,booking
"We liked Roca Negra a lot. Our room was great. We love that it's a free-standing bungalow room. I loved the coffee bar and the hot tub/pool. The garden surrounds are very pleasant and maintained well. Elisabeth was so funny and friendly/always joking around. Lots of restaurants and attractions near by. Easy parking. The hot tub is only on for part of the day/eve, But we get it. It must be expensive to run.",5,Hotel Roca Negra del Arenal,alojamiento,booking
"Lovely, friendly place in an amazing garden. Very helpful staff",5,Hotel Roca Negra del Arenal,alojamiento,booking
"Comfortable and large rooms setup with amazing porches with beautiful views of the gardens and volcano.  Nice game area setup next to the pool with billiards, ping pong, foosball. Needing to bring a large amount of cash to pay with since they don't take credit cards.",5,Hotel Roca Negra del Arenal,alojamiento,booking
"Beautiful room with high ceiling, big bed and large bathroom. Wonderful view on the volcano from the room. 
Good location. Good parking spot. Good breakfast The fake green grass everywhere in the common parts.
Breakfast could be a bit bigger.",5,Hotel Roca Negra del Arenal,alojamiento,booking
"Public kitchen was quite ok, very clean Only Cash payments possible",5,Hotel Roca Negra del Arenal,alojamiento,booking
Super place to stay in Fortuna. Wonderful bungalows set in beautiful gardens with lots of birds around. Nice breakfast. Clean. Recommended It was a little cooler weather during our stay. An additional heavier blanket for the bedding would be good but that’s my personal ask. Place is still great.,5,Hotel Roca Negra del Arenal,alojamiento,booking
"Stunning garden settings - our room had nice and private patio with volcano views (if not cloudy). The rooms were very nice and comfortable, quality shower, comfy bed, grean linens and towels. They have a little kitchen area where you can make coffee and tea near the pool. 
Lots of birds on the property, and I want to re-emphasize - amazing gardens. I loved being in the middle of all vegeration. The pool and hot tub are too close to the road so it is noisy there - but we didn't really need these facilities as we were doing around nature all day, not staying by the pool. If you want a resort where you can chill by a pool all day probably the road proximity would be too annoying. The rooms were far enough from the road and didn't bother us. 

The other thing I didn't like is that it was cash only - it is buried in the small print but we came to realize the day of departure, so we had to run to the bank last minute. No receipt.",5,Hotel Roca Negra del Arenal,alojamiento,booking
"The garden is super. There are so many beautiful tropical plants which attract birds and make the morning stroll very pleasant. It’s interesting to see chickens, geese and peacocks wandering around the ground. Kids love that. The room is spacious and clean. We could see the top of Arenal volcano on the bed through the window. Beds and pillows are comfortable. The waterfall, Baldi hot springs and arenal volcano NP are within short driving distance. The room is a little bit dark.",5,Hotel Roca Negra del Arenal,alojamiento,booking
"Great location, very comfortable, lovely staff and games activities. The breakfast was excellent!",5,Hotel Roca Negra del Arenal,alojamiento,booking
"Loads of birds in the garden, nice views to el Arenal. Walking in the vicinity can -as in all Costa Rica- only be done on the paved routes / in the parks",5,Hotel Roca Negra del Arenal,alojamiento,booking
"Great nature, comfy rooms with great views of the volcano. Good location Breakfast is not recommended",5,Hotel Roca Negra del Arenal,alojamiento,booking
"Beautiful garden surroundings, and we really appreciated the private patio at our cottage.",5,Hotel Roca Negra del Arenal,alojamiento,booking
"Beautiful,  clean, well maintained,  friendly Nothing",5,Hotel Roca Negra del Arenal,alojamiento,booking
"The location was perfect close enough to the town center yet peacefully overlooking the volcano. I had one of the best rooms with a direct volcano view. The hotel is beautifully set in the middle of the jungle, with stunning views of the volcano 🌋. The jacuzzi was exceptional and the perfect place to relax and unwind after a long, activity filled day. Nothing , everything was great",5,Hotel Roca Negra del Arenal,alojamiento,booking
"We stayed in a ""Deluxe King Room"" which is one of the newer cabins.  It was clean and smart, with a lovely covered terrace.  These cabins are a sufficient distance from the main road thus avoiding traffic noise. It was also a benefit to be able to park our rental car right outside the cabin.
The gardens were beautiful, attracting loads of birds (especially Hummingbirds) which we could watch from our terrace.
There were several restaurants within walking distance and it was only a short drive to the Volcan Arenal National Park Shame that payment had to be in cash.  Would have been easier if they accepted credit cards. Otherwise nothing to criticise.",5,Hotel Roca Negra del Arenal,alojamiento,booking
"The location is perfect and the hotel offers a spacious room with a comfortable bathroom and a lot of shelf space. The setting is very private with a large covered deck overlooking a manicured grounds. We even watched many times an armadillo busy searching for food a meter away from us. A beautiful swimming pool and a hot tub was a nice addition and the self-serve bar with coffee and tea provided us with some refreshments. There is also a pool table and  table tennis for the rainy days.  A very affordable Soda el Turnito is just across the road for a delicious meal. 
Elizabeth from the reception showed us a beautiful garden in the back of the property. She is very caring and funny! All in all, we had a very relaxing time here and can whole heartedly recommend to others. Nothing",5,Hotel Roca Negra del Arenal,alojamiento,booking
"Flowery garden with lotsa trees, flowers, hummingbirds and other types of birds, breakfast area surrounded by flowery vegetation, common area with coffee maker and hotpot appropriately stocked, can't tell what not to like!!! Friendly staff. Hi Dunya! Will be back if opportunity rises. Cash only policy.",5,Hotel Roca Negra del Arenal,alojamiento,booking
"Beautiful area, and flora surrounding the rooms",5,Hotel Roca Negra del Arenal,alojamiento,booking
"Beautiful property, very friendly staff. Bed very comfortable and the gardens are stunning. We loved our stay.",5,Hotel Roca Negra del Arenal,alojamiento,booking
"The breakfast was wonderful, very reasonably priced, fresh fruit and coffee with every entree
The rooms were extremely clean, spacious, comfortable 
The grounds were enchanting with beautiful gardens filled with birds and animals, the pool and hot tub wonderful, a games room that the teens enjoyed (pool table, air hockey, etc) totally terrific, highly recommend , close to area restaurants, short uber ride into center of town and area attractions, porches with chairs and hammocks delightful! Staff warm and friendly! Only dislike (primarily by my grown daughter) was road noise at night …. Not a major problem for the rest of us",5,Hotel Roca Negra del Arenal,alojamiento,booking
"Small 14 room/cabin lodge,  beautiful grounds- so many birds and plants. Relaxing. Great porch with amazing views. Nothing",5,Hotel Roca Negra del Arenal,alojamiento,booking
All,5,Hotel Roca Negra del Arenal,alojamiento,booking
"Absolutely amazing place! Very nice, spacious and spotless clean room with super comfortable bed. The garden and the view were fabulous. We enjoyed listening to the sounds from garden (crickets, birds and other animals) in the evening and early morning. Food at the hotel’s restaurant was tasty. It was nice that restaurants and shops were walking distance and everything else was close by. The staff working at this property was very welcoming and friendly. I almost never rate any hotel on booking.com higher than 9 but here we are! Absolutely nothing!",5,Hotel Roca Negra del Arenal,alojamiento,booking
Everything. There was nothing to not like.,5,Hotel Roca Negra del Arenal,alojamiento,booking
The birds and the trees. You feel like inside the jungle and near the city center Only you have breakfast and for lunch or dinner you need to go out,5,Hotel Roca Negra del Arenal,alojamiento,booking
"Comfortable room, beautiful gardens and pool area as well as very friendly and helpful staff. There are views of Volcan Arenal from the property and many birds to see in the gardens. Breakfast was delicious and good value. There are restaurants, sodas and groceries within walking distance and a short drive into town. Expect some road noise by the pool area which is near the road into town (we didn’t mind it too much).",5,Hotel Roca Negra del Arenal,alojamiento,booking
Excellent location and property,5,Hotel Roca Negra del Arenal,alojamiento,booking
"Very spacious and clean room with great outdoor deck to sit on, surrounded by beautiful gardens. Great pool. Great local restaurant across the road.",5,Hotel Roca Negra del Arenal,alojamiento,booking
"Location, garden, room Nothing",5,Hotel Roca Negra del Arenal,alojamiento,booking
"We loved sitting in front of our accommodation with on rocking chairs with a view of the volcano. It rained a bit, but we were well entertained by the common areas, including the pool table and table tennis. Paola and Elizabeth from reception were very kind, helpful and informative.",5,Hotel Roca Negra del Arenal,alojamiento,booking
"Beautiful, lush, green property with a pretty pool/jacuzzi, great breakfast area, and lovely room!",5,Hotel Roca Negra del Arenal,alojamiento,booking
Loved the staff and the room was great!,5,Hotel Roca Negra del Arenal,alojamiento,booking
"It is a gorgeous property in walking distance to great restaurants very nearby and town not too far away. The pool, hot tub, and game area were a hit for our family. Coffee all day, very friendly and helpful staff. Pay for breakfast.",5,Hotel Roca Negra del Arenal,alojamiento,booking
"Very friendly staff, helps in any regards. Room, location, scenery great.",5,Hotel Roca Negra del Arenal,alojamiento,booking
Service and environment. Nice nature around Nothing I noticed,5,Hotel Roca Negra del Arenal,alojamiento,booking
"Personnel was very welcoming, the pool area qas great, also to play with other kids while the parents sat in the jacuzzi ;) nice relaxing garden surroundings, lots of birds passing by (not only chickens and goose). location is very central, could drive to la fortuna easily to have dinner. nothing",5,Hotel Roca Negra del Arenal,alojamiento,booking
"Beautiful grounds and accommodation. We (2 adults and 2 children) were in room 16, furthest away from the gate,  and it looked very new, modern and was very spacious.
Sitting on the rocking chairs and hammock on the veranda, watching the birds (especially the humming birds).
Delicious pancakes at breakfast.
The games area, which has a pool table, fooseball, table tennis and shuffle board. The fact that you have to pay by cash. We had to drive into town in a torrential downpour, specifically to get cash out.",5,Hotel Roca Negra del Arenal,alojamiento,booking
"Beautiful surroundings. Friendly staff. Lovely breakfast. Great location for visiting places and walk to good places to eat. The chickens, geese , turkey and peacock were interesting and beautiful to observe. Nothing really just sometimes the lorries were noisy going past but easy location and beautiful gardens and wildlife made up from this.",5,Hotel Roca Negra del Arenal,alojamiento,booking
"The property here is beautiful - I truly felt like we were living in the rainforest. There was nothing quite like reading on the patio, listening to the rain come down and watching tropical birds fly in and out of trees. The staff was also amazing - always so willing to help. We also liked the location. It wasn’t walkable to La Fortuna, but it was a 5 minute drive - incredibly easy. Plus, there’s so many attractions within minutes. We never got bored! I wish the rooms had a bit more storage - for a family, we struggled to find room for all the stuff we had. I’d also love the opportunity to book a 1 or 2 bedroom room. The cabin was beautiful, but we’d love a bit more space.",5,Hotel Roca Negra del Arenal,alojamiento,booking
"Flowers, breakfast nook with coffee, bed, a/c, staff Breakfast (not included) wasn’t very good.",5,Hotel Roca Negra del Arenal,alojamiento,booking
"Located very close to a ton of hot springs and hiking. Feels like you’re in the jungle with all the trees and animals around. The game room has ping pong, shuffle board, pool and foos ball which were fun. And the hot tub was great after a long hike. The hot tub is only heated after 3pm which makes sense since the days are hot but it would have been nice to use in the morning.",5,Hotel Roca Negra del Arenal,alojamiento,booking
"Loved having the pool and hot tub and the accomodation was very comfortable and welcoming, a lovely verandah with rocking chairs and hammock to sit out and listen to the birds. We looked forward to getting back after our daily trips out. Really lovely staff. WiFi was very useful but not the best. But then who needs WiFi when you’re relaxing in Costa Rica!",5,Hotel Roca Negra del Arenal,alojamiento,booking
Great pool for the kids. Rooms were big and beds comfortable. Nothing,5,Hotel Roca Negra del Arenal,alojamiento,booking
"Felt private and less noisy being on the edge of la fortuna suburb, but also very conveniently located by some local sodas and a market. The staff was very friendly. Elisa let us help pick eggs in the chicken coop. Lots of butterflies and hummingbirds and beautiful plants and flowers. Breakfast was extra but cheap and a good value.",5,Hotel Roca Negra del Arenal,alojamiento,booking
"The room was clean, the porch with the garden and view of the volcano was beautiful. Paula was very kind and helpful. The pool was beautiful and clean. There was lots of outdoor space and it never felt crowded. It’s a 40 minute walk to the main town. We struggled with the key which frustrated one of the staff. Breakfast was not included.",5,Hotel Roca Negra del Arenal,alojamiento,booking
"This was the best place we stayed during our 10-day vacation in Costa Rica. Absolutely beautiful grounds, delicious breakfast, sweet staff, and loved having our own cabana and private patio.",5,Hotel Roca Negra del Arenal,alojamiento,booking
"The location, breakfast, grounds and room were all great. The payment process is cash only for breakfast and the stay. However, after working through things, they do take PayPal.",5,Hotel Roca Negra del Arenal,alojamiento,booking
It was beautiful. The staff were so friendly and helpful. The garden setting was so well kept. We loved that there was a/c in the room. It was walking g distance to town.,5,Hotel Roca Negra del Arenal,alojamiento,booking
"Wonderful experience at hotel roca negra! Beautiful gardens, as well as small kitchenette area for making complimentary tea or coffee, and pool and jacuzzi! Theres also chicken coop with peacocks. Communication with staff was great- they were very helpful in arranging taxis and volcano tour. Breakfast was delicious and everyday we saw animals we had never seen before! The walls were a little thin so you did hear your neighbors. You will hear the rooster or peacock each morning However. Would still stay again!",5,Hotel Roca Negra del Arenal,alojamiento,booking
"Loved the location and the gardens, the terrace was just perfect with the hammock and rocking chairs. We used the outdoor jacuzzi every day during rainy spells and the staff were so lovely to us! Would recommend to anyone.",5,Hotel Roca Negra del Arenal,alojamiento,booking
"Beautiful flora and fauna on the property, a great view of Arenal, comfortable lounge chairs and hammock, and a nice pool and jacuzzi!",5,Hotel Roca Negra del Arenal,alojamiento,booking
"- They upgraded us to a better room 
- The entire space is incredible: a lot of nature and animals and the view from the room was spectacular
- Breakfast was delicious
- Most of the staff is super nice and willing to help
- Room was super spacious and clean 
- The hot tub after a long day hiking was amazing - Some people in the staff weren’t that nice",5,Hotel Roca Negra del Arenal,alojamiento,booking
It’s close to town. It’s small and beautiful. The beds need more blankets. Pillows are a little stiff.,5,Hotel Roca Negra del Arenal,alojamiento,booking
"Beautiful gardens, friendly and helpful staff, we enjoyed all the animals on the property, the pool, and game area. On site breakfast was very good. Rooms felt private and were very clean with nice covered porches to enjoy being outside. Good view of Arenal Volcano when clouds cooperated. Beds could be a bit more comfortable. Lots of sound from road, even though it is not visible while on property.",5,Hotel Roca Negra del Arenal,alojamiento,booking
The staff was extremely helpful and attentive! The room was comfortable and clean! The property was in excellent conditions!  Very well maintained. 10 out of 10!,5,Hotel Roca Negra del Arenal,alojamiento,booking
Warm welcome. Views were outstanding. We had a problem with our AC which was dealt with efficiently. Great pool area and good to have tea and coffee making facilities.,5,Hotel Roca Negra del Arenal,alojamiento,booking
The property is lush and tropical attracting all sorts of birds. The rooms have a fabulous view of the volcano and it’s a short drive or longer walk to town. The rooms are cleaned daily. The staff are very helpful and kind. There’s a shared tea / coffee area and pool. Really great value. We loved our stay here. Nothing we didn’t like,5,Hotel Roca Negra del Arenal,alojamiento,booking
"Very sweet, kind, and friendly staff who offered a complimentary upgrade for our room as we were celebrating a special occasion! Beautiful gardens/grounds with a nice pool and jacuzzi. Walking distance/close to several restaurants too - we enjoyed Pizzeria La Cava. An added bonus were some animals - chickens, turkeys, and a peacock! The breakfast was canceled as the attendant had a personal issue/conflict.",5,Hotel Roca Negra del Arenal,alojamiento,booking
"Lovely little hotel, upgraded our room.which was great. Excellent facilities. We didn't use.the pool or games room but both looked nice. Lots of restaurants nearby..They had umbrellas you good use which proved essential!! A bit of a walk.to town (30 minutes) along busy road..",5,Hotel Roca Negra del Arenal,alojamiento,booking
"Amazing property!  Gorgeous grounds.  Safe.  Clean.  Pool and spa  were amazing.  Pool table.  Ping pong and more!   

Staff were super friendly and courteous.  They even found a pair of sunglasses we left and are working to ship them back to us.  Amazing!

Highly recommend. Nothing.  All perfect!",5,Hotel Roca Negra del Arenal,alojamiento,booking
I loved how nature is part of the experience.,5,Hotel Roca Negra del Arenal,alojamiento,booking
"Magical grounds with gorgeous lush green vegetation, beautifully kept.
Great location on the edge of town, so minutes from restaurants (recommend Red Frog coffee roasters), but quiet.
Hilarious ducks, chickens, peacock.
Cute little pool area. Great pool room.
Room was perfect.
Loved everything about the place.  Highly recommend. Having to leave.",5,Hotel Roca Negra del Arenal,alojamiento,booking
"The moment we arrived, Elizabeth welcomed us and made us feel like this was home for the next three days. She was funny, kind and helpful in every way! We also had everything we needed to relax and enjoy every moment. First world problem…not much hot water and a/c in the kid’s room never worked great. But, they helped with the a/c as much as possible and it was just fine!!",5,Hotel Roca Negra del Arenal,alojamiento,booking
We loved the beautiful grounds. So many birds and gorgeous flowers. The receptionist (Eugenia?) was the most joyful person I have ever met. She embodied “pura vida”! We lived having the pool table there as well. The WiFi signal was weak.,5,Hotel Roca Negra del Arenal,alojamiento,booking
"The property is beautiful, well kept, and great views of the Arenal Volcano. Perfect location near everything in La Fortuna. The bed was a little hard",5,Hotel Roca Negra del Arenal,alojamiento,booking
"The gardens were beautiful and well kept. The location was close to town but secluded enough to not hear all the city noises.
The best was the big covered front porch. Just sitting on the porch to just watch the rainfall and be out of the rain was awesome Only complaint was that one day the breakfast was down",5,Hotel Roca Negra del Arenal,alojamiento,booking
"Fabulous gardens and privacy between cabins, spotlessly clean and super friendly staff. wi-fi wasn't great anywhere on the property and the pool was a bit chilly",5,Hotel Roca Negra del Arenal,alojamiento,booking
"The hotel was beautiful with a very friendly staff, 24 hour coffee and tea, delicious breakfast, lovely pool and jacuzzi and plenty of games, sitting areas and walking trail. I would definitely come back!",5,Hotel Roca Negra del Arenal,alojamiento,booking
"this hotel was very nice, big room and bathroom, nice terrace, parking next to the cottage. the swimming pool and jacuzzi were so great.
we can really recommend this hotel to everyone visiting la Fortuna next to the swimming pool, you can hear the road a little, but not really an issue
the cottage are more in the back and very silent there.
some restaurants at walking distance but we took the car to the centre (about 1-1.5km) with more options.",5,Hotel Roca Negra del Arenal,alojamiento,booking
"Very friendly staff, an amazing immaculate spacious room and an easy walk to good restaurants and supermarket. The grounds were kept perfectly with amazing plants and a nice path with places to sit. All under the towering Volcano. The free kitchen with coffee and tea was a nice touch and the pool was great. Nothing",5,Hotel Roca Negra del Arenal,alojamiento,booking
"Very friendly ,  rooms casitas were nice, clean They only accept cash was in prepared
To pay with cash when I booked it on booking.com
Beds were okay not super comfy .  Breakfast just okay . Not included",5,Hotel Roca Negra del Arenal,alojamiento,booking
Breakfast excellent. Atmosphere friendly and relaxed. Gardens beautiful,5,Hotel Roca Negra del Arenal,alojamiento,booking
It’s beautiful and feels like you get a little closer to the jungle vibes The breakfast part was confusing us. We didn’t book breakfast and wanted to do it separately but there was some confusion about it.,5,Hotel Roca Negra del Arenal,alojamiento,booking
"Beautiful gardens and facilities.
Loved the pool. 
Breakfast on site (additional 8$/pp) was lovely.
Staff were all exceptionally friendly and kind. 
Free coffee/tea station. 
Soda el Turnito across the road was great for dinner. There’s a bit of road noise but didn’t bother us at all.",5,Hotel Roca Negra del Arenal,alojamiento,booking
Everything!! Beautiful rooms and grounds. Elizabeth at reception was friendly and funny. coffee or tea available 24hours I loved everything!,5,Hotel Roca Negra del Arenal,alojamiento,booking
"Very nice property especially for families with children. We liked all of it, especially the beautiful garden and swimming pool. Noisy because on the main road to Arenal.",5,Hotel Roca Negra del Arenal,alojamiento,booking
We loved staying at Hotel Roca Negra. It has lots of beautiful plants and some chickens. We didn’t get to use the pool or spa but loved that we had the option to! You can get breakfast on site for an extra fee. Our room was very comfortable and loved that it felt like a little bungalow. The staff was so friendly and helpful throughout our entire stay. Just be prepared to pay cash for your stay and breakfast.,5,Hotel Roca Negra del Arenal,alojamiento,booking
"Good location , cleanliness . everything was good.",5,Hotel Roca Negra del Arenal,alojamiento,booking
"Great location, beautiful garden, nice staff No coffee machine in the room, but they have a coffee room for everyone, so no big deal",5,Hotel Roca Negra del Arenal,alojamiento,booking
"The front porch hammock, gardens and game room Paying cash",5,Hotel Roca Negra del Arenal,alojamiento,booking
"The place is quiet and you're surrounded by nature. The room was perfect and we loved our terrace. Coffee and tea avilable 24 hours. The room has an amazing size and everything was very clean. The staff was welcoming and friendly. It was a bit pricey, but the prices in La Fortuna are like that everywhere.",5,Hotel Roca Negra del Arenal,alojamiento,booking
Beautifully cared for complex with friendly staff. Everything was super clean. Lovely gardens and great view of the volcano. Nothing.,5,Hotel Roca Negra del Arenal,alojamiento,booking
"Location, Arenal volcano views, clean and private rooms.",5,Hotel Roca Negra del Arenal,alojamiento,booking
"Super friendly, super clean, private, secure, very beautiful and well maintained grounds.  Peacocks, chickens, ducks and turkeys were an unexpected delight.  The view of the volcano was really cool. Overall, a great experience! Could hear some of the highway noise from the pool, but not an issue at all in our room.",5,Hotel Roca Negra del Arenal,alojamiento,booking
"The location was excellent. The best was that we could see the volcano from our front porch 
A beautiful garden with flowers and an easy path to walk on The beautiful garden with plants and birds and a boeie of the property. 
We saw Tulane flying over from the property 
It was a little paradise",5,Hotel Roca Negra del Arenal,alojamiento,booking
"Great comfortable place to hang out.  Good pool and great gardens.  Staff were friendly with interesting individual personalities.  Breakfast was additional and was fine. Room was very clean and bathroom was very big. Decking area outside room with a good view of Arenal. Great view of birds in the property. I hadn't noticed that this hotel was cash only and we got a poor conversion for the dollar. ( it does state cash only in the details ....).
A little bit outside the town so not great if walking only but good restaurants / shops within walking distance.",5,Hotel Roca Negra del Arenal,alojamiento,booking
"Breakfast ok, location ok. 
Peaceful and relaxing Slight lack of communication on transfer to Tortuguero. 
We paid $135 and got dropped at Guapiles and had to pay $65 for 2 taxis to get us to Pavona!
We were told the $135 would take us straight to Guapiles, so quite disappointed and caused slight stress",5,Hotel Roca Negra del Arenal,alojamiento,booking
"Great shower, spacious, quiet, helpful staff. Having to pay in cash",5,Hotel Roca Negra del Arenal,alojamiento,booking
"This is like a garden with some cabins in it. The cabin is usually shared by two rooms, but they are well separated. It's pleasant just walking around the garden trails, listening to birds chirping. There is a swimming pool, table tennis, and pool. Birds could be too many for some people, and they will probably wake you up in the morning. They only take cash (USD or Colones). Breakfast is ok, $7/person, cash only too, and they are separate from the hotel. You may better go to the restaurant across the street for meals.",5,Hotel Roca Negra del Arenal,alojamiento,booking
Staff was very friendly. Grounds were beautiful. Hotel was very clean. WiFi connection was not great. AC stopped a couple of times.,5,Hotel Roca Negra del Arenal,alojamiento,booking
Very pretty and convenient to all attractions.,5,Hotel Roca Negra del Arenal,alojamiento,booking
Great location with view of Arenal volcano. And our cabin was perfect for a family. Beautiful gardens and handy to have a pool and games area. Staff were really friendly and helpful.,5,Hotel Roca Negra del Arenal,alojamiento,booking
"What a great hotel! The beautifull garden, the pool and the spacious and clean room/house we had. It was one off the best stays we had in Costa Rica! Also a nice breakfast and a good location!",5,Hotel Roca Negra del Arenal,alojamiento,booking
"I had a great stay at Roca Negra. The room was lovely - very comfortable, spacious and clean. The location is really handy - a short car journey into central Fortuna and also close to activities such as the volcano etc. they offer breakfast for a small extra fee which was lovely. You can see lots of wildlife just sitting on your patio and the pool and hot tub was an extra perk! Thank you!",5,Hotel Roca Negra del Arenal,alojamiento,booking
"Very nice, spacious and clean room in a bungalow. The outside of the hotel is fantastic with a lot of plants, a nice Pool and a lot a little corners to sit in the garden (where you can see hummingbirds and other beautiful birds). A bit outside of la Fortuna but super easy to reach with a uber. The staff was extremely nice and funny, and super helpful to book tours. Maybe just the fact that we can only pay cash. And the breakfast is not great (no fresh juice and a small choice of options), to be paid extra,  and you have to wait quite a bit so to be taken into account if you have an early tour.",5,Hotel Roca Negra del Arenal,alojamiento,booking
The property is absolutely beautiful. Great care is taken to maintain all indoor and outdoor areas.,5,Hotel Roca Negra del Arenal,alojamiento,booking
"Beautiful location, very near to the volcano so we had amazing view. A bit out of busy La Fortuna but still there were shops and restaurants, it was more quiet and I love that. The garden was very pretty and full of birds, though I liked more wild gardens than so well organized ;). The room and bathroom were huge and very comfy. Strong wifi. Very friendly staff. Nice jaccuzzi :).",5,Hotel Roca Negra del Arenal,alojamiento,booking
"This was the only hotel in our long trip where we got towels dried on a rope and not in a clothes dryer. They were terrible.

Oh and please install a $300 reverse osmosis system in the coffee/tea area for all the guests to use.",5,Hotel Roca Negra del Arenal,alojamiento,booking
"Staff are friendly and always willing to help with booking tours in the erea.
Recommended some really nice restaurants to pick from.

Showers could use a little more water  pressure.
Breakfast could use a few more items on the menue.",5,Hotel Roca Negra del Arenal,alojamiento,booking
Charming!,5,Hotel Roca Negra del Arenal,alojamiento,booking
"This was our family’s favorite hotel of this vacation. It was very clean, relaxing and the location was perfect",5,Hotel Roca Negra del Arenal,alojamiento,booking
"The hostess at the front desk was amazingly helpful and so it's cheerful. She really made our stay great and showed us all of the facilities. The land is beautiful and had a really cool farm like ambience on one area that the kids love to explore, and then it had great recreational space, beautiful landscaping and a pool (it truly felt like our own personal pool since there was nobody else at it the entire time we were there). The location was great, and we had a decent discount to the Baldi Springs nearby, which was a fabulous experience. There were 14 people in our group, and we would all go back!",5,Hotel Roca Negra del Arenal,alojamiento,booking
Room was better than expected. Hotel facilities are very nice. We liked the fact that there was a lot of 'green' all over the place. We also liked the free coffee station. That we stayed just one night and would love to spend more time there.,5,Hotel Roca Negra del Arenal,alojamiento,booking
"The grounds, rooms and staff were exceptional. The shower head was not sized correctly for the shower and cause water to get outside the shower itself.  Our only minor concern.",5,Hotel Roca Negra del Arenal,alojamiento,booking
We really enjoyed the room. The shower was amazing The layout was different but beautiful. The staff was always attentive and helpful. We had trouble with the electronics and we're taken care if quickly. Beautiful grounds with the most amazing view from the porch of the volcano. Nothing,5,Hotel Roca Negra del Arenal,alojamiento,booking
"Everything was excellent! The room was very clean, the amenities were great and the staff were excellent and very attentive. We had a fantastic stay!",5,Hotel Roca Negra del Arenal,alojamiento,booking
Loved everything about this hotel! That we only had one night to stay here. Would like to have stayed a few days here.,5,Hotel Roca Negra del Arenal,alojamiento,booking
"The property was really lovely.  Beautiful plantings, very natural.  Pleasant pool and hot tub.   Very nice staff.",5,Hotel Roca Negra del Arenal,alojamiento,booking
Staff treated us as family. I loved that they had security gate that closes after 5 pm.  I felt secure and safe,5,Hotel Roca Negra del Arenal,alojamiento,booking
The cabins were very comfortable and private. Could have coffee makers in the cabins.,5,Hotel Roca Negra del Arenal,alojamiento,booking
Clearly well maintained and clean . Birdlife and gardens were wonderful. Volcano view was exceptional from our room. Staff friendly and courteous.  Pool was excellent and relaxing.,5,Hotel Roca Negra del Arenal,alojamiento,booking
"The views of Arenal Volcano from our private veranda were amazing! The hotel is very welcoming. It has a shared coffee/tea area where you can make drinks whenever you wish. The pool and jacuzzi area were lovely, the gardens were well-maintained and the games area was a bonus. There are lots of restaurants and grocery shops within walking distance and the centre of La Fortuna is a short journey by Uber. The standard room was fine if a little small. The bed was comfortable and the air con was effective. I loved watching the hummingbirds from the veranda. Highly recommend visiting the Bogarin Trail (guided tour), North Fields Coffee Tour, La Fortuna Waterfall, and Mirador el Silencio.",5,Hotel Roca Negra del Arenal,alojamiento,booking
We loved it! Very clean and well maintained! The houses are clean and spacious! With a beautiful view of the volcano. Staff was very friendly and helpful! We enjoyed our time!,5,Hotel Roca Negra del Arenal,alojamiento,booking
The staff were amazing! Very friendly and helpful. The location and atmosphere was relaxing. Breakfast was good and the property was beautiful. We liked everything about our stay here.,5,Hotel Roca Negra del Arenal,alojamiento,booking
"Absolutely stunning!! The amenities are perfect, there is a gorgeous view of the vulcano and a jungle feeling. It's conviently located and the staff are wonderful, the beds comfortable, the pool amazing. Loved it and cannot wait to come back All payments must be done in cash only",5,Hotel Roca Negra del Arenal,alojamiento,booking
"The garden is stunning and teeming with birds. If you enjoy birdwatching, this is an excellent place to stay. The WiFi signal in the room at night is barely usable, and the data signal in La Fortuna is also weak. I needed to handle something online at night and had to go out into the garden to find a better WiFi spot.",5,Hotel Roca Negra del Arenal,alojamiento,booking
"This place is a lovely charming refuge that is within walking distance of downtown Fortuna. Staff were delightful. Rooms were spotless. Breakfast fast and delicious with great choices. Sheets smooth, cool and soft. Bed was perfect for me. The grounds were a huge selling point when I shopped for accommodations and they did not disappoint. Lush tropical oasis full of birds and color. Fully walled and gated was a nice surprise. Highly recommend! Only suggestion: the door to my cottage could not be set to an unlock position. My traveling companion locked herself out of the room about five times.",5,Hotel Roca Negra del Arenal,alojamiento,booking
"Good location - out of the busy streets of la fortuna but close to everything and good restaurant options nearby. Spacious room, nice bed, nice shower. The high chair's harness was broken, so for little kids like ours you have to be super careful that they won't slide out of it. A new harness would make dinner time more relaxed :-) 

Also more place to hang your wet clothes / towels would be handy",5,Hotel Roca Negra del Arenal,alojamiento,booking
"Great location. Beautiful cabin with everything you need. Clean and peaceful. The breakfast was ok, not great.",5,Hotel Roca Negra del Arenal,alojamiento,booking
"Clean and quiet, near places to eat and enjoy. No complaints",5,Hotel Roca Negra del Arenal,alojamiento,booking
"Our room had a beautiful view of the volcano and hotel gardens. We were able to see a ton of different birds and other animals from our porch! The hotel grounds were beautiful overall, very lush with many types of plants. Nice and clean pool as well. And breakfast was delicious. Our room was away from the noise of the road, the only noises at night were the wildlife which was very relaxing. The pillows/bed could have been a little more comfortable but overall they were fine.",5,Hotel Roca Negra del Arenal,alojamiento,booking
"Absolutely lovely. The setting, among beautiful gardens, was perfect. The rooms and all facilities are well thought out, comfortable, clean and quiet. Not a thing.",5,Hotel Roca Negra del Arenal,alojamiento,booking
"Everything: staff, facilities, pool, accommodation, location to restaurants, tours available. The road can be noisey.",5,Hotel Roca Negra del Arenal,alojamiento,booking
"Very unique place, accessible, clean, friendly staff and it’s nice to see the volcano from your room and the animals.",5,Hotel Roca Negra del Arenal,alojamiento,booking
"The cabins were exceptional. They were private, quiet, comfortable. They had lots of room.  The shower was huge, and the beds were comfortable. The grounds cannot be beat. There was so much beauty everywhere around us and the location was close to everything. Great walking score.  Breakfast was very good, people so hospitable and kind. I can't think of a think I didn't like.  It rained quite a bit, but such beauty doesn't come without some rain. It is a rain forest afterall!",5,Hotel Roca Negra del Arenal,alojamiento,booking
"Beautiful gardens with view of Arenal. The room was super clean, spacious, huge comfy bed, good AC. No mosquitoes too. Also loved how there were loads of animals around. The location is good too, outside the business of La fortuna, very quiet but can take Ubers everywhere for cheap. 

The staff were excellent and super friendly and helpful, they helped us to book some excursions including whitewater rafting and thermal springs which were cheaper than the online prices. Super recommend Maybe could have more places to hang clothes to dry (also stuff never dries but that is because of the humidity)",5,Hotel Roca Negra del Arenal,alojamiento,booking
Great garden like atmosphere with closeup views of the volcano. Unfortunately it rained alot so dampened our experience but the reviews were right: this is a funky and affordable little gem.,5,Hotel Roca Negra del Arenal,alojamiento,booking
The location was close to everything! Our stay was short,5,Hotel Roca Negra del Arenal,alojamiento,booking
"The property was very beautiful with a lot of beautiful trees, palms. And so many fun games, pool table, hot top, pool, free coffee, big kitchen. I loved to see chickens with their new born babies. Rooms clean, with king bed, a lot of relaxing areas. 
Great location with ton of best restaurants with best ceviches 💜 Elisabeth welcomed us, she has a little attitude character, but when we were leaving she changed a little bit)) But rest of the staff was very very sweet and friendly.",5,Hotel Roca Negra del Arenal,alojamiento,booking
We absolutely loved our stay at Roca Negra. The lush tropical gardens were exceptional and the staff were amazing. The room was very clean and comfortable! We would definitely stay here again!,5,Hotel Roca Negra del Arenal,alojamiento,booking
"Beautiful garden, clean and comfortable rooms, and very friendly staff. There was a little bit of road noise and some roosters in the morning.",5,Hotel Roca Negra del Arenal,alojamiento,booking
"Great location, great staff, great rooms would stay here again",5,Hotel Roca Negra del Arenal,alojamiento,booking
"The lovely lush gardens, birds, view of the volcano, when not shrouded in cloud, huge comfortable bedrooms with terrific showers, a covered porch to enjoy the natural surroundings.",5,Hotel Roca Negra del Arenal,alojamiento,booking
Beautiful place! We would have stayed longer if it had stopped raining:) Rained constantly and everything cost $$$ - even for a walk in the jungle.,5,Hotel Roca Negra del Arenal,alojamiento,booking
"The garden, the coffee corner,  the location, everything was perfect",5,Hotel Roca Negra del Arenal,alojamiento,booking
A spacious comfortable room with a great bathroom area and comfy rocking chairs on the terrace to sit watching the birds in the beautiful garden. Enjoyed the small pool and jacuzzi. Optional breakfast was average but good value. It would have been handy to have a kettle in the room.,5,Hotel Roca Negra del Arenal,alojamiento,booking
"The location is excellent, the staff are very friendly and helpful The breakfast we were told was amazing and I had pancakes and they were great, but the omelette and other dishes were a little bland sadly",5,Hotel Roca Negra del Arenal,alojamiento,booking
"The lady in the reception was super friendly and made us feel comfortable. 
Gardens are beautiful, and the view was superb .
Loved the big room and super king bed. Nothing",5,Hotel Roca Negra del Arenal,alojamiento,booking
"Beautiful tropical ambiance with the sounds of birds, crickets, frogs, and other animals (hidden in the trees and foliage). We enjoyed the entire experience. The staff, the rooms, the location, surroundings, and the overall ambiance. The breakfast was the only area that could be improved. It would help if they could speak a bit more English, or had someone there who could interpret. Communication was difficult and we ended up getting an unexpected meal. Not a big deal, but something to consider.",5,Hotel Roca Negra del Arenal,alojamiento,booking
"The amenities are fantastic! Nice pool and hot tub, breakfast available for $7 USD, spacious rooms and bathrooms, lots of outdoor hangout areas, beautiful landscaping, critters wandering about (ducks, chickens, turkeys, peacock, geese, a couple kitties, a few pups... All very friendly/ uninterested in you, so don't worry about the peacock or turkey, ha ha). Also, even though off main road, nice and quiet in the rooms. Good a/c, functioning refrigerator. You do have access to coffee machine and hot water 24/7, but in a communal area... Same goes for some plates, silverware, microwave (all in communal outdoor space). And, the game area is such a nice addition (foosball, pool table, ping pong)! When we arrived the a/c and refrigerator were not turned on... I completely support saving energy, but it took a few hours for the fridge to get down to temp and we had stuff that needed to be kept cool; the a/c cooled the room down after about half an hour, so obviously not a big deal, just would've been nice after a long hot drive to step into a cool room

**This is not a faulting of the hotel whatsoever, just a personal preference**
Would like to have individual coffee machine in the actual hotel rooms as we travel with our own coffee and hate to throw out other coffee people have made at the communal space just because we want what we brought and only brew a cup or two at a time.",5,Hotel Roca Negra del Arenal,alojamiento,booking
"Very nice breakfast... staff friendly.  This is an inexpensive nice hotel very close to everything in Fortuna and surrounding Arenal area.  The beds were comfortable, bathrooms nice, decor lovely.  Nice pool and ""play area"" (pool table, etc). It would be nice to have a restaurant - not just for breakfast.",5,Hotel Roca Negra del Arenal,alojamiento,booking
"Cabin with hammock in the amazing garden was great. Staff very friendly. Breakfast (not included) was great as well. Close to spa’s and hikes. Only option was to pay in cash, that was not ideal for us.",5,Hotel Roca Negra del Arenal,alojamiento,booking
Comfortable rooms nice landscaping probably as good as you will get get in Arenal,5,Hotel Roca Negra del Arenal,alojamiento,booking
"Nice property with a small walking trail through the grounds, breakfast was descent for 7$. Staff were friendly, pool area is quite nice with a small games room and lounge areas in several places around the property. we would definetly stay again Not much not to like, cabins are not very sound proof.",5,Hotel Roca Negra del Arenal,alojamiento,booking
The grounds and walkways were very attractive and well located. We enjoyed the rocking chairs for sitting outside our room. It was a very attractive setting. The room was clean and well maintained. The hot water was not reliable.,5,Hotel Roca Negra del Arenal,alojamiento,booking
Beautiful gardens and friendly staff,5,Hotel Roca Negra del Arenal,alojamiento,booking
"The gardens are spectacular.  The birding here is one of the highlights.  The pool was clean, the games room operational, rooms were clean, location excellent..:we would recommend this place to our friends.  You can tell they put a lot of their profits back into the property. Would be nice to have breakfast included.  The drain in the shower did not drain well.  Oh, and they NEED to add another plug in in the kitchen…no way yea people and coffee people should be battling for the power early in the morning.  Small things though.",5,Hotel Roca Negra del Arenal,alojamiento,booking
"Beautiful grounds and exceptionally friendly and helpful staff. A good location for meeting other travelers. The layout and Atmosphere were conducive to engaging with everyone. Breakfast was not included and was ok, with mediocre coffee.",5,Hotel Roca Negra del Arenal,alojamiento,booking
"Staff were friendly and attentive. The room was clean. We liked the game area, and the children loved the pool. Wifi was very bad. It was a very slow wifi connection that often didn't work.",5,Hotel Roca Negra del Arenal,alojamiento,booking
The grounds and room were super clean. We also had access to a kitchen though it is meant for prep as there is no way to cook. Everything was well maintained.,5,Hotel Roca Negra del Arenal,alojamiento,booking
"Hotel is fabulous! The photos don’t do this place enough justice! Everything is perfect here the wildlife, plants, pool, staff, game, rooms and location.  This hotel is located 5 mins walk from the bars and restaurants, which keeps the noise to a minimum. Staff are super friendly and cannot do enough for you! The rooms have every little detail covered! I don’t understand how they could have any negative comments! This is super cheap for the hotel is it!",5,Hotel Roca Negra del Arenal,alojamiento,booking
"The property was beautiful.  Stunning view from our window of the volcano. Many colourful plants, a faux jungle around the walkways and a beautiful pool area.  The rooms were large, spotless and were exceptionally comfortable.  It all felt very safe and relaxing. There was a free tea/coffee kitchen which was a thoughtful touch (and the coffee was gorgeous!). The staff were very attentive and helpful with booking activities. I was also lent their sewing kit to fix a broken seam on my backpack. Not being warned that the property was 100% cash when we booked.  We didn’t bring enough on us for the stay and it created a cash management issue. 
Breakfast was also unavailable due to the (sole?) cook being away for 2 days. Not ideal when activities begin early and days are high intensity.",5,Hotel Roca Negra del Arenal,alojamiento,booking
Beautiful setting Breakfast was not complimentary and was not worth the $7.00,5,Hotel Roca Negra del Arenal,alojamiento,booking
"Absolutely beautiful place. The bungalows are set in the most amazing gardens. Each bungalow is very well laid out, loved sitting in the veranda looking at the beautiful flowers and plants and observing the wonderful hummingbirds who constantly fly by. There is a communal kitchen with free tea and coffee but breakfast is also available which was $7 and delicious. Also has a lovely pool and jacuzzi. We had 4 nights here and I honestly do not think we could have found a nicer place to stay in La Fortuna. A special mention to Elisabeth at Reception, she was such a character and always so helpful and friendly. Nothing",5,Hotel Roca Negra del Arenal,alojamiento,booking
This property is beautiful. The staff is wonderful. Good breakfast. Lovely rooms.,5,Hotel Roca Negra del Arenal,alojamiento,booking
"Would happily return and recommend to anyone looking for an oasis on the outskirts of the town. The gardens were beautifully maintained and we saw parrots, hummingbirds and loads of other birds each day. It's a good 2km downhill walk to the town on an uneven footpath, which is fine if you've no mobility issues.",5,Hotel Roca Negra del Arenal,alojamiento,booking
Beautiful garden with spacious Bungalows. Ours also had a big terrace with rocking chairs. Bathroom is quite big and they also provide extra blankets in case it gets cold during the night. Its at the main street but you can’t hear the traffic at all once the gate closes behind you.,5,Hotel Roca Negra del Arenal,alojamiento,booking
"La Roca Negra is like staying in paradise! The wildlife is amazing, particularly the birds. I saw dozens of species, just walking around, including many humming birds, tanegers, and a white hawk. I also spotted a family of agouti. When the weather clears there is also a view of the volcano. Not much not to like.",5,Hotel Roca Negra del Arenal,alojamiento,booking
Location was excellent… peaceful& quiet respite between adventures… optional breakfast was good and inexpensive… Towels & some blankets had a musty odor… Freshening up laundry would improve the experience,5,Hotel Roca Negra del Arenal,alojamiento,booking
"We loved it! The hotel was super beautiful, clean, and well-organized. The variety of board games was great because we had so much fun, as well as with the ping-pong table and foosball they have. The size of the room was perfect too. We had an amazing vacation! We requested that our room be cleaned, but unfortunately, when we returned from our tour, it was still not tidy. :(",5,Hotel Roca Negra del Arenal,alojamiento,booking
"Lovely, modern large room and bathroom. Beautiful tropical gardens, great pool with hot tub, plus fun games room. Helpful friendly staff, near lots of restaurants. We didn’t have a car, but it was very easy and to get an Uber and lots of excursions/attractions will pick up up. It’s a little out of town, although there are restaurants locally. It meant it was a very relaxing place to stay though - central La Fortuna was very busy.",5,Hotel Roca Negra del Arenal,alojamiento,booking
Jacuzzi Not a lot of guests seemed to be social and actually use any of the cool facilities like the pool and game room. Weird.,5,Hotel Roca Negra del Arenal,alojamiento,booking
"The room and grounds were very beautiful. This exceeded our expectations. The location was also fantastic. The cost was 13% higher than the booking.com reservation confirmation. Additionally, the property only accepted cash payment which was not expected and a minor inconvenience.",5,Hotel Roca Negra del Arenal,alojamiento,booking
Beautiful grounds. Modern and comfortable.,5,Hotel Roca Negra del Arenal,alojamiento,booking
The host is very nice. The environment is very family friendly! The breakfast is good! Kids love it!,5,Hotel Roca Negra del Arenal,alojamiento,booking
"The breakfast, the view, the gardens, and the staff.  They were all lovely. The dehumidifier wasn't strong enough and the filter needed to be cleaned as it was blinking a red light that was very visible as we tried to sleep.",5,Hotel Roca Negra del Arenal,alojamiento,booking
"Absolutely amazing place. This was the best accomodation we had in Costa Rica. Nice, clean room surrounded by beautiful garden. The garden is full of beautiful, colourful flowers, bushes, trees and the peacocks complement it all perfectly. The staff was very friendly and helpful. Love it, love it, love it here.",5,Hotel Roca Negra del Arenal,alojamiento,booking
"Staff was very friendly. Our room was clean and we loved the hammock on the porch looking at the volcano. Close to food, you could walk or drive to another little section further down. Was in a good location!",5,Hotel Roca Negra del Arenal,alojamiento,booking
The gardens and view are beautiful.,5,Hotel Roca Negra del Arenal,alojamiento,booking
"Well located hotel with very clean rooms, we stayed in two rooms and most days ordered the breakfast which I thought good value for money in such a tourist town.  Nice pool, and great to have the game room on rainy days. Also front desk staff able to book some activities at discounted rates. Prepare to pay cash for your stay. Could be noisy from semi trucks braking outside  the main road but this was a common thing at all our hotels as trucks have no alternate routes.",5,Hotel Roca Negra del Arenal,alojamiento,booking
Staff like Eugenia were caring and helpful. Personalized service. Beautiful amazing flowers in the garden and clean. Pillows were very comfortable Breakfast was ordinary,5,Hotel Roca Negra del Arenal,alojamiento,booking
"The room was spacious and beautiful; the landscaping and flowers were fantastic; the patio was the best! We sat outside and watched the many birds and other critters that visited. We loved being in the cabins furthest away. Breakfasts were awesome; all the staff and especially Elizabeth and Eugenie were so helpful, gracious and enjoyable to be around.",5,Hotel Roca Negra del Arenal,alojamiento,booking
Breakfast was very reasonably priced and tasty. The resort is beautiful. Cabins set amongst lovely plants and flowers. Lovely trail around the grounds. Lots of wildlife dog and two cats about. Two tricking chairs outside front with view of volcano La Fortuna road is very busy and noisy. Busier than the M25! Quite noisy at times,5,Hotel Roca Negra del Arenal,alojamiento,booking
Beautiful property. Exceptionally clean. Pleasant and helpful staff.  Would recommend 100%,5,Hotel Roca Negra del Arenal,alojamiento,booking
They accommodate our request for early checking. Great location,5,Hotel Roca Negra del Arenal,alojamiento,booking
"Loved the porch sitting area, enjoyed the peaceful setting.  Lots of birds. Walking distance to restaurants, grocery store. Pool table, ping pong table, etc  provided downtime entertainment.  Short drive to many tours, site seeing activities.",5,Hotel Roca Negra del Arenal,alojamiento,booking
"Clean, perfect location and lovely hosts. Breakfast was super too!",5,Hotel Roca Negra del Arenal,alojamiento,booking
Roca Negra is beautiful! The staff is so friendly as our stay was extremely comfortable! Highly recommend for families especially. Breakfast was very good and reasonably priced. We loved our stay! The roosters start crowing very early in the morning so earplugs are recommended if you are not an early riser.,5,Hotel Roca Negra del Arenal,alojamiento,booking
"We were treated very nicely. We got tipps for activities, what to do.
The room was very nice, within the garden with many plants and flowers where you could see quite a few birds. The view of the volcano was nice, when it wasn't raining too hard.
There wasn't a breakfast option during our stay, but there were possibilities of getting breakfast - and also dinner - nearby, a few minutes by foot..",5,Hotel Roca Negra del Arenal,alojamiento,booking
Friendly staff. Very clean and well maintained. Delicious fresh breakfast. And an easy walk to shops and restaurants in town.,5,Hotel Roca Negra del Arenal,alojamiento,booking
"loved the pool, the accommodations, the breakfast, the walkways to the rooms with so many plants and birds along each side. it was very well situated for everything we needed and everywhere we wanted to go.",5,Hotel Roca Negra del Arenal,alojamiento,booking
The living room outside with open 24 hours. Eugenia was an enthusiastic and very helpful host. We enjoyed the nice hot bubble tub late in the evening. The room where big and very comfortable with a nice porch to watch all the the birds in the garden. Great place!,5,Hotel Roca Negra del Arenal,alojamiento,booking
"Great location close to loads of restaurants and activity centres. 
Set in beautiful, lush surroundings.",5,Hotel Roca Negra del Arenal,alojamiento,booking
"Gorgeous grounds with lots of little touches to make the place a wonderful hangout. We loved the reading and games books by the pool, the hot tub, and the plentiful garden work that brought in so much wildlife. I wish there was a sidewalk outside! It's on a pretty busy road. There are restaurants, a corner store, a laundry, and a few art galleries just minutes away by foot - but when it's muddy it can be pretty unpleasant trekking through the grass and unsafe walking on the road. This is of course not the property's fault.",5,Hotel Roca Negra del Arenal,alojamiento,booking
Everything was perfect!,5,Hotel Roca Negra del Arenal,alojamiento,booking
"A very warm welcome, thank you Elisabeth! Everybody was very nice. A paradise big garden with the view of animals and lots of different birds, beautiful flowers and trees and a walking trail to go around . We enjoyed a nice pool an jacuzzi. We liked our room with comfy beds and a nice terrace with views. We would like to come again! We highly recommend!",5,Hotel Roca Negra del Arenal,alojamiento,booking
"Lovely swimming pool and we also enjoyed the games room playing table tennis, table football and pool.",5,Hotel Roca Negra del Arenal,alojamiento,booking
Nothing to complain about.,5,Hotel Roca Negra del Arenal,alojamiento,booking
"The hotel was really nice and good value for money but we didn't get chance to use the swimming pool unfortunately. The staff were really great and useful, it's a 15-20 walk into town which is fine in the day but we got taxis back.",5,Hotel Roca Negra del Arenal,alojamiento,booking
"Nice hotel in lovely garden. Staff was nice and helpful. Rooms are clean. Lovely little pool. Expensive for what you get. Breakfast is expensive. Rooms are clean, but a bit dated. The hotel is just next to a busy road with a lot of traffic. There are not enough sunbeds near the pool.",5,Hotel Roca Negra del Arenal,alojamiento,booking
"Very, nice friendly staff, swimming pool and jacuzzi.",5,Hotel Roca Negra del Arenal,alojamiento,booking
"Lush, well maintained landscaping",5,Hotel Roca Negra del Arenal,alojamiento,booking
"The environment, with small houses disseminated among a :luxuriant tropical vegetation and the common places for having a coffee or playing, and a friendly staff Less rain but not in the hands of the hotel",5,Hotel Roca Negra del Arenal,alojamiento,booking
"Very quiet and comfortable bed No, breakfast was offered while we were there since I think they wasn’t enough staff",5,Hotel Roca Negra del Arenal,alojamiento,booking
I LOVE THIS HOTEL! Waking up every morning and seeing the volcano just made my birthday trip even more special. I spent hours in the hammock just looking at the birds around me and the volcano! The pool was a great size and the hot tub was an added bonus. It is near all the tourist sites and lots of restaurants nearby. The tea and coffee facilities were great and the staff were so helpful and left me a little surprise in my room for my birthday. I would go back to this hotel in a heartbeat!,5,Hotel Roca Negra del Arenal,alojamiento,booking
"The beauty of it, and all the greenery also only amenities Nothing",5,Hotel Roca Negra del Arenal,alojamiento,booking
Very friendly and helpful stuff. Great accommodation with lovely view and a being pool. The breakfast was just a bit basic for the price,5,Hotel Roca Negra del Arenal,alojamiento,booking
Proximity to attractions and restaurants No dislikes,5,Hotel Roca Negra del Arenal,alojamiento,booking
"This place was absolutely wonderful. We saw hummingbirds from our porch every morning, with beautiful volcano views. I was sad to leave.",5,Hotel Roca Negra del Arenal,alojamiento,booking
Everything about this place was exactly what they said it would be and more . I will recommend this place to my friends and family .it was worth it and I can’t wait to go back. Thank you for a great experience. There was nothing wrong with this place I love it and can’t wait to go back,5,Hotel Roca Negra del Arenal,alojamiento,booking
"Close to La Fortuna and Arenal; my own bungalow with terrace overlooking the volcano and with a small flower garden. Very friendly staff.
Accepts paypal. Room is smaller than advertised. They probably counted bath and terrace also. Whirlpool will be heated on demand. Does not accept credit cards.",5,Hotel Roca Negra del Arenal,alojamiento,booking
"Behind the entrance Gate you feel like you've entered a hobby farm..adorable cabins surrounded by beautiful flora. Chickens, ducks, geese roam around. Very private and great view if the volcano. Walking paths. Everything was good.",5,Hotel Roca Negra del Arenal,alojamiento,booking
"The tea/coffee area were great! And I loved the game area for kids. This was so helpful when it was raining! Breakfast was great as well. Sleeping would have been better with a screen on the window, so we could keep the windows open instead of using the AC, since it was a really nice temperature outside.",5,Hotel Roca Negra del Arenal,alojamiento,booking
"Cleanness and very friendly and helpful staff.
They treated me like a family.
Made all my tours and shuttle arrangements back to the capital, since I do not speak Spanish I didn’t feel like I am in foreign country. I wish I had a coffee machine in the room for my morning coffee.",5,Hotel Roca Negra del Arenal,alojamiento,booking
I liked the area!  Nice cabins. Not all cabins were updated.  We paid more for “upgraded” room that was in need of renovation!! It wasn’t clean so we complained and they switched out for us.  I thought the front desk staff were very unfriendly. Especially Kristin.  She was very unfriendly!!,5,Hotel Roca Negra del Arenal,alojamiento,booking
We enjoyed the friendly welcome and the beautiful garden!,5,Hotel Roca Negra del Arenal,alojamiento,booking
The property is gorgeous. It is big and have a lot of well maintained little trails It is close to the road so it gets a little noisy during the day.,5,Hotel Roca Negra del Arenal,alojamiento,booking
Alles was op en top in orde !,5,Hotel Roca Negra del Arenal,alojamiento,booking
"Bedrooms were clean, gorgeous and spacious. Rooms are situated in lush green areas that make the stay feel authentic and enjoyable.
Common areas included a lovely pool and games room that were very fun to use. /",5,Hotel Roca Negra del Arenal,alojamiento,booking
"Great environment, beautiful view, pool with jacuzzi, lovely personnel X",5,Hotel Roca Negra del Arenal,alojamiento,booking
"Wonderful garden, very wide spread.",5,Hotel Roca Negra del Arenal,alojamiento,booking
The rooms were very comfortable.  The location was great.  The host communicated very well. I would prefer more hooks or hanging rods for wet towels and bathing suits,5,Hotel Roca Negra del Arenal,alojamiento,booking
"Phantastic view to the volcano, superbe garden with lots of humming birds. Spacious room. Excellent, wonderful staff. Great jacuzzi, nice pool. Billard, ping pong. All very well maintained. Good quality of matraces. Deco a bit sterile. One can hear the cars at the road. No coffee/tea in the room.",5,Hotel Roca Negra del Arenal,alojamiento,booking
Roca Negra Del Arenal was a true revelation and exceeded all of our expectations. Each room is a little private bungalow and ours had a very large comfy bed as well as a hammock outside with a view towards the volcano. The property has a lovely pool area and for a small extra fee you can enjoy a delicious breakfast. Special thanks to Elizabeth and Dunya who looked after us and made our stay even better Nothing,5,Hotel Roca Negra del Arenal,alojamiento,booking
"This was an amazing place, far exceeded my expectations, the staff was amazing and very accommodating! Absolutely nothing, everything was excellent!",5,Hotel Roca Negra del Arenal,alojamiento,booking
Beautiful setting. Clean and comfortable.,5,Hotel Roca Negra del Arenal,alojamiento,booking
Beautiful scenery and pool area,5,Hotel Roca Negra del Arenal,alojamiento,booking
"The staff members at the reception desk went above and beyond to help us. We loved watching the diverse birds found in the garden around our room and the property. The air conditioning and pool were both great. We loved the location because this area just outside of La Fortuna is quieter. It's easy to walk to a few restaurants and shops, and also easy to access hiking and hot springs from here. We had a great view of the volcano right from the door of our room. The room was a bit small, and the roof leaked a little bit in two spots during torrential rain.",5,Hotel Roca Negra del Arenal,alojamiento,booking
"lush, tropical grounds with pathways to explore, staff was so friendly and helpful, very clean rooms, awesome front porch with amazing view of volcano.   felt very safe, pool area was very nice, and enjoyed a nice breakfast there. location was great near lots of restaurants and shops. would definitely stay here again. we loved the property",5,Hotel Roca Negra del Arenal,alojamiento,booking
The grounds were beautiful with a spectacular view of the volcano. Staff were very helpful.,5,Hotel Roca Negra del Arenal,alojamiento,booking
The view of the volcano from our porch was amazing. The room was clean and comfortable. We did not use the pool but the ping pong and pool table were fun. The staff was friendly but their English was limited.,5,Hotel Roca Negra del Arenal,alojamiento,booking
"Roca Negra is fabulous! The location is very convenient (just opposite there is a great soda and 5 mins walking further you find the Red Frog resto/soda which is also amazing).
The houses are very comfortable, clean and the facilities are great - pool, billiard, mini football-table, etc. 
The breakfast is outsourced and for 7$ you really have a great food. After coming from Tortuguero NP, we were very happy arriving here. 
And the people at the property were very, very helpful and friendly! Not the case",5,Hotel Roca Negra del Arenal,alojamiento,booking
We loved being able to walk around the property easily. Loved the beautiful grounds.  My husband loved the breakfast! Loved it all!,5,Hotel Roca Negra del Arenal,alojamiento,booking
"Breakfast was fantastic and felt very authentic for a great price. The location was perfect as we were interested in visiting the Arenal National park, Mistico Park, La Fortuna Waterfall, and Sloth Tour exhibit. Additionally we were able to walk to restaurants close by without worry. The gate made us feel very safe after hours. The staff was incredibly friendly especially the front desk staff who answered all our questions and even saved me with an umbrella when I got caught in heavy rain! They really made us feel so well taken care of! When the fog would lessen we had the best view of La Fortuna from the rocking chairs just outside of our room. We would absolutely recommend this place to anyone looking to stay in the Arenal area.",5,Hotel Roca Negra del Arenal,alojamiento,booking
"Great location. Friendly staff! Elizabeth and Ogenia (spelling?) were the receptionists during our stay and they were extremely helpful. The ladies cooking the breakfast were also wonderful. We enjoyed our time here and would highly recommend. It seems to be a family run hotel and they made sure guests were treated well. The staff helped us organize tours while we stayed and made our stay very welcoming and relaxing. A true Pura Vida vibe. There is a pool, hot tub, game room, and beautiful garden grounds. Also, if you are looking for some great food nearby, check out Red Frog Coffee Roasters. We loved their Costa Rican food for breakfast, lunch, and dinner as well as their natural fruit drinks and went multiple times. The road noise was a little loud, but that is out of the control of the hotel.",5,Hotel Roca Negra del Arenal,alojamiento,booking
The room with garden views are wonderful to wake up to. The property is very well maintained with a trail through an amazing garden. The swimming pool and jacuzzi are a nice way to end the day. The location is also good to walk down to local restaurants away from the busy town.,5,Hotel Roca Negra del Arenal,alojamiento,booking
Awesome hotel with a pool and jacuzzi and view of the volcano! Rooms are great too!,5,Hotel Roca Negra del Arenal,alojamiento,booking
"Located in beautiful garden
Nice pool and jacuzzi
Leisure activities
Nice view on Arenal Breakfast can be improvef",5,Hotel Roca Negra del Arenal,alojamiento,booking
We had a great few days at Roca Negra. Staff were very friendly and accommodating. The property has really nice vibes. We liked everything.,5,Hotel Roca Negra del Arenal,alojamiento,booking
Kindness and service during the stay. Location and surrounding gardens. The pool area. Breakfast at the property.,5,Hotel Roca Negra del Arenal,alojamiento,booking
"Beautiful property. Had security gates. Views of the volcano. Private, individual casitas. Staff were helpful. Wish coffee was available so that I could enjoy the patio.",5,Hotel Roca Negra del Arenal,alojamiento,booking
Great location. Beautiful gardens that were around your rooms that made you feel in the jungle. Staff was very friendly and breakfast was very good.,5,Hotel Roca Negra del Arenal,alojamiento,booking
"It is a very beautiful hotel at Arenal vulcano with an amazing garden (we saw a lot of hummingbirds) and with a super view of the volcano. The pool is very clean and enjoyable, and there is a caffee and tea corner too. The owner is very friendly and helpful. The hotel is very quiet and calm. There is a lot of good restaurants near the accomodation. -",5,Hotel Roca Negra del Arenal,alojamiento,booking
"Beautiful views, very good looking property, secure, and friendly staff. Had an tropical house feel. Bed was a bit soft, Breakfast had limited veg options and room safe looked old and unreliable.",5,Hotel Roca Negra del Arenal,alojamiento,booking
"The planting of the grounds was stunning, it felt like you were in a jungle and the view from the patio of the volcano was fantastic especially enjoyed whilst chilling in the hammock. The pool was ideal, there was also a games area for table tennis, pool table and a table football. The staff were super friendly and gave us good advice about what to do and how to get there. Location is a little out of the main area which suits us but taxi/uber is easy to take you around. Thank you for having us! Not a major issue, especially as they do pre warn you, but you can only pay in cash.",5,Hotel Roca Negra del Arenal,alojamiento,booking
Location and rooms. Lovely staff -,5,Hotel Roca Negra del Arenal,alojamiento,booking
"A smaller family style hotel with really cozy bungalows. Our did have a view on Arenal volcano. Beautiful garden, cozy walkways through the property, very friendly staff. Highly recommend!",5,Hotel Roca Negra del Arenal,alojamiento,booking
Friendly staff No toucans!,5,Hotel Roca Negra del Arenal,alojamiento,booking
"Beautiful gardens, full of hummingbirds and butterflies. The view from our room was spectacular, of the Arenal volcano. The staff were friendly and helpful. Our room was large, and it was clean and comfortable. There was also a games area and we enjoyed playing pool.",5,Hotel Roca Negra del Arenal,alojamiento,booking
"The location, scenery, people, and breakfast were wonderful",5,Hotel Roca Negra del Arenal,alojamiento,booking
"Pool and jacuzzi awesome. Game room, outdoor lounge, on-site breakfast option and bungalow porch and hammock awesome. Staff helpful and welcoming. Gardens and grounds gorgeous. On-site animals including chickens sweet. Lighting in the room itself -overhead very bright, no way to tone down. Bedside lamp too dim to be useful, bathroom lighting dim. Those are minor issues only.",5,Hotel Roca Negra del Arenal,alojamiento,booking
Pool was clean and well maintained.  The breakfast was very nicely prepared.,5,Hotel Roca Negra del Arenal,alojamiento,booking
Beautiful grounds….paths that went on for ages and were so fun to explore,5,Hotel Roca Negra del Arenal,alojamiento,booking
"Beautiful grounds and view! Lovely gardens and walking trails, many sitting areas, great view of Arenal. On the edge of town, so easy to walk to restaurants, etc yet away from the more crowded areas. We spent hours birdwatching from our front porch or common areas over the 4 night stay. Chickens, turkeys, ducks, cat, dogs made it feel homey. Gorgeous On-site breakfast was convenient and easy, but average.",5,Hotel Roca Negra del Arenal,alojamiento,booking
Staff was friendly and helpful. The breakfast was simple but affordable and delicious. I couldn’t get over how fabulous the view of the volcano was from each front porch of units. The grounds were beautiful snd well-kept. Loved the friendly cats and chickens on the property. Would definitely stay again. They just need coffee makers in the rooms :),5,Hotel Roca Negra del Arenal,alojamiento,booking
Amazing my property. With an amazing view!,5,Hotel Roca Negra del Arenal,alojamiento,booking
"This hotel exceeded my expectations. The pool area is beautiful, and the breakfast was a highlight of the stay. I recommend booking excursions through the hotel as well, specifically the Baldi Hot Springs. Great location - we brought a car, but were able to walk done to a Soda for dinner. I would stay again and recommend for others! One thing that is good to know is that they only take cash for payment.",5,Hotel Roca Negra del Arenal,alojamiento,booking
"The rooms were very nice and clean, with a mini fridge, good places for storage and very comfortable beds. The pool was a perfect temperature and a great place to relax. The grounds are well maintained and had a beautiful maze of walking paths for wandering. Elizabeth is funny and very informative, willing to help with anything.",5,Hotel Roca Negra del Arenal,alojamiento,booking
"Beautiful setting
Clean
Friendly staff 
Bungalows were clean and comfortable",5,Hotel Roca Negra del Arenal,alojamiento,booking
"Breakfast was excellent with several options offered.  It included, fruit, coffee and juice.  Excellent deal for $7.  Pool was nice and provided a place to relax on the chairs and in the water.  Enjoyed the game room options. Nothing.",5,Hotel Roca Negra del Arenal,alojamiento,booking
The gardens are absolutely stunning and hotel has great view of the volcano. Very secure and lovely nature sounds in the evenings,5,Hotel Roca Negra del Arenal,alojamiento,booking
"Very private, great location.",5,Hotel Roca Negra del Arenal,alojamiento,booking
"Great outdoor area, super friendly staff, beautiful location",5,Hotel Roca Negra del Arenal,alojamiento,booking
"Beautiful landscaping, enjoyed the small trails and the gorgeous view of Arenal from our porch.",5,Hotel Roca Negra del Arenal,alojamiento,booking
"The best hotel we’ve been in Costa Rica!
Full of nature around and with a breathtaking volcano’s view, this place made our experience in La Fortuna even more amazing. 
Everything was very clean and spacious, with a great balcony facing the gardens and the volcano. 
The staff is super sweet and helpful, always smiling and willing to help.",5,Hotel Roca Negra del Arenal,alojamiento,booking
"We thought the service was great! Great location to the area, Great food, Great accommodation's! We loved the wildlife walking/free roaming the property and what a view of the volcano! I think maybe, maybe the only thing was the door to the bathroom was loud and squeaky...nor was the bathroom air conditioned....but really didn't prevent us from enjoying the location.",5,Hotel Roca Negra del Arenal,alojamiento,booking
Setting was in tended gardens which attracted many different birds as well as a sloth to discover. Mattress  was a bit worn with depressions,5,Hotel Roca Negra del Arenal,alojamiento,booking
Great property for the time in La Fortuna. Located close to everything in the area. Property exceeded my expectations. The pictures online do not do it justice.,5,Hotel Roca Negra del Arenal,alojamiento,booking
Loved the location. The hotel has a beautiful garden and trails and rooms  are big and nice. Every room has a nice big bathroom and shower.  The breakfast was tasty and not expensive.  The owner and staff are friendly and helpful. Liked everything,5,Hotel Roca Negra del Arenal,alojamiento,booking
"Very friendly staff, beautiful property and amazing facilities.",5,Hotel Roca Negra del Arenal,alojamiento,booking
"Amazing views, location, and facilites. Breakfast for additional charge was a good value and tasty. The staff was kind and helpful. We had really great time here and wish all other hotels we stay at would be this good. If you are lucky and get neighbours that lack manner and make noise then its not so easy to sleep.",5,Hotel Roca Negra del Arenal,alojamiento,booking
"The game room was the best I have ever seen at hotel. Shuffleboard, pool, foosball and ping pong. We were traveling with an 11 year old who was entertained for hours. The pool and hot tub were lovely. The staff were funny, nice and accomodating.",5,Hotel Roca Negra del Arenal,alojamiento,booking
"Comfortable room, decent breakfast, good location. Nice gardens.",5,Hotel Roca Negra del Arenal,alojamiento,booking
"Great hotel on the edge of La Fortuna. Modern, clean and spacious rooms with a lovely terrace and view of the volcano. The gardens are beautiful with birds all around. There was a convenient parking space outside the room. Pool area was nice too.
I liked the room fridge and there is a good selection of places to eat and shop on the doorstep. No coffee making facilities but there are local places to grab a takeout.",5,Hotel Roca Negra del Arenal,alojamiento,booking
Property was lovely and Elizabeth was amazing. Location is perfect.,5,Hotel Roca Negra del Arenal,alojamiento,booking
"The view, the comfort and size of the room, the pool, the location close to La Fortuna and its restaurants. Bonus: the hummingbirds flying around the garden Everything was up to our expectations",5,Hotel Roca Negra del Arenal,alojamiento,booking
"Close to town center, but felt like we were secluded!! Very clean and the view of Arenal volcano from our room was amazing! There was nothing bad!",5,Hotel Roca Negra del Arenal,alojamiento,booking
The property and staff were amazing!  Very friendly people working there and very helpful too! The location was great to lots of activities in the area and in nearby La Fortuna! Great relaxing pool for relaxing in the heat of the afternoon! We truly enjoyed our stay here but one suggestion would be to add ceiling fans in the rooms and even out on the front porches of the bungalows for extra comfort in the heat. Especially if/when the power goes out occasionally.,5,Hotel Roca Negra del Arenal,alojamiento,booking
"The staff was helpful, comprehensive and friendly. Location. Gated (I felt safer). Would have loved to buy a beer or soda after a long day. But honestly it was lovely.",5,Hotel Roca Negra del Arenal,alojamiento,booking
Food and coffee and service were exceptional. Location without view.,5,Hotel Roca Negra del Arenal,alojamiento,booking
The grounds were beautiful. So many different flowers. The a/c was inadequate to cool the unnecessarily large room.,5,Hotel Roca Negra del Arenal,alojamiento,booking
The staff were very friendly & helpful with arranging transportation & scheduling day tours. I really enjoyed the healthy breakfasts. The room walls are thin enough to hear the next door people’s voices & alarms,5,Hotel Roca Negra del Arenal,alojamiento,booking
Location was great. Everything was convenient to get to. Bathrooms,5,Hotel Roca Negra del Arenal,alojamiento,booking
The garden is beautiful and the room is nice I prefer buffet breakfast which is not the case here,5,Hotel Roca Negra del Arenal,alojamiento,booking
This is an amazing place! Love its garden and the view of volcano right from the chairs in front of our room.,5,Hotel Roca Negra del Arenal,alojamiento,booking
"It was beautiful and perfect. Everything you would want from a boutique hotel in Costa Rica. Very comfortable beds, awesome shower, beautiful scenery. Delicious breakfast for very reasonable price. Couldn’t have been better! Close to everything! Thank you!!",5,Hotel Roca Negra del Arenal,alojamiento,booking
The room and bathroom were very spacious and very clean. The patio with the view on the arenal volcano is really nice to chill. The gardens on the property are very beautiful and you can see different animals too. The swimming pool was a nice bonus.,5,Hotel Roca Negra del Arenal,alojamiento,booking
"Clean and quiet rooms, lush  landscape, nice pool. Kids really enjoyed the game area with pool and ping pong.",5,Hotel Roca Negra del Arenal,alojamiento,booking
"We loved our stay here. Every apartment has a pretty little garden with seating and a hammock. We loved watching the hummingbirds feed on the flower nectar. The property also has a mini farm going on - expect chickens and geese to wander by and cockerels battling it out every morning to be the loudest alarm! The pool area is very nice and there’s a mini restaurant for breakfast (cash payment in dollars only). Eugenia is a great host, very dry sense of humour! A great little with a lovely, authentic charm. Highly recommend! Nothing",5,Hotel Roca Negra del Arenal,alojamiento,booking
"room, breakfast, staff, facilities, location",5,Hotel Roca Negra del Arenal,alojamiento,booking
"This property is so much more than the photos show. The gardens are beautiful, the staff so lovely , helpful and friendly. The rooms are lovely with great outside seating and hammocks and the pool area is great too.",5,Hotel Roca Negra del Arenal,alojamiento,booking
Beautiful property with lush gardens.,5,Hotel Roca Negra del Arenal,alojamiento,booking
"Beautiful grounds, friendly and helpful staff, yummy breakfast, terrific view of Arenal, very affordable. We loved our stay at this peaceful hotel! I guess the pool isn't very impressive, but there are plenty of hot springs around.",5,Hotel Roca Negra del Arenal,alojamiento,booking
"Surrounded by beautiful tropical
Plants and a view of Volcan Arenal. Also better to be a little out of La Fortuna itself .  Lots of restaurants around in easy walking distance . Facilities for making tea coffee and eating your own food . Could hear the sound of the road when sitting around the lovely pool which was very busy . Also you have to pay in cash which I wasn’t aware of needs to be more obvious on the info .",5,Hotel Roca Negra del Arenal,alojamiento,booking
Everything was brilliant. We enjoyed our stay and had a lot of fun. Thanks Elisabeth ;),5,Hotel Roca Negra del Arenal,alojamiento,booking
"Loved the grounds, front porch with hammock and really nice staff! A bonus was the sloth on the property! Needing to pay in cash. We didn’t want to bring that much cash with us for safety and it caused some stress needing to go to the bank to get cash. Loved everything else!",5,Hotel Roca Negra del Arenal,alojamiento,booking
"Tranquil setting at the quieter end of town but still close enough to walk to restaurants and shops. Beautiful gardens and pool area. Detached villas nicely decorated and very spacious. Each with their own private patio area.
Super friendly and helpful staff too!! Just 2 little things but honestly would still give this little gem of a place 5 ⭐️. Air con units were a little noisy at night and towels were quite rough",5,Hotel Roca Negra del Arenal,alojamiento,booking
"Beautiful property and cabins. Great view of Arenal on a clear day. Friendly staff. Near restaurants, but quiet.",5,Hotel Roca Negra del Arenal,alojamiento,booking
"The staff were AMAZING!!! The lady who checked us in was just the best, helped us with everything, she didn’t stop working. Views of the volcano from our rooms terrace. Our best stay in CR",5,Hotel Roca Negra del Arenal,alojamiento,booking
"The staff makes the whole experience wholly amazing!
Very clean accommodations and the possibility to borrow forks and plates to cook something fast in your room. Breakfast is also very affordable! The location is only 8 mins from the Arenal National Park and that's an amazing hike to do while in the vicinity. Read the fine prints for payment, they accept PayPal and cash. They are very accommodating if you need to go to the bank to withdraw. Avoid a surprise 😉 they accept USD and CRC.",5,Hotel Roca Negra del Arenal,alojamiento,booking
Eugenia was Amazing 👏 That I had to leave!,5,Hotel Roca Negra del Arenal,alojamiento,booking
The property is lovely and spotless. Elizabeth at the front desk is delightful and made a tired mama like me laugh out loud several times during all of our interactions. The casita was large and the a/c was nice and strong. The view of the volcano was perfect. We had parking right outside our door.,5,Hotel Roca Negra del Arenal,alojamiento,booking
"exceptional in every sense. 
the cottages and gardens are gorgeous, the amenities excellent and all the staff so very friendly. 

ideally located within easy walking of the local restaurants. nothing, would have given more than 10 if possible",5,Hotel Roca Negra del Arenal,alojamiento,booking
"Gorgeous!  The grounds, our villa, the beds (very comfy), spacious and beautiful bathroom, the pool, the view, the staff (JaHavea the best), our porch was the bomb!  
It was all amazing!!!  Clean and exceptionally well kept.
Perfect location.  Easy to walk to eat & get snacks.  Uber picks you up at gate.  Quick ride to springs, bridges, downtown, it’s all there.
Front desk staff is very helpful!!!! Thank you. Should have reserved more nights here.",5,Hotel Roca Negra del Arenal,alojamiento,booking
It is a beautiful property with fabulous friendly staff.,5,Hotel Roca Negra del Arenal,alojamiento,booking
"Lovely vibe.. A little cramped bathroom, but perfectly adequate. Only accepting cash",5,Hotel Roca Negra del Arenal,alojamiento,booking
Lovely hotel with great views of the volcano. Brilliant facilities and staff couldn't be better. Would choose this hotel again. Noise from the road during the day,5,Hotel Roca Negra del Arenal,alojamiento,booking
"The Elisabeth who worked at the reception was super funny, and really helpful and with the positive energy all the time. The hotel without her would not be the same. Beautiful garden, view of Arenal, birds, pool and games for free-table tennis, futball and billard. We also had jacuzzi-it was great, would stay again. Everything was great",5,Hotel Roca Negra del Arenal,alojamiento,booking
"Elizabeth at Reception is a wonder! So helpful, fun & a great problem solver 
Really kind people in a nice setting We didn't have a car & its a bit of a walk on the highway to town...but users & shuttles available",5,Hotel Roca Negra del Arenal,alojamiento,booking
Easy to reach after landing at SanJose airport in beautiful setting. Sadly restaurant closed at 8.30pm so were to late for supper as we arrived at 8.45pm.,5,Hotel Roca Negra del Arenal,alojamiento,booking
The staff and breakfast was wonderful. Clean and comfortable rooms. Great views and the ambiance was serene jungle. Walking distance to restaurants also! Cash only,5,Hotel Roca Negra del Arenal,alojamiento,booking
"Really helpful staff. Wonderful grounds, fantastic breakfast. 
Highly recommend, Blow the cloud off the top of the volcano!",5,Hotel Roca Negra del Arenal,alojamiento,booking
"Great location-not so crowded surroundings, but close to shops and restaurants. Beautiful garden, nice view to Arenal Volcano and gorgeous host Alicia, who was nice and helpful arranging us tours.",5,Hotel Roca Negra del Arenal,alojamiento,booking
"What a gorgeous gem of a place. This was our favorite place we stayed out of four locations around Costa Rica. Stunning, lush landscaped grounds, beautiful big porch to enjoy the nature and birds flying around, perfect location on main road in close proximity to La Fortuna and all its attractions and amenities. Our little villa was private, spacious, spotlessly clean, and had a beautiful, huge bathroom. I would stay here again in a heartbeat! Nothing, it was perfect!",5,Hotel Roca Negra del Arenal,alojamiento,booking
Quiet separate bungalow with beautiful gardens surrounding the private patio,5,Hotel Roca Negra del Arenal,alojamiento,booking
"The hotel really brought the rainforest to you. The greenery was well kept, the common areas were clean and relaxing, the beds were comfy, the staff were amazing! And there was plenty to do at the hotel if you didn’t want to venture out. It was perfect distance from downtown Fortuna and there were plenty of restaurants within a few minutes walk. Plus the breakfast was delicious!",5,Hotel Roca Negra del Arenal,alojamiento,booking
The atmosphere of the hotel. The garden setting and the care put into it showed throughout the hotel. Some of the rooms are close to the main road and it was noisy at times due to the passing by cars,5,Hotel Roca Negra del Arenal,alojamiento,booking
Lovely staff. Grounds are amazing and so attract lots of amazing birds. Amazing views of volcano. A few minutes to local restaurants with La Fortuna 25 minute walk or a few minutes in a cheap taxi/Uber.,5,Hotel Roca Negra del Arenal,alojamiento,booking
It’s an oasis of lush jungle like beauty so close to a bustling downtown!!,5,Hotel Roca Negra del Arenal,alojamiento,booking
"We stayed at Roca Negra Hotel just outside La Fortuna for four nights. In a nutshell, this hotel is a gem and I highly recommend it! Each room or cabana has a private patio or deck and it is set amid a lush tropical garden with pathways leading to the pool and breakfast area. A few kilometers outside of La Fortuna it is just across the road from several restaurants. The friendly hospitality from our hostess Elizabeth and staff were exceptional.",5,Hotel Roca Negra del Arenal,alojamiento,booking
"Very well kept property. A lot of beautiful flowers. Rooms are clean and good equipped (AC, fridge,..)
Staff was exceptional, breakfast was good value and the pool is just beautiful. I liked the view we had at Arenal.",5,Hotel Roca Negra del Arenal,alojamiento,booking
"Great location, rooms are fairly simple but spotless, and we loved the private terrace with hammock, comfortable chairs, view of the garden and volcano.
Pool area also lovely, and there is a games room
Staff are a joy - such a friendly welcome and good advice on the local area.
Highly recommended",5,Hotel Roca Negra del Arenal,alojamiento,booking
"Location, great vibe. Maybe coffee in the room would have been good",5,Hotel Roca Negra del Arenal,alojamiento,booking
"A little garden paradise! We loved the private detached rooms, the friendly staff, great location, and the variety of plants. A tiny thing: the towels were a bit rough.",5,Hotel Roca Negra del Arenal,alojamiento,booking
"Everything was great! The vibe was amazing, they definitely put an extra effort into making your experience enjoyable! Which is very much appreciated. Price was a little bit overboard to be honest. After getting the final bill.",5,Hotel Roca Negra del Arenal,alojamiento,booking
"Massive bed, hammock on the patio, great breakfast at a small additional cost, friendly staff and a beautiful pool",5,Hotel Roca Negra del Arenal,alojamiento,booking
We liked everything! The property was amazing. Beautiful gardens. Rooms were spacious clean. All the gals at the front desk and the owner helped us so much with scheduling different tours and anything else we needed! Highly recommend this gorgeous paradise. Great location! Nothing!,5,Hotel Roca Negra del Arenal,alojamiento,booking
"Superb location, within walking distance of many restaurants and eateries. Gardens are fabulous and full of wildlife. Pool facilities are clean and spacious. Nothing.",5,Hotel Roca Negra del Arenal,alojamiento,booking
- / -,5,Hotel Roca Negra del Arenal,alojamiento,booking
"The location is on the edge(?) of Fortuna so there are several good restaurants in short walking distance. It is convenient to the hot springs area and easy for tour pickups. That said the highway is noisy. The grounds are very beautiful, with paths that thread through and make the space seem larger. The rooms are very private, each has its own entrance, very clean, large, comfortable beds. Terraces with comfortable seating.The staff es muy amable, very responsive and helpful. The noisy highway, tricky to cross. It's a tradeoff, convenience or seclusion.",5,Hotel Roca Negra del Arenal,alojamiento,booking
Privacy with own little house on property Could hear cars and traffic from property,5,Hotel Roca Negra del Arenal,alojamiento,booking
"The gardens, patios, and pool area were beautiful with birds everywhere!  We enjoyed the Tipico breakfast by the pool in the morning!  A delightful little hotel where we would definitely ❤️ to stay again! The internet in the room was hard to connect to, but the connection on the patio and beside the pool was good.",5,Hotel Roca Negra del Arenal,alojamiento,booking
Beautiful property Loved everything,5,Hotel Roca Negra del Arenal,alojamiento,booking
"Pool, hot tub, communal area, breakfast - we loved the cooks/ hostess in the breakfast area - tip lots! front desk ladies were the best- we had lost our luggage and they helped us try and find it. Great property. Peacock on site was fun. No",5,Hotel Roca Negra del Arenal,alojamiento,booking
Room:  They need to put coffee pots in the rooms! Coffee and breakfast…none.,5,Hotel Roca Negra del Arenal,alojamiento,booking
"The traditional Costa Rican breakfast was not only beautifully presented, but also delicious.",5,Hotel Roca Negra del Arenal,alojamiento,booking
Beautiful property with gardens full of flowers and bird watching! The stand alone cabins are great. Love the chairs and hammock on porches. Close to walk to restaurants (less than 1 mile.),5,Hotel Roca Negra del Arenal,alojamiento,booking
We had a very large comfortable room with a front patio with rockers and a hammock facing Arenal. Our room was far off the somewhat loud main road and therefore quiet. The pool and grounds were nicely maintained. Convenient location. Nice staff. Nothing,5,Hotel Roca Negra del Arenal,alojamiento,booking
Receptionist was the best very nice helpful and funny!,5,Hotel Roca Negra del Arenal,alojamiento,booking
"Excellent location, rooms, and amenities. It was quiet and perfect for families.",5,Hotel Roca Negra del Arenal,alojamiento,booking
"Great location, beautiful hotel",5,Hotel Roca Negra del Arenal,alojamiento,booking
Love this place. Staff very friendly. Clean. Beautiful grounds.,5,Hotel Roca Negra del Arenal,alojamiento,booking
"We absolutely loved our stay at Hotel Roca Negra. The grounds were beautiful, the view out our front door was of the volcano and the staff(Elizabeth and Maria) was pleasant and very helpful with suggestions to enhance our stay. It has a very rural feel with the flora and fauna on property, yet walking distance to restaurants. Of utmost importance, our bed was very comfortable! The value was exceptional. Nothing",5,Hotel Roca Negra del Arenal,alojamiento,booking
"We loved this property. Elizabeth and Maria were such a help! The coffee and pancakes at the breakfast place were superb! Good location, We loved everything about this place! There wasn’t anything we disliked about it!",5,Hotel Roca Negra del Arenal,alojamiento,booking
"""This small hotel is a gem; the tender loving care is evident, it's impeccably clean, and the host's warm welcome, coupled with a delightful sense of humor, makes it a truly special stay.""  ""The idyllic atmosphere of the small hotel enhances the overall experience, creating a perfect blend of warmth and charm that lingers in memory.""",5,Hotel Roca Negra del Arenal,alojamiento,booking
"The grounds are stunningly beautiful! Plants have been selected with wildlife in mind. We spent hours just watching and listening to the birds from the rocking chairs on our front porch. Staff were all friendly and ready to help with anything we needed. Breakfast was delicious. Hotel Roca Negra is a special place! It may be helpful to know that without a car, eating dinners out was a bit of a challenge. There are good restaurants within walking distance, but it gets dark very early, and the main road (with lots of traffic) lacks sidewalks in this part of town.",5,Hotel Roca Negra del Arenal,alojamiento,booking
"Lovely pool and hot tub and well maintained games area. Great views of the volcano with a lovely garden, lots of birds. Room was a good size with nice chairs and hammock outside to relax in. Useful to have a fridge in the room but there is no kitchen. The lady on reception was very enthusiastic and willing to help. No storage space to unpack which was not ideal staying for a few nights. You are far out of town so need to drive in but there are good restaurants nearby. There is a tv but it is not a smart tv so is not useful. Breakfast was expensive and not very good.",5,Hotel Roca Negra del Arenal,alojamiento,booking
"The room was great, the bed was comfortable and the AC cold.  It was nice to have a mini fridge in our room.  The grounds themselves are so beautiful and lush and the view of Arenal was extra!  We loved that it was close to town, but right off the main road it was convenient to everything.  Yet it still felt private and quiet.  The little kitchen/tea area was great.  We mixed out own drinks and it was nice to have utensils to cut limes and mix drinks etc.  The pool was wonderful and the hot tub was an extra perk we didn't expect to even need or want but it was great to have.  The breakfast was really wonderful as well.  The staff was friendly and accommodating. The wifi was a little slow, it didn't matter too much to us, but if you needed it for work or something that might be tough.",5,Hotel Roca Negra del Arenal,alojamiento,booking
"Very big rooms with lovely views and surroundings. Plenty of hummingbirds in all of the surrounding plants! Good location in between the town and hot springs/volcano etc The additional breakfast options were ok, but quite basic.",5,Hotel Roca Negra del Arenal,alojamiento,booking
"We loved the location, the staff, the food and the facilities! Everyone was so helpful,  the views were spectacular, and I even got my teenage niece off of her phone and engaging with me in the game room! I really don't have anything bad to say about this place. I do wish they took credit cards.",5,Hotel Roca Negra del Arenal,alojamiento,booking
"Bed was huge and comfy and the bathroom was very big. Lovely little terrace overlooking the volcano. The a/c wasn’t too loud/aggressive so was able to sleep with it on, which was rare on our trip! Hot tub and pool were good. Some great restaurants in walking distance. We stayed on our honeymoon, this was one of 8 hotels/Air B&Bs we stayed in on our trip and the only one who made an effort with a token to our honeymoon! It was appreciated. We were going to have breakfast but were put off by lots of dirty tables/plates and disgruntled people waiting. Save your money and have breakfast at the Red Frog Cafe 5 min walk away, same price as the hotel and excellent quality and service!",5,Hotel Roca Negra del Arenal,alojamiento,booking
Breakfast was amazing!  The individual “cabins” were unique.  Love the patio with comfy chairs. Would have liked one additional chair inside.  But pretty close to perfect.,5,Hotel Roca Negra del Arenal,alojamiento,booking
Overall a good stay.Small boutique property.,5,Hotel Roca Negra del Arenal,alojamiento,booking
"Beautiful accommodation set into gardens filled with flowers and birds. A restful and comfortable place. Pool, jacuzzi and game rooms add to the appeal. Coffee in the room would be an added bonus",5,Hotel Roca Negra del Arenal,alojamiento,booking
It’s just beautiful….. not far off the road but you feel like you’re in the rain forest.  All staff were just lovely too. That I couldn’t stay longer!,5,Hotel Roca Negra del Arenal,alojamiento,booking
The grounds of this hotel are beautiful - we saw so much wildlife Nothing!  I cant wait to return,5,Hotel Roca Negra del Arenal,alojamiento,booking
The staff and the garden surrounded by wildlife Littlwstorage for clothes in the room.,5,Hotel Roca Negra del Arenal,alojamiento,booking
Lovely view. Nice staff. Good location. Comfortable room. Better facilities in the room.,5,Hotel Roca Negra del Arenal,alojamiento,booking
Cozy unique property with excellent views of the Arenal volcano. Like you are staying in a flower garden combined with a mini farm - and excellent staff. Rooms are very clean and air conditioners work well! No complaints at all - but note that payments are in cash only. Does not accept credit cards.,5,Hotel Roca Negra del Arenal,alojamiento,booking
"Stunning setting with gorgeous tropical plants and animals everywhere. Reception was extremely accommodating with everything, including buying discount tickets to Baldi hot springs. Room was clean and comfortable with AC. Felt very private. I loved the hammock. Could walk to a few restaurants but was also close to hot springs. Very good breakfast for $7. Pool was amazing. The walls were a little thin but it didn’t affect us at all.",5,Hotel Roca Negra del Arenal,alojamiento,booking
"Humming birds in the garden, volcano view Our room was not cleaned every day, cash only for hotel and restaurant not very convenient, I would prefer to have the option to pay by card",5,Hotel Roca Negra del Arenal,alojamiento,booking
Beautiful property just far enough off the road to feel very private.,5,Hotel Roca Negra del Arenal,alojamiento,booking
"Beautiful grounds w wonderful lush plants, toucans, and nice chairs! Breakfast available. Fantastic new renovations! Animals! Local feel! Individual cabanas are large. Bathrooms are large. Could still hear some trucks and noise even at night ( we did use our white noise phone app too).",5,Hotel Roca Negra del Arenal,alojamiento,booking
"nothing fancy but great location, friendly staff and comfortable rooms/beds made it a great place to stay. a bit on the pricey side for what you get and we had some issues with wifi at times.",5,Hotel Roca Negra del Arenal,alojamiento,booking
"The hotel is set within a beautiful garden. Our room was very large with great beds and linens, and total privacy. There were gorgeous flowers and hummingbirds all around our porch.  There is a great pool and hot tub, and game facilities.  Breakfast is available for $7, which is a huge bargain in the area.  Staff were friendly and helpful.  Security is very good.  The location is superb.  Fabulous value for the cost. Everything was perfect. My only comment is that you can't drive to your unit.  This wasn't a problem for us, as our unit was close to  parking, but it could be for those further away.",5,Hotel Roca Negra del Arenal,alojamiento,booking
Room was great! Great Location and excelent service. Kitchen was under repair so Breakfast was not included!  and You need to pay in cash at the hotel!,5,Hotel Roca Negra del Arenal,alojamiento,booking
"The hostesses are very friendly and helpful. The rooms and beds were good and clean. And especially the environment within the resort is absolutely beautiful. There are lots of plants and birds around the room. The air conditioning only worked at the highest airspeed, which was quite noisy during the night",5,Hotel Roca Negra del Arenal,alojamiento,booking
"The staff was so personable and friendly! They made sure our stay was perfect, and they were very responsive and flexible. The view of the volcano from our room was amazing. There were a few bugs in the bathroom since the bathroom windows are screened in but they didn’t bother us.",5,Hotel Roca Negra del Arenal,alojamiento,booking
Wonderful location just outside the town. Walking distance to restaurants. Wonderful pool area. Big and spacious rooms. We saw so many birds in the garden!,5,Hotel Roca Negra del Arenal,alojamiento,booking
"This property is a birder's paradise! My friend had to work a couple of hours each of the days we were there so I spent that time on the deck with binos, camera and Merlin. The gardens and property are amazing. Close to all the spots we wanted to visit. Unfortunately weather didn't cooperate to see the volcano clearly. coffee maker in room would have been nice.",5,Hotel Roca Negra del Arenal,alojamiento,booking
"Very helpful receptionist.
Good location and attractive grounds and gardens. Good views. Nothing to dislike.",5,Hotel Roca Negra del Arenal,alojamiento,booking
"Green, Clean and very beautiful new-looking hotel with awesome staff",5,Hotel Roca Negra del Arenal,alojamiento,booking
"Nice and green garden. Garden makes your stay private. It was nice and clean. Staff was friendly and helpful.
Superb volcano view when it’s clear. Lovely chicken. Tin roof, very noisy, when raining (it was raining all those days). A bit noisy aircon.  Poor internet while raining.",5,Hotel Roca Negra del Arenal,alojamiento,booking
The grounds are like a botanical garden on steroids- amazingly beautiful- the hummingbirds weee amazing as well Liked everything,5,Hotel Roca Negra del Arenal,alojamiento,booking
The hotel was fantastic; we felt very luxurious staying here. The pool was lovely and often I was the only person using it. The staff were all really helpful and kind. I really enjoyed sitting on the deck in front of our room staring at the volcano. The only issue we had was that wifi was pretty terrible. It was basically impossible to get work done.,5,Hotel Roca Negra del Arenal,alojamiento,booking
"The rooms were simple, with nice bathrooms and plenty of space. The property itself is absolutely gorgeous, with all sorts of dense landscaping that gave us a wonderful sense of privacy. The staff were a delight, and were super welcoming after a long drive in. The property is surprisingly quiet and private given that it's on the main road. There are plenty of shops and restaurants in walking distance, and it was easy to drive to all of the major attractions. They were also accommodating for dietary restrictions at breakfast, offering a bit extra of stuff I could eat and omitting things that I couldn't. The wifi was pretty terrible, but I didn't come to Costa Rica to be on the internet. It would have been nice to have a more stable connection for uploading photos, but there were plenty of other options. However, I wouldn't recommend staying here if you needed to get any work done, unless you bring other means of connecting. Additionally, it would have been nice to have an on-menu vegan option for breakfast, but the staff was very accommodating with changes, and it was no problem at all.",5,Hotel Roca Negra del Arenal,alojamiento,booking
"Beautiful location, spectacular views and a lovely garden. Room was spacious and well equipped, although a kettle or similar would have been welcome. Staff were lovely and very helpful. Quite a few restaurants and shops nearby or 5 minutes to the main town We didn't realise it was cash only until the day before we arrived. It would have been good to know sooner as it took a while to find ATMs with USD.",5,Hotel Roca Negra del Arenal,alojamiento,booking
"The Gardens , the flowers , the staff .",5,Hotel Roca Negra del Arenal,alojamiento,booking
The room was super big and comfortable. The breakfast was very good.,5,Hotel Roca Negra del Arenal,alojamiento,booking
Beautiful views and surrounds. Comfortable bed and great room and balcony. It was 30 mins walk out of La Fortuna town.,5,Hotel Roca Negra del Arenal,alojamiento,booking
"Located slightly outside the busy streets of la Fortuna, but still along one of the main travel axes. Nice relaxed place, where we hardly noticed the presence of other tourists. The cabins are secluded behind shrubs and flowers. Ours had its one patio. Pool and jacuzzi are nice and clean. Service at the front desk was excellent and very welcoming.",5,Hotel Roca Negra del Arenal,alojamiento,booking
"Friendly staff, as a solo traveller I was made to feel very welcome. Room, although simply furnished was clean and the bed very comfortable, I slept very well (except for when it rained!) I really liked the fridge and being able to store some food and drinks. View of the volcano was an added bonus. Location was excellent - sodas, a supermarket, pharmacy all in walking distance but out enough to feel more rural. Beautiful grounds, great pool area and bonus of the jacuzzi which was perfect after a day full of activities. Coffee and small outdoor kitchen area was good for making sandwiches and breakfast. Excellent value for money overall. Breakfast wasn’t available on the dates I stayed which was unfortunate (the rooms have fridges though so this wasn’t a dealbreaker for me!)",5,Hotel Roca Negra del Arenal,alojamiento,booking
Pool jacuzzi play area rooms have huge showers,5,Hotel Roca Negra del Arenal,alojamiento,booking
"We loved the modern spacious bungalow incl. the nice terrace providing views of the Arenal vulcano. The beds were very comfy. Showeres were nice and hot. Wifi was very good in the room as well as in the common areas.
The pool area is lovely and includes a jacuzzi which is turned on (only upon request) as from 3 pm. Breakfast should be included in the price instead of charged extra.",5,Hotel Roca Negra del Arenal,alojamiento,booking
We loved the room and the gardens and view of the volcano were spectacular. We enjoyed the jacuzzi and pool. The breakfast was very good and affordable. The absolute best thing about our stay was the staff. They were so helpful and friendly.,5,Hotel Roca Negra del Arenal,alojamiento,booking
"Beautiful garden with hummingbirds and view of Arenal in front of our room, AC We should have stayed longer than one night :-)",5,Hotel Roca Negra del Arenal,alojamiento,booking
"We stayed in 4 places in CR and this was our favorite. Beautiful grounds including birds and chickens. Private bungalow with view of Arenal Volcano. Delicious breakfast available for $7...fruit, eggs, rice/beans, toast. Elizabeth, our host, lives on the property was very friendly and accommodating. Great location on edge of La Fortuna....less than half mile walk to restaurants. No suggestions.",5,Hotel Roca Negra del Arenal,alojamiento,booking
"This was a gorgeous property, and the staff was very helpful. They did not take credit cards for anything.",5,Hotel Roca Negra del Arenal,alojamiento,booking
"Seclusive & secure facility, the staff was super friendly and helpful. We got to see a lot of birds, including parakeets and a variety of hummingbirds. The parking was easy to get in and out of. The breakfast was delicious and very affordable. Water pressure was lower than what we prefer.",5,Hotel Roca Negra del Arenal,alojamiento,booking
This property is an oasis. Loved everything! I did not like that there is not a microwave and coffee maker in the room.,5,Hotel Roca Negra del Arenal,alojamiento,booking
The pool and hot tub were nice for relaxing in the evening. The grounds are a well-maintained garden with weaving paths that made for a relaxing stroll or a nice view from our room's porch or any of the scattered public lounge areas.,5,Hotel Roca Negra del Arenal,alojamiento,booking
"Friendly and helpful staff, clean, spacy nice decorated room with big beds. Good shower, lovely terras with rocking chairs and vieuw on the stunning garden and the volcano. A bit of a long wait for breakfast to be served",5,Hotel Roca Negra del Arenal,alojamiento,booking
It was beautiful and the staff was incredible.,5,Hotel Roca Negra del Arenal,alojamiento,booking
"Amazing place, great atmosphere and amazing staff. Lovely garden all around, you can just sit on your veranda and watch the flowers, the birds and the volcano. Great breakfast for a very reasonable price!",5,Hotel Roca Negra del Arenal,alojamiento,booking
"Beautiful property, friendly staff, great location. Pool and jacuzzi were really pleasant.",5,Hotel Roca Negra del Arenal,alojamiento,booking
Beautiful grounds and cabins and pool. Extremely great and friendly and helpful staff. Restaurants and little store very close for walking.,5,Hotel Roca Negra del Arenal,alojamiento,booking
Absolutely the staff!!,5,Hotel Roca Negra del Arenal,alojamiento,booking
"Great staff. Rooms were lovely. Fantastic gardens, seating areas and pool. Lots of birds around as well as the resident birds and dogs. There was confusion with paying for breakfast, it wasn't made clear to us. No coffee in the kitchen area.",5,Hotel Roca Negra del Arenal,alojamiento,booking
Elizabeth was so great! The property and view from the room was just amazing. Loved all of the animals there. Very beautiful and quant place. Highly reccomend!,5,Hotel Roca Negra del Arenal,alojamiento,booking
"The staff were very friendly and helpful with recommendations for activities in the area. The room, pool and gardens with views of the volcano were lovely! It was around a 25-30 minute walk from fortuna centre and near lots of restaurants/ shops - the perfect hotel for relaxing and exploring the area!",5,Hotel Roca Negra del Arenal,alojamiento,booking
"Beautifully kept, perfect location, extremely friendly and helpful staff with the most relaxing atmosphere. Breakfast the best we had! Nothing",5,Hotel Roca Negra del Arenal,alojamiento,booking
"Great hotel, very nice staff! There is a little garden and a great pool area with a jacuzzi! 😍 we enjoyed our 2 nights in the extremely comfortable king size bed and had a sun downer on the veranda.",5,Hotel Roca Negra del Arenal,alojamiento,booking
The privacy of the individual cabins,5,Hotel Roca Negra del Arenal,alojamiento,booking
the extremely queer friendly and welcoming atmosphere. great for couple,5,Hotel Roca Negra del Arenal,alojamiento,booking
"The gardens were gorgeous and we enjoyed seeing lots of flowers and birds. The property was gated and felt very secure. We loved the views of the volcano. The breakfast seemed cheap/low quality and not worth paying extra (would have been fine if it was included with our stay). Although the reception staff were friendly and helpful, the staff at the breakfast were not very nice. The room seemed quite clean at first but we noticed there was dirt above the cabinets where the blankets were stored. Also, our suitcases were covered in bugs after we left them on the floor of the room (not sure if the hotel could prevent this issue).",5,Hotel Roca Negra del Arenal,alojamiento,booking
"Stunning. My porch was a menagerie of birds and flowers.  I could watch the humming birds for hours. There was thought out into everything. Great attention to detail. Staff promised to assist me with someone at 6:30 am the day I departed but they didn’t show. 

Also, reception has surprisingly poor English. Communication is difficult.  But I just talked slower. They were super kind and helpful most of the time !",5,Hotel Roca Negra del Arenal,alojamiento,booking
"Elizabeth and Eugenia at front desk.
Beautiful grounds
Nice outdoor jacuzzi
Great beds
Refrigerator in room
Microwave at reception
Great price",5,Hotel Roca Negra del Arenal,alojamiento,booking
"Good location, very pleasant and funny staff. Confortable bed and good air conditioning. Highly recommended",5,Hotel Roca Negra del Arenal,alojamiento,booking
Beautifull place with a nice pool and comfortable rooms.,5,Hotel Roca Negra del Arenal,alojamiento,booking
"Very clean and large rooms with private terrace. Wonderful garden. Payment only in cash, breakfast not included and need to be ordered the day before - so no spontaneous option to have breakfast.",5,Hotel Roca Negra del Arenal,alojamiento,booking
"Comfortable, modern, clean.  Beautiful grounds and pool, and incredibly welcoming.",5,Hotel Roca Negra del Arenal,alojamiento,booking
"The pool and hot tub were great. Breakfast was delicious, quick and homemade. Our room wasn't fancy, but it was clean and secure and had everything we neeeded. It would have been nice to have a coffee maker in the room. And the AC did not get the room quite cool enough for our preference.",5,Hotel Roca Negra del Arenal,alojamiento,booking
"Palace is amazing! I feel like I was in expensive resort. Very clean, it was in middle of nature. Host are incredible… Definitely I’ll back here, and tell all my friends to book here. Reference",5,Hotel Roca Negra del Arenal,alojamiento,booking
"Hotel Roca Negra was so cozy, we absolutely loved our stay, so much so that we extended our stay by 2 days. There is so much to do aside from all the attractions in La Fortuna, a big beautiful garden with walking paths, a game area with pool and ping pong, a lovely pool and hot tub. Not to mention, all the staff were so friendly and helpful the whole time!",5,Hotel Roca Negra del Arenal,alojamiento,booking
"Room was nice.
Breakfast was OK. A bit low on fruits.
There was a pool, a hot tub, billiards table and ping pong table. Breakfast was OK. A bit low on fruits",5,Hotel Roca Negra del Arenal,alojamiento,booking
"Beautiful surroundings, generous staff and very nice pool area. Overall I’d say great value for money and I found especially the bathroom much much nicer than based on the pictures. We stayed in a 4-person room. The view is to die for, when El Arenal shows itself. A small suggestion for the breakfast provided on site: if a yoghurt, fruit and cereal option could be included in the choices, that would be great. Breakfast on site was very practical for us and we felt very much looked after by the ladies providing it.",5,Hotel Roca Negra del Arenal,alojamiento,booking
We enjoyed our stay in a cabin at Roca Negra. It was a great location just outside of town but also set back from the road just enough that it felt secluded and peaceful. We spent some quality time on our cabin's porch watching the afternoon rainstorms. The reception staff were very friendly and the breakfast was tasty.,5,Hotel Roca Negra del Arenal,alojamiento,booking
Welcoming staff. Beautiful grounds. Private cabin with amazing view of volcano. Beds were a little squeaky and soft.,5,Hotel Roca Negra del Arenal,alojamiento,booking
"Gorgeous well cared for property with excellent view of Arenal. Kind, welcoming, and attentive staff, helped us book other outings. Beds were very comfortable. Our room’s personal hammock was breaking and didn’t work well but the rocking chairs were super comfortable.",5,Hotel Roca Negra del Arenal,alojamiento,booking
"The accommodation itself was excellent. We stayed in a very clean and nice bungalow. The garden area is beautiful, and we loved the pool, pool table, table tennis, and small jacuzzi. Having free coffee and tea facilities was a great bonus. The cleaners and landscapers were incredibly kind, friendly, and hard-working. The check-in experience with the management/owner left a very sour taste. After communicating our arrival time, we were met with unnecessary irritation and told to ""calm down"" simply for politely asking where to park so we wouldn't block the driveway. Furthermore, the management made an intrusive, inappropriate comment to my wife regarding her ethnicity (""Are you from Thailand? You don't look Chinese!""). Throughout the stay, we felt uncomfortable as the management kept staring at us. Excellent property, but the hospitality from management needs a serious lesson in manners and customer service.",4,Hotel Roca Negra del Arenal,alojamiento,booking
"The grounds are kept up very beautifully. Its more than a full-time job. The Gallo Pinto (beans and rice) at breakfast are exceptional. The covered deck is perfect.  The birds are so fun to watch and listen to.  We enjoyed having a resident cat who slept on our deck. We can drink from the tap and filled our water bottles. Do walk the grounds!! There's a delightful little nature trail in back I had made my reservations long before my visit and either didn't remember the fine print, or missed it. The hotel only takes cash.  I spent too much time out of my vacation trying to find cash. You can get cash at the ATM only at ""Bac San Jose"" which actually says, ""Bac Credomatic,"" no ""San Jose"" anywhere. 
The bathroom and towels never dried & the bathroom floor was really,  really slippery.  (Be careful!) No closet or drawers to put my clothes in. No hot water  from sink.",4,Hotel Roca Negra del Arenal,alojamiento,booking
The bed was very comfortable and the room was spotlessly clean. The rooms were sparsely furnished with very ugly furniture and the lighting would have been perfect for an operating theatre but not so much for a bedroom. It would have been nice to have coffee making facilities in the room. There was a free ‘coffee station’ on the property but the coffee was pretty much undrinkable. The breakfast was ok but not included in the price of the room. Everything in La Fortuna is expensive and this place was no exception.,4,Hotel Roca Negra del Arenal,alojamiento,booking
The bed was comfortable and the room was very clean. The staff were lovely,4,Hotel Roca Negra del Arenal,alojamiento,booking
"Very close to every experience La Fortuna has to offer. Walking distance from restaurants. The property itself is lovely with native plants and animals. The pool and hot tub are great. No comforters on the bed, which isn’t a big deal because it’s warm outside. No conditioner for hair, also not a big deal.",4,Hotel Roca Negra del Arenal,alojamiento,booking
"The location, jacuzzi, greenery, cleanliness They insist on cash only, but unless the bill looks like it was freshly printed and hand-delivered by the mint, they won’t take it.",4,Hotel Roca Negra del Arenal,alojamiento,booking
"Closeness to town, ease of check in",4,Hotel Roca Negra del Arenal,alojamiento,booking
"The property is impeccable and incredible. The rooms are clean, well stocked with linens n such. 

The bathrooms are pristine. 

The breakfasts are insanely delicious and satisfying. The main difficulty with the stay is the setup for pymt. it’s like some private business (as seen on my bank statement) where they prefer cash. They didn’t tell me, until I had already flown from USA that they wanted cash pymt. well, I never traveled with cash. I asked them to consider alternative forms of pymt. 
The WiFi was terrible. It went in-n-out and was not reliable. The power went out for a time during a gnarly part of the rainstorm one evening.  
Nothing, including the tv and the fridge was plugged in, like they were trying to save money rather than look luxurious. 
The location was not bad, but you gotta Uber everywhere",4,Hotel Roca Negra del Arenal,alojamiento,booking
"Good location. Good parking spot. No hot or warm water in the sink and very limited warm water for the shower. 
Tea coffee making facilities are not in the room. They are in a shared lean too. More like camping. Not at all what we expected. Your wording is very misleading. 
Breakfast is offered by a third party at $6 per person. We didn’t try it. Wanted to but they had nothing to offer a vegan. Again the room looked like camping.",3,Hotel Roca Negra del Arenal,alojamiento,booking
"We only stayed for one night, during our stopover at La Fortuna. The hotel is perfectly acceptable. There are a lot of restaurant options in the neighbourhood, the hotel itself does not have a dinner restaurant.",4,Hotel Roca Negra del Arenal,alojamiento,booking
"Great location, excellent service from the staff. The plastic pillows.",4,Hotel Roca Negra del Arenal,alojamiento,booking
"The staff was very kind and alwsys reafy to help. The location is great. The little Casitas sit amongst beautiful, well-kept grounds. The breakfast needs improvement. Options are small, and the quality is just ok.",4,Hotel Roca Negra del Arenal,alojamiento,booking
"The gardens were beautiful with quiet places to relax and lots of birds to watch and enjoy their singing. A safe oasis off a busy road. 
The king size bed was very comfortable and the rooms were clean. We had a nice view of Arenal volcano from our front porch. The building and rooms are getting old and need some TLC. The bathroom sink had no hot water and the roof leaked during a heavy rain. We stepped in puddles around the toilet, brushed our teeth with water dripping on our head and all our toiletries got wet. 
I mentioned the leak to the front desk on check out and they were hesitant to offer any apology claiming it’s an old building and just the way it is. They claimed I should have told them right away but when we came by the desk the first night, no one was there. Same the next morning and at 8pm the following day we were too tired to deal with it and we were leaving. In the end after expressing my displeasure and requesting a discount, they gave us $20 off our 4 night stay.",4,Hotel Roca Negra del Arenal,alojamiento,booking
"It is a beautifully landscaped villa park in a green garden, where you can see many birds and encounter a few nice cats.
It's pretty quiet there.
The houses are clean and tidy with a somewhat old-fashioned dated decor.
Most houses have a view of the volcano and some even have very good views.
The breakfast was tasty.
The staff were friendly and welcoming. The air conditioning in our house was loud and could not be adjusted properly.
The decor is quite old-fashioned/dated.
It's annoying that you can't pay with a credit card.",4,Hotel Roca Negra del Arenal,alojamiento,booking
Location.  Friendly staff Smelled mold,4,Hotel Roca Negra del Arenal,alojamiento,booking
The birds and close to soda bar gardens were pretty Thin walls could hear everyone's conversation next door.Dark in the room and looked like the place needed an update.,4,Hotel Roca Negra del Arenal,alojamiento,booking
Nice gardens Small rooms. Little counter space,4,Hotel Roca Negra del Arenal,alojamiento,booking
"Friendly staff. Good facilities, with everything you need for a pleasant short stay. It felt safe. Nice quirky property. The room's decor was slightly tacky, with poor use of space. The house next to the reception seemed cluttered and disorganised. The hotel doesn't accept credit/debit cards, only cash. Not really the hotel's fault but there is no sidewalk by the road outside, which makes it a bit dangerous to walk, particularly at night.",4,Hotel Roca Negra del Arenal,alojamiento,booking
"Beautiful property - lots of birds 
Great location- walking distance to both downtowns 
Enough parking 
Rooms were clean - water was hot We booked through booking.com- when we got there they forced us to pay in cash with a message the day before. No other place we stayed in asked for cash. 
The front desk took cash from my husband and didnt give the right amount of change back. also with an attitude.",3,Hotel Roca Negra del Arenal,alojamiento,booking
"Great location. Close to restaurants, hot springs, and 20 minute drive to Arenal Volcano National park. The hotel also had a really nice view of the volcano. The day prior to the reservation, we were told that we needed to pay for the room fully in cash the day of check-in, even though this is not listed in the policies on booking.com and I reserved with my credit card. We were told if this is inconvenient for us we can cancel which we would have been charged a penalty for canceling on short notice. Upon arrival we paid in all cash for the room. We did not receive a receipt. It seems like they do not have a good way of documenting who paid for the rooms because when I was checking out they asked me to pay for the room again. When I told them I already paid, they said they never wrote it down that I paid so I must have not paid. In addition to the check-in/check-out inconveniences, upon initial entry to our room, there was a giant cockroach in there. We understand the hotel is in a garden and the weather is humid but it made the room feel less clean.",4,Hotel Roca Negra del Arenal,alojamiento,booking
The people were friendly and it the room was clean. You were only able to pay cash! The electricity didn’t work in the morning and they didn’t have generators. We had breakfast included but the kitchen woman was on vacation and wasn’t able to have this!,3,Hotel Roca Negra del Arenal,alojamiento,booking
Can only pay with cash. Don’t understand why Booking is supporting tax evasion.,3,Hotel Roca Negra del Arenal,alojamiento,booking
Lush location at Arenal,5,Hotel Roca Negra del Arenal,alojamiento,booking
The property was very well laid out. Was gated and all the grounds were very clean and well kept. No microwaves in rooms,5,Hotel Roca Negra del Arenal,alojamiento,booking
"Mooi aangelegd, uitzicht richting vulkaan geweldig Rupsen met giftige stekeltjes.",5,Hotel Roca Negra del Arenal,alojamiento,booking
Camere pulite e spaziose con patio immerso nella natura. Cucina moderna a disposizione degli ospiti. Molto apprezzata la piscina con l’area relax Il fatto di dover pagare tutto il soggiorno esclusivamente in contanti non fa fare una bella figura,5,Hotel Roca Negra del Arenal,alojamiento,booking
"Tout! La piscine, le personnel, le jardin. Chambre spacieuse et belle terrasse Dommage qu’il n’y ait pas un coin cuisine dans le chalet",5,Hotel Roca Negra del Arenal,alojamiento,booking
"De huisjes liggen verspreid in een mooie tuin vol bomen en planten die diverse dieren aantrekken. Het zwembad is fijn en de verwarmde jacuzzi in de middag was een pluspunt.
De kamers zijn simpel, maar netjes en schoon. Bij de receptie ligt een ruimte waar je koffie en thee kunt zetten en waar je servies en bestek kunt gebruiken. Het park kan hier en daar een opknapbeurt gebruiken (de koffie- en theeruimte is onlangs wel vernieuwd).
Het ontbijt vonden we tegenvallen. We reserveerden dit de eerste ochtend en wij vonden het de 8 dollar niet waard. Ook hebben we ruim een half uur moeten wachten, waardoor we bijna onze tour misten.",5,Hotel Roca Negra del Arenal,alojamiento,booking
"Fantastisch mooie tuin, comfortabel huisje, heerlijk zwembad, perfecte ligging, goede splinternieuwe keuken, gratis koffie. De houding van de eigenaar is wat eigenaardig. Specifiek voorbeeld; Vragend naar de functie van de whirlpool, doet ze alsof ze haar hoofd stoot om aan te geven dat het een domme vraag is..",5,Hotel Roca Negra del Arenal,alojamiento,booking
"Elke kamer heeft een terras met zicht op de mooie tuin en op de vulkaan bij mooi helder weer. Hotel ligt dicht bij restaurants , winkels en activiteiten. Lekker ontbijt. Je kan alleen cash betalen. Je moet het ontbijt elke dag cash betalen.",5,Hotel Roca Negra del Arenal,alojamiento,booking
"Emplacement parfait. Piscine jacuzzi, billard baby-foot ping-pong. Chambre avec vue sur le volcan Arenal (quand le temps est dégagé). Tout était parfait",5,Hotel Roca Negra del Arenal,alojamiento,booking
El lugar muy bien cuidado Nada,5,Hotel Roca Negra del Arenal,alojamiento,booking
"Elisabeth és una gran professional, ens ha atès molt bé i amb molta atenció a tot el que hem necessitat. L'hotel ajardinat està molt ben cuidat, la piscina amb jacuzzi calentet s'agraeix moltíssim i ens ha anat molt bé que hi ha una zona de cafetería on pots fer-te cafè, infusions, sucs... també hi ha jocs de taula... molt agradable tot! I tenen alguns animals fins i tot! L'esmorzar que s'ofereix amb cost adicional no ens va semblar massa bé. Vam preferir esmorzar a la zona cafeteria self service del mateix hotel. 
L'aigua de la dutxa no té molta presió.",5,Hotel Roca Negra del Arenal,alojamiento,booking
"El personal muy amable y servicial en todo momento, es un hotel muy bonito con muchas amenidades, parece que estás dentro de un bosque es hermoso, habitación limpia, desayuno rico, está a 5 min del centro en coche Todo bien ninguna queja",5,Hotel Roca Negra del Arenal,alojamiento,booking
"O hotel é incrível, funcionários encantadores, quarto bastante confortável, um ambiente cheio de verde com uma vista linda do vulcão. Muitos beija-flores por toda parte. Minha filha de 6 anos gostou tanto que não queria ir embora e disse que queria trabalhar no hotel Teria sido mais conveniente poder pagar no cartão, mas isso não afetou em nada a experiência",5,Hotel Roca Negra del Arenal,alojamiento,booking
"Die Hotelanlage mit dem Pool und dem Regenwald-Garten war wunderbar. Wir hatten einen Bungalow mit Terrasse und traumhafter Aussicht auf den Vulkan. Das Zimmer war groß und sauber, ebenso das Bad. Es wirkte neu. Wir hatten einen Gecko im Zimmer, auf einem Bett haben wir seine Hinterlassenschaften entdeckt. Außerdem fielen durch die Dachbalken ein paar Mal Holzbrösel aufs Kissen. Aber das sind Kleinigkeiten, über die man hinwegsehen kann.",5,Hotel Roca Negra del Arenal,alojamiento,booking
"Locatie prachtig, veel groen en mooie huisjes/kamers met top airco, hele grote bedden, goede douche  en super schoon Ontbijt was heerlijk.  Personeel ook geweldig. Aanrader! niks",5,Hotel Roca Negra del Arenal,alojamiento,booking
"Ein wirklich schönes Hotel mit einem tollen Garten ! Wir konnten früher einchecken, was wirklich toll war. Der Pool ist auch sehr schön ! Die Zimmer haben eine tolle Veranda mit Blick auf den Vulkan, von dem man Kolibris beobachten kann. Die Betten sind leider sehr sehr weich",5,Hotel Roca Negra del Arenal,alojamiento,booking
"Tolle Unterkunft mit Blick auf dem Vulkan. Grüne Oase, dennoch sehr zentral. Herzliche engagierte Gastgeber.",5,Hotel Roca Negra del Arenal,alojamiento,booking
"Zwembad, view op de vulkaan Cash te betalen",5,Hotel Roca Negra del Arenal,alojamiento,booking
"Localització bona, tranquilitat, espai i zones comunes molt boniques. Esmorzar molt bo. Tot molt bé.",5,Hotel Roca Negra del Arenal,alojamiento,booking
"Tout, le jardin, la piscine, l'accueil, la vue de notre terrasse sur le volcan par temps découvert. Le parking à côté de notre maison.",5,Hotel Roca Negra del Arenal,alojamiento,booking
"Tolle Lage zwischen La Fortuna und dem Vulkan. Schöne, gemütliche Zimmer mit toller Terrasse.
Gepflegter Poolbereich, Möglichkeit, sich Café zuzubereiten. 
Top für unsere Kids : Tischtennis, Kicker und Billard. Sehr gute Pancakes am Morgen :-)
Alternativ ist das Soda schräg gegenüber sehr zu empfehlen Wir waren zu viert und hatten leider nur drei Sitzmöglichkeiten auf der schönen Veranda.",5,Hotel Roca Negra del Arenal,alojamiento,booking
"- Leuk uitzicht op de vulkaan. 
- Grote bedden. 
- Leuk zwembad en jacuzzi
- Pooltafel, kickertafel en pingpong
- Vriendelijke mensen aan de receptie",5,Hotel Roca Negra del Arenal,alojamiento,booking
"L'hôtel est très bien placé au coeur de la ville au centre des spas, des restaurants, des excursions, avec une vue sur le volcan qui était nous concernant dans les nuages. Piscine, espace café/thé à volonté, jeux... Les chambres en bungalows sont très grandes et bien agencées, avec un lit immense. Les bungalows sont relativement espacés, au cœur d'un jardin verdoyant. Les pancakes du petit déjeuner sont une tuerie. Le jacuzzi un peu frais.",5,Hotel Roca Negra del Arenal,alojamiento,booking
"De tuin van dit hotel is werkelijk prachtig, de dames bij de receptie super vriendelijk en de kamer met zitje was heerlijk 
Ook het zwembad was mooi zorgde voor verkoeling Als we iets moeten kiezen het ontbijt.
Dat betaal je los in de ontbijtzaal,en vonden wij prijzig zeker omdat je voor alle extra s moet bij betalen.",5,Hotel Roca Negra del Arenal,alojamiento,booking
"De mooie tuin met prachtige bloemen, vogels en andere diertjes. De leuke huisjes. Alles was met zoveel liefde en zorg ingericht, met aandacht voor decoratie en detail. Een genot om hier te zijn!
Het hartelijke en gastvrije personeel, vooral de immer sprankelende Elisabetta.
Mooi zwembad en jaccuzzi. Leuke algemene ruimtes, zoals het hoekje voor koffie en thee of de ruimte met ping-pong, biljart en tafelvoetbal.
Door het hele park ligt een pad met een groen tapijtje zodat je comfortabel kunt lopen.
Zeer schoon en netjes. Grote bungalow en terras. Elke ochtend komt een ploeg het zwembad uitgebreid schoonmaken.
Alles was perfect. Een van de twee beste hotels waar we in Costa Rica hebben verbleven. Absoluut niets.",5,Hotel Roca Negra del Arenal,alojamiento,booking
"Gyönyörű és tiszta,nagyon kedves személyzet Nem volt ilyen",5,Hotel Roca Negra del Arenal,alojamiento,booking
"Bon accueil,  superbe emplacement,  face au volcan",5,Hotel Roca Negra del Arenal,alojamiento,booking
"Hele mooie ruime kamer, fantastisch uitzicht, airco, koelkastje, heerlijk ontbijt (pannenkoeken).",5,Hotel Roca Negra del Arenal,alojamiento,booking
"L'emplacement, la taille de la chambre, la piscine Le paiement en liquide uniquement",5,Hotel Roca Negra del Arenal,alojamiento,booking
"מלון מטופח ויפה מאד. חדרים ענקיים ומדהימים. עם נוף לארנל. 
אליזבט המארחת נותנת תחושה של בית והשירות מעל ומעבר. 
מיקום מצוין ונוח. נקי מאד. היה מושלם",5,Hotel Roca Negra del Arenal,alojamiento,booking
"Gezellig, knusse locatie met een fijn zwembad Personeel was wat sarcastisch",5,Hotel Roca Negra del Arenal,alojamiento,booking
"Prachtig eigen huis in mooie tuin vol bloemen. Mooi uitzicht. 
Heerlijke jacuzzi. We hadden hier een week willen blijven.",5,Hotel Roca Negra del Arenal,alojamiento,booking
"Prachtige locatie,  een ruim terras met schommel stoelen en hangmat om rustig te kunnen genieten van het uitzicht op de vulkaan en de mooie tuin.
Ook het zwembad was een groot pluspunt. Niets",5,Hotel Roca Negra del Arenal,alojamiento,booking
"Le jardin magnifique et très bien entretenu. Les cabines grande propres bonne literie.
Un grand merci a Elisabeth qui est très efficace. Rien.
Euh ..... juste une chose que le propriétaire dise a sa famille de ne pas utiliser la piscine avec ses amis très bruyants quand il y a des clients.
Merci Élisabeth d'être intervenue.",5,Hotel Roca Negra del Arenal,alojamiento,booking
"La localisation est parfaite, à proximité du village d'Arenal sans etre dans celui-ci Tout était bien",5,Hotel Roca Negra del Arenal,alojamiento,booking
Sehr schöner gepflegter Garten. Blick auf den Vulkan (nur wenn es nicht Regenten😅). Restaurants in Laufdistanz. Nichts.,5,Hotel Roca Negra del Arenal,alojamiento,booking
"Wir hatten einen der hinteren Bungalows (Nr 14) in ruhiger Lage. Top Ausstattung mit bequemen Betten und gutem Badezimmer. Der Garten ist sehr schön angelegt. Sehr gepflegte Gemeinschaftsbereiche mit Pool, Billard/Kicker, Kaffee
cke. Das Frühstück kostet extra und ist für den Preis in Ordnung. Wir wären gerne länger geblieben. Im vorderen Bereich ist die Straße deutlich hörbar",5,Hotel Roca Negra del Arenal,alojamiento,booking
Bij de receptie een zeer vriendelijke ontvangst. Kamer is prima. De tuin is echt prachtig met veel bloemen. Mooi zwembad erbij. Het ontbijt is los af te nemen. Opzich eenvoudig maar wel keuzes. De 2 dames die het ontbijt regelen zijn helaas niet heel vriendelijk en sociaal. Dat is erg jammer. Ze hebben geen plezier in hun werk! Komen erg verveeld en chagrijnig over op klanten.,5,Hotel Roca Negra del Arenal,alojamiento,booking
"Abseits, jedoch nah vom sehr touristischen La Fortuna. Inmitten eines sehr schönen Parks. Liegt auf dem Weg zum Vulcan Arenal. Wir haben das verbesserungswürdige Frühstück am zweiten Tag durch Sonderbestellungen optimiert. Das Personal war hier für die Änderungen sehr aufgeschlossen.",5,Hotel Roca Negra del Arenal,alojamiento,booking
"Sehr schöne Anlage mit Bungalows in einem gepflegten großen Garten (etwas gewöhnungsbedürftig sind nur die mit Kunstrasen ausgelegten Wege). Macht Spaß, sich dort aufzuhalten und die zahlreichen Vögel zu beobachten (ein Aguti kam auch mal vorbei). Kaffee und Tee den ganzen Tag kostenlos, schöner Pool, toller Jacuzzi. Elizabeth von der Rezeption immer gut drauf und auch die andere Kollegin sehr, sehr nett. Frühstück kostet 8 Dollar extra, lohnt sich vor allem, wenn man das klassische Gallo Pinto nimmt, und man sitzt dabei sehr nett im Grünen. Das Hotel liegt in einem Vorort von La Fortuna, aber es gibt dort auch fussläufig ein paar nette Restaurants wie das Soda fast gegenüber. Roca Negra ist ein Wohlfühlort mit herzlicher Atmosphäre. Ich würde jederzeit wiederkommen, aber das nächste Mal ein Superior- oder Deluxezimmer nehmen und nicht das Standardzimmer. Das war zu zweit mit Koffern schon recht klein - bei den auf Booking angegebenen 30 Quadratmetern wurde offenbar die Terrasse grosszügigst mit eingerechnet - und sehr hellhörig, man bekommt viel von den Nachbarn mit. Dass ausschließlich Barzahlung akzeptiert wird, wurde zwar vorher mehrmals kommuniziert, es ist aber trotzdem bei höheren Summen lästig.",5,Hotel Roca Negra del Arenal,alojamiento,booking
"Heel erg mooi aangelegd. Prachtige tuinen bij elke kamer, of beter gezegd, huisje. Voor 8 $US krijg je een simpel maar gezellig ontbijtje bij het zwembad met een prachtig uitzicht op het groen. Erg vriendelijk en behulpzaam personeel. We hebben diverse huisjes gehad en de wat duurdere huisjes zijn ruimer en iets meer aan te raden. Het uitzicht op de vulkaan hangt erg af van het weer. Er zijn ook wat leuke restaurantjes op 5-10 minuten lopen. Naar La Fortuna lopen duurt ongeveer een half uur, maar er is geen mooi voetpad. Doorgaans loop je door de berm, of een gebrekkig pad. Er is een kluisje, maar het kan erg klein zijn. De maat en uitvoering hangt af van het huisje. Het kan gebeuren dat je een sleuteltje moet gebruiken. Ook paste zelfs een iPad niet altijd. Het oversteken van de drukke weg naar sommige restaurantjes valt niet altijd mee, maar lukt met wat geduld altijd wel :-)",5,Hotel Roca Negra del Arenal,alojamiento,booking
Heel vriendelijk ontvangen locatie prima mooie tuin,5,Hotel Roca Negra del Arenal,alojamiento,booking
"Proche de la ville et de toutes les activités. La piscine était tout à fait correct. On avait la chance d’avoir une vue sur le volcan. Un très bon logement à prix abordable. Je ne conseille pas le petit déjeuner. 
Il y a du café à disposition qui fait très bien l’affaire.",5,Hotel Roca Negra del Arenal,alojamiento,booking
"gutes Preis-Leistungsverhältnis,
schöne Anlage",5,Hotel Roca Negra del Arenal,alojamiento,booking
"Amazing hotel!
המלון ממש ממש יפה, כל חדר הוא סוג של בקתה וממש מזכיר מתחם צימרים מיוחד ומפנק. מלא טבע ומיוחד מאוד! 
החדר היה חדש, נקי וגדול!

Thank u😍 Nothing!!",5,Hotel Roca Negra del Arenal,alojamiento,booking
Super schönes Fleckchen Erde. Häuschen gelegen in einem wunderschönen Garten mit vielen Vögeln. Die Angestellten super freundlich und immer hilfreich.,5,Hotel Roca Negra del Arenal,alojamiento,booking
"Super nettes Personal, wunderschöne grüne und gepfegte Anlage, toller Pool + Whirlpool. Super Preis-Leistung beim Frühstück ($8 p.P.). Sicheres (nachts mit Tor/PIN verschlossen) und familienfreundliches (Billard, TT)t Hotel!",5,Hotel Roca Negra del Arenal,alojamiento,booking
"Tolle Ausstattung der Unterkunft. Alles was man braucht und noch mehr. Hängematte/Schaukelstuhl/Extra Nackenkissen uvm. Jacuzzi Billardtisch Kaffeelounge usw. Unfassbar viele Tiere, einen tollen Ausblick direkt auf den Vulkan, richtig richtig schöne Pflanzen im ganzen Gelände. Frühstück kostet extra und war jetzt nichts besonderes. Besser direkt gegenüber beim Soda Turnito frühstücken",5,Hotel Roca Negra del Arenal,alojamiento,booking
Piscine et jacuzzi très agréables.,5,Hotel Roca Negra del Arenal,alojamiento,booking
Le jardin,5,Hotel Roca Negra del Arenal,alojamiento,booking
"Jacuzzi mit Ausblick auf den Vulkan, schöne Poolgestaltung.
Wir hatten mit Freunden 2 Häuser nebeneinander. Tolle,gepflegte  Anlage.",5,Hotel Roca Negra del Arenal,alojamiento,booking
"Großräumige Bungalows mit sehr schönem gepflegten Garten Das Frühstück war sehr überschaubar und man musste die Unterkunft und Frühstück bar bezahlen, das war bei der Buchung nicht erkennbar.",5,Hotel Roca Negra del Arenal,alojamiento,booking
La piscine,5,Hotel Roca Negra del Arenal,alojamiento,booking
"Farbenfroh, Tierreich und lebendig Nichts",5,Hotel Roca Negra del Arenal,alojamiento,booking
"Grandeur de la chambre propreté accueil très’ amical 
Jardin luxuriant animaux en liberté parking près du bungalow propreté accueil 
Un peu à l’écart de la ville et de la foule Petit déjeuner vraiment très basique café sans goût 
Paiement uniquement en espèces mais nous étions prévenues",5,Hotel Roca Negra del Arenal,alojamiento,booking
De accommodatie was prachtig! Ligt op een ideale plek en je hebt mooi uitzicht op de vulkaan. Het zwembad is mooi en schoon. De tuin rondom het hotel is ook prachtig. Veel dieren en heel veel mooie planten. Alles beviel :),5,Hotel Roca Negra del Arenal,alojamiento,booking
"Personnel sympathique, Chambre impeccable. Bel environnement avec beaucoup de plantes et d'animaux. Bons petits déjeuners. Bien placé pour les excursions.",5,Hotel Roca Negra del Arenal,alojamiento,booking
"Mooie tuin met veel vogels van allerlei soort en leuke bungalow.
Elizabeth aan de receptie was echt erg grappig en behulpzaam.
Vlakbij een keuze in overvloed aan eetgelegenheden. Erg drukke weg met vooral s'morgens en s'avonds hinder van lawaai voorbijrijdend verkeer.
Misschien bungalows die verder van de weg zijn afgelegen minder hinder van verkeersdrukte maar zo hebben wij geen gekregen.
Alles te betalen met cash geld en ontbijt niet inbegrepen.
Wij vonden het ontbijt wel lekker.",5,Hotel Roca Negra del Arenal,alojamiento,booking
"Die Sicht auf den Vulkan, die Flora und Fauna um das Haus, die Hängematte vor dem Haus, die Nähe eines guten Sodas (traditionelles Restaurant), die Möglichkeit das Frühstück anzunehmen oder nicht, das Hotel befindet sich nicht im Zentrum sondern beim Ausgang der Stadt in der Richtung des Vulkans Ein Tag war der Jacuzzi nicht an und wären länger im Pool Bereich geblieben wäre es so gewesen.",5,Hotel Roca Negra del Arenal,alojamiento,booking
"Este hotel é uma agradável surpresa, mal entramos encontramos vários animais que habitam na propriedade. O staff da receção é muito simpático e prestável. A localização é ótima, perto da cidade mas longe o suficiente para sentirmos que estamos numa pequena selva com colibris a cantar à nossa janela.",5,Hotel Roca Negra del Arenal,alojamiento,booking
"Das Zimmer ist sehr groß und schön, die Deko hat mir gut gefallen, das Bad ist riesig und toll, wir hatten zwei(!) eigene Terrassen, eine davon überdacht mit bequemen Sesseln, die andere mit Tisch, Stühlen und Sonnenschirm. Das WLAN war schnell und stabil.
Es gibt einen kleinen, blitzsauberen Gemeinschaftsbereich, in dem Kaffee und Tee frei zur Verfügung standen, außerdem etwas Geschirr und Besteck. Die Poolanlage mit Liegen ist schön angelegt, perfekt gepflegt und supersauber. Es gibt einen überdachten Bereich mit Tischtennis, Kicker und Billard. Die Anlage wirkt durch dezente Features wie Kameras, ein nachts geschlossenes Tor mit Zahlencode und einen hochwertig wirkenden Zimmersafe sehr sicher.
Die Gartenanlage ist ein einziger Traum. Gut gepflegt, aber naturnah. Deshalb kann man Unmengen an unterschiedlichen Vögeln direkt vor der eigenen Terasse oder überall sonst im Garten bewundern. 
Die Lage fanden wir auch prima, mehrere Restaurants sind zu Fuß erreichbar, auch abends bei Dunkelheit. Wir hatten einen Leihwagen und würden das auch empfehlen, um bei Ausflügen nicht auf sehr teure Komplettpakete angewiesen zu sein.

Diese Unterkunft ist viel schöner, als es die Anbieterfotos zeigen. Es war toll, wir wären gerne länger geblieben. Es wurde nur Barzahlung akzeptiert. Alles andere war perfekt.",5,Hotel Roca Negra del Arenal,alojamiento,booking
Super schöner Garten mit vielen Pflanzen sehr gepflegt. Nichts,5,Hotel Roca Negra del Arenal,alojamiento,booking
"Ny stor fin bungalow, faciliteterna och trädgården
Parkering utanför dörren Klädförvaring i fuktigt utrymme, dvs i badrummet som hade flera nätade gluggar.",5,Hotel Roca Negra del Arenal,alojamiento,booking
"Le logement sympa, le site est tres propre bien entretenu, on s y sent bien",5,Hotel Roca Negra del Arenal,alojamiento,booking
"Minden tetszett. A szállás nagyon jó helyen van, tiszta, a környezet csodálatos. A személyzet kedves. A különálló házacskák teljesen biztosítják a magánszférát.",5,Hotel Roca Negra del Arenal,alojamiento,booking
"Minden! A környezet, a szoba, a kiszolgálás.",5,Hotel Roca Negra del Arenal,alojamiento,booking
"Geräumiges Zimmer und Bad, sehr bequeme Betten, eine wunderbare Terrasse mitten in dem schönen Garten. Eine Möglichkeit Kaffe im Zimmer zu kochen, wäre noch das Toping!",5,Hotel Roca Negra del Arenal,alojamiento,booking
"La localisation, les jardins, les chambres Par temps pluvieux et froid, les chambres sont très humides, sans chauffage, avec un minimum de couvertures. Les petits déjeuners sont bien, mais servis avec du jus en sachet  et du café de qualité moyenne. L’accueil est plutôt de type administratif..",5,Hotel Roca Negra del Arenal,alojamiento,booking
"Vue imprenable sur le volcan Arenal depuis la terrasse de notre chambre,  jardin luxuriant et plein d´oiseaux,  personnel adorable Rien",5,Hotel Roca Negra del Arenal,alojamiento,booking
Tout parfait 👍,5,Hotel Roca Negra del Arenal,alojamiento,booking
Son emplacement les oiseaux partout présents et magnifiques,5,Hotel Roca Negra del Arenal,alojamiento,booking
"Petit hôtel familial situé au pied du volcan. De très beaux jardins et la possibilité de voir de nombreux oiseaux. Très bon accueil, équipe disponible et serviable. Un espace extérieur est réservé pour prendre un café ou un thé, c’est très sympa.
Place de parking sécurisée à l’intérieur de l’hôtel. Soda et restaurants à proximité à pied. Le bruit de la circulation, hôtel situé sur la route principale. 
Le tarif du petit déjeuner très cher.",5,Hotel Roca Negra del Arenal,alojamiento,booking
"Gostámos de tudo.
Localização perfeita, central sem ser no meio da confusão. Um oásis no meio da cidade, sossegado, muito espaçoso e limpo. O quarto era enorme, tem cofre, muito confortável, duche super espaçoso, água com boa pressão. Estacionamento seguro no interior. Excelente Wifi.
O pessoal é super simpático e prestável, sentimo-nos sempre bem recebidos. Pena que não me lembro do nome da senhora que nos recebeu porque era realmente de notar, foi excepcional. Pequeno-almoço variado e saboroso, tem piscina e jacuzzi
Voltando a La Fortuna, ficaremos de certeza neste hotel, um dos melhores onde já estive, é o pacote completo. Não houve nada de negativo a apontar. Marcaria de novo, sem dúvida.",5,Hotel Roca Negra del Arenal,alojamiento,booking
"Alles! Wat een top verblijf. Centraal, dichtbjj restaurant en bar. Mooie tuinen, zoveel vogels en dieren. Serene rust. Grote kamers, nieuw en schoon, mooi, vakwerk. Buiten een veranda met comfortabele schommelstoelen. Heerlijk! Toiletartikelen en fohn ook aanwezig.  ook nog een prachtig zwembad en warme jaccuzi.  Poolen, tafelvoetbal,  spelletjes,  gratis koffie en thee hoekje. Alles was meer dan geweldig.  Mooiste en fijnste hotel ooit! En ook nog super goedkoop Helemaal niets",5,Hotel Roca Negra del Arenal,alojamiento,booking
"L'emplacement proche du volcan et de la Fortuna.
Le logement était très propre et très bien équipé.",5,Hotel Roca Negra del Arenal,alojamiento,booking
"Wunderschöne, gepflegte Anlage sehr zentral gelegen. 
In der Parkanlage hat man die Chance viele farbige Vögel zu beobachten.",5,Hotel Roca Negra del Arenal,alojamiento,booking
"O quarto e o banheiro são amplos, as camas  e os travesseiros são confortáveis e os jardins do hotel são lindos e bem cuidados. Cada quarto tem seu estacionamento privativo O hotel exigiu pagamento antecipado em dinheiro e o café da manhã também deveria ser pago em dinheiro, o que foi bastante inconveniente. Esse foi o único lugar, de toda a Costa Rica, onde passamos por isso.",5,Hotel Roca Negra del Arenal,alojamiento,booking
"Wunderschöne Anlage mit einem tollen kleinen Pool und Whirlpool. 
Besonders toll ist die Outdoorküche, in der man sich Kaffee und Tee machen kann, einen Wasserkocher und Geschirr hat. Außerdem gibt es einen Billardtisch etc. Man kann dort also prima schöne entspannte Tage genießen Angeblich nur cash Zahlung möglich. Ungewöhnlich und vorher nicht angekündigt. Das hat uns irritiert.",5,Hotel Roca Negra del Arenal,alojamiento,booking
"Très belle hôtel avec chambre terrasse et beau paysage 
 Chambre très confortable. Très bon déjeuner.",5,Hotel Roca Negra del Arenal,alojamiento,booking
"Un endroit magnifique entouré de nature. Pleins de stations: piscine, endroit pour se faire un café ou un thé, un endroit avec des jeux: billard, etc. On peut déjeuner sur place. On y voit beaucoup d'oiseaux. Chambre très propre avec frigo et coffret de sûreté. Il y a aussi des poules, des canards, des dindes et des oies en liberté de jour sur le terrain. C'est un endroit de rêve et très sécuritaire! Près des restaurants et des activités! Très bien situé! Je vous le recommande fortement!",5,Hotel Roca Negra del Arenal,alojamiento,booking
"Hatten nein Frühstück bestellt, aber man konnte selber immer Filterkaffee machen.
Das Oersonal ist sehr freundlich!
Es gibt sehr viele Kolibris Muss nichts suchen wenn nichts ist",5,Hotel Roca Negra del Arenal,alojamiento,booking
"Het is een heel sfeervol hotel in een mooie tuin. Elke kamer heeft een mooie voortuin en zicht op de Arenal vulkaan. 
De voorzieningen zijn prima: je hebt de mogelijkheid om gedurende de hele dag gratis koffie en thee te maken op een centrale plek. Het ontbijt is prima. 
De locatie is goed: net iets buiten het centrum van Fortuna. Met de auto ben je in een paar minuten bij heel veel restaurants en ook op loopafstand zijn diverse restaurants.",5,Hotel Roca Negra del Arenal,alojamiento,booking
Toplocatie en heel vriendelijk personeel!,5,Hotel Roca Negra del Arenal,alojamiento,booking
"Schöne Unterkunft mit wunderbarem Garten, Sauber und gepflegt",5,Hotel Roca Negra del Arenal,alojamiento,booking
"Labai jaukus viešbutis, apsuptas nuostabaus sodo. Labai kokybiškas biliardo stalas. Neatsimenu",5,Hotel Roca Negra del Arenal,alojamiento,booking
"La situation géographique près de tout et en même temps très intime.
La piscine, la chambre, les jardins, le personnel. Les petit déjeuner payant.",5,Hotel Roca Negra del Arenal,alojamiento,booking
"Zimmer haben angenehme Größe. Badezimmer ok.
Schöne Terrasse mit 2 Sesseln und Hängematte. 
Wunderschöne Gartenanlage mit Blick auf den Arenal und mit unzähligen Blüten. Hier sahen wir mehr Vögel als in allen besuchten Parks!
Kleiner Pool und Jaccuci. - Frühstück eher Basic und die Damen im Service eher wenig motiviert.
- Immer alles sofort Bar bezahlen!
- Preise für Getränke und Ausflüge etc. überteuert.",5,Hotel Roca Negra del Arenal,alojamiento,booking
"La chambre 6 a une terrasse avec un magnifique point de vue que l’on peut également observer depuis les baies vitrées des 2 chambres qui sont spacieuses et confortables. Amanda a l’accueil est très souriante. L’aménagement de la partie cuisine et salon n’est pas très chaleureuse mais nous n’avons de toute façon pas passé suffisamment de temps à l’hôtel pour en profiter. 
Il y a de beaux couchers de soleils depuis la chambre mais sur les montagnes, pas côté Pacifique.",5,Hotel Roca Negra del Arenal,alojamiento,booking
Los jardines espectaculares.,5,Hotel Roca Negra del Arenal,alojamiento,booking
Belles chambres (bungalows) propres avec de grandes terrasse entourées de végétation. Paiement en argent seulement.,5,Hotel Roca Negra del Arenal,alojamiento,booking
"Really nice rooms in nature, with lot of animals around Normale glazen en mokken in de kamer zijn nodig",5,Hotel Roca Negra del Arenal,alojamiento,booking
Super Garten !,5,Hotel Roca Negra del Arenal,alojamiento,booking
"Wunderschöne Anlage mit vielen Vögeln, sehr guter Lage, nettem Team, gutem Frühstück und angenehmen Einrichtungen. Wir kommen sehr gerne wieder.",5,Hotel Roca Negra del Arenal,alojamiento,booking
"Mooi verblijf met uitzicht op de vulkaan. Aardig personeel, mooie tropische omgeving.",5,Hotel Roca Negra del Arenal,alojamiento,booking
"Mooie kamer, veel vogels in de tuin",5,Hotel Roca Negra del Arenal,alojamiento,booking
"Cet endroit est magnifique!  Vous vous retrouverez dans un  incroyable  jardin duquel nous pouvons voir une immense variété, de plantes , de fleurs et  d'oiseaux.   On se croirait dans la forêt, alors que nous sommes à 20 min à pieds du centre de Lafortuna.  À 1 min à pieds , vous trouverez des restos et une épicerie.  Les logis sont confortables et spacieux.  La piscine et le spa sont tres propres.     Le personnel est ultra accueillant.",5,Hotel Roca Negra del Arenal,alojamiento,booking
綺麗に整理されたお庭でとても素敵な環境でした。暇さえあればポーチのハンモックに揺られ、空き時間さえも有意義でした。とてもお薦めです。,5,Hotel Roca Negra del Arenal,alojamiento,booking
"L’hotel est comme un jardin botanique, avec bcp de végétation et des fleurs. Chambre et sdb tres spacieuse; La vue du volcan de notre chambre; Le coin détente avec babyfoot; billard et ping-pong ; La cuisinette commune extérieur pour se préparer un café/thé; La dame de réception est très gentille et nous a donné des conseils utiles pour la visite de volcan et de bon restaurant local. L’eau chaud de la douche prends un peu de temps à arriver. 
C’est dommage qu’il y a une grille à la fenêtre ça gâche un peu la vue de jardin et volcan.",5,Hotel Roca Negra del Arenal,alojamiento,booking
Traumhafte Unterkunft für unsere Bedürfnisse. Das Personal war sehr freundlich. Kommunikation war reibungslos. Der Garten ist ein Traum. Wir würden jederzeit wieder buchen. Uneingeschränkte Weiterempfehlung. Das Wlan war in unsererm Appartement nicht sehr stabil. Richtung Rezeption wurde es dann besser. Für uns allerdings kein großes Problem.,5,Hotel Roca Negra del Arenal,alojamiento,booking
酒店非常美,5,Hotel Roca Negra del Arenal,alojamiento,booking
"Emplacement super, proche de la ville, jardin magnifique, facilité d’accès et personnelle très agréable ! Chambre spacieuse et agréable. Il est facile de voir des animaux (oiseaux, grenouilles…) dans le jardin. Le frigidaire ne fonctionnait pas. C’est le seul point négatif",5,Hotel Roca Negra del Arenal,alojamiento,booking
Dies war die schönste Unterkunft unserer Rundreise!! Ein wunderschöner Garten mit vielen Vögeln. Wir hätten gar keine Tour mehr gebraucht. Tolle Ausstattung und schönes Bad!,5,Hotel Roca Negra del Arenal,alojamiento,booking
De ontvangst en het ontbijt. De ligging en de mooie kamer. Leuk zwembad en jacuzzi. Prima soda vlakbij. Dicht bij de warmwater thermen. De kamer werd niet gepoetst en er dient contant betaald te worden.,5,Hotel Roca Negra del Arenal,alojamiento,booking
Tolle Lage! Sehr Sauber! Top Aussicht! WLAN praktisch nie funktioniert.,5,Hotel Roca Negra del Arenal,alojamiento,booking
"Prachtig aangelegde tuin met veel vogels. Goede ruime kamers met goed werkende airco. Leuke omgeving rondom zwembad met jacuzzi en een apart gedeelte met pool tafel, pingpong tafel, tafelvoetbal tafel. Hier hebben we volop gebruik van gemaakt Het ligt een beetje dicht bij de doorgaande weg dus je hoort s’ochtends vroeg al veel verkeer langsrijden",5,Hotel Roca Negra del Arenal,alojamiento,booking
Suite molto curata in ogni dettaglio Nulla,5,Hotel Roca Negra del Arenal,alojamiento,booking
De vriendelijkheid van het personeel Wifi signaal,5,Hotel Roca Negra del Arenal,alojamiento,booking
Mooie ruime jamer met fijn terras. Zwembad en jacuzzy! Gelegen in prachtige tropische tuin. Op loopafstand van restaurants. Niets,5,Hotel Roca Negra del Arenal,alojamiento,booking
Nous en sommes à notre 4e fois et toujours impeccable,5,Hotel Roca Negra del Arenal,alojamiento,booking
Das ganze Team ist so hilfsbereit und freundlich. Die Anlage sehr gepflegt und es ist absolut alles vorhanden was man braucht. Perfekte Lage etwas ausserhalb des Dorfkerns aber es hat genügend Restaurant und Supermarkt Auswahl in Fuss-Distanz.,5,Hotel Roca Negra del Arenal,alojamiento,booking
"Mooie omgeving, veel planten en vogels en een prachtig uitzicht op de vulkaan vanuit het terrasje voor je kamer!
De hangmat en het zwembad waren ook fantastisch! Het zwembad ligt naast de grote weg. Dus je hoort soms wel vrachtwagen of motoren rijden. Maar zeker niet storend.",5,Hotel Roca Negra del Arenal,alojamiento,booking
Tout Rien,5,Hotel Roca Negra del Arenal,alojamiento,booking
"Zimmer sauber, Lage etwas außerhalb hat uns gut gefallen, die Anlage ist insgesamt nett und sauber. Frühstück gut.",5,Hotel Roca Negra del Arenal,alojamiento,booking
"Wunderschöne Anlage mit Bungalows in parkähnlicher Umgebung, schöner Pool, Billiard, Kicker, kleine Küche, alles vorhanden. Leider weiss ich den Namen der Dame nicht mehr, die sich um uns gekümmert hat. Danielle?😬 Jedenfalls super freundlich und witzig! Absolute Empfehlung! Und Fortuna hat so viel zu bieten!",5,Hotel Roca Negra del Arenal,alojamiento,booking
"Personeel was uitermate vriendelijk en aangezien het niet druk was kregen we een upgrade.
Huisjes waren geweldig met een privé terras Het ligt iets uit het centrum dus zonder vervoer kan dit vervelend zijn",5,Hotel Roca Negra del Arenal,alojamiento,booking
"Wunderschöner Ausblick von der Terrasse auf den Vulkan, grüner üppiger Garten und man kann hier einige Tiere in freier Wildbahn sehen.",5,Hotel Roca Negra del Arenal,alojamiento,booking
Lekker ontbijt. Prima zwembad. Pooltafel was ook leuk voor de kids. Guller ontbijt. Een bar ‘s avonds.,5,Hotel Roca Negra del Arenal,alojamiento,booking
"Fijne bedden, mooi zwembad, schoon, lekker ontbijt en fijne veranda om ‘s avonds te zitten",5,Hotel Roca Negra del Arenal,alojamiento,booking
Het uitzicht op de tuin. Heerlijk ‘s ochtends de kolibrie’s spotten in de schommelstoelen op het terras. -,5,Hotel Roca Negra del Arenal,alojamiento,booking
Sehr schöne Anlage mit vielen Tieren und sehr lustige Betreiberin,5,Hotel Roca Negra del Arenal,alojamiento,booking
"De prachtige tuin, het uitzicht op de vulkaan, de ruime lodges. Het mooie zwembad met leuke speelmogelijkheden voor de kids. Zalig ontbijt dat vers wordt bereid. Mogelijkheid om zelf koffie of thee te pakken. Eigenlijk niets, alles was perfect. Behalve het wandelen naar het dorp is even opletten. Je moet langs een drukke weg lopen, er wordt erg hard gereden.",5,Hotel Roca Negra del Arenal,alojamiento,booking
"Sehr schönes Haus mit großem Bad, großer Terrasse und viel Platz. Der Garten der Anlage war ebenfalls hübsch, auch wenn die zum Teil sehr künstliche Gestaltung etwas gewöhnungsbedürftig war (u.a. Kunstrasen auf den Wegen). Das Frühstück war gut und der Pool laut den Kids der Beste im gesamten Urlaub. Mehr Möglichkeiten zum Aufhängen nasser Wäsche wäre gut gewesen.",5,Hotel Roca Negra del Arenal,alojamiento,booking
"Für uns eins der besten Hotels auf unserer Costa Rica Reise. Die Bilder werden der gepflegten Anlage, dem lustigen und netten Personal und der mega Appartements nicht gerecht. Es ist viel schöner 🥰

Wir hatten App. 16 mit einem fantastischen Blick auf den Vulkan Arenal. Der Pool sowie der Spielbereich (Tischtennis, Billard, Tischkicker) waren für die Kids (8 und 10) ein Traum. Auch sie sagten, dass das eine der besten Unterkünfte für sie war. Das Frühstück ist ok, aber 400m entfernt ist das Restaurant Red Frog, das günstiger und besser ist sowie mehr Auswahl bietet. Wir haben dort mehrmals zu Abend sowie einmal zum Frühstück gegessen - absolut empfehlenswert.

Ansonsten überhaupt nichts zu bemängeln, wir würden immer wieder kommen 🤙",5,Hotel Roca Negra del Arenal,alojamiento,booking
"Zimmer und Badezimmer waren sehr groß, die Terrasse vor dem Zimmer gemütlich, alles gut durchdacht und sehr schön eingerichtet, mit Blick fürs Detail. Kommunikation über booking war sehr gut, Check-in easy, der Frühstücksbereich war nett, ausreichend Parkplätze vorhanden; sehr schön im Grünen gelegen. Das Frühstück war etwas teuer und man musste den Aufenthalt bar bezahlen.",5,Hotel Roca Negra del Arenal,alojamiento,booking
"Die Zimmer und die gesamte Hotelanlage sind ein Traum! Wir wären gern noch länger geblieben.. man kann in der Hängematte auf den Vulkan schauen und chillen, dabei fliegen Kolibris und Schmetterlinge um einen herum. Wir würden sofort wiederkommen! Die Zimmer sind sehr nah beieinander, dadurch ist es recht hellhörig.",5,Hotel Roca Negra del Arenal,alojamiento,booking
"Véritablement tout mais plus précisement :
un personnel au top au petit soin toujours le sourire
Une salle de jeu hyper pratique pour des jours de pluie
Un Petit jacuzzi et une piscine parfaite pour ce détendre 
La chambre très propre et suffisante et le lit était grand et confortable 
Un coin café et thé en libre service un vrai plus 
Mais surtout un environnement très fleuri et apaisant. Ba rien",5,Hotel Roca Negra del Arenal,alojamiento,booking
"És un Hotel molt acollidor rodejat de vegetació, amb unes instal•lacions molt ben cuidades. El personal és molt amable. 
Pots gaudir de les millors vistes al volcà de l'Arenal assegut a la terrassa de la teva habitació i jugar al billar, ping-pong o al futbolí sota un porxo magnífic al costat de la piscina. Res a dir.",5,Hotel Roca Negra del Arenal,alojamiento,booking
"Alles! Besonders freundliches, hilfsbereites Personal. Tolle Atmosphäre, familiär, gute Lage für Ausflüge, schöner Blick auf den Vulkan, toller Garten! Nichts",5,Hotel Roca Negra del Arenal,alojamiento,booking
"Cadre, confort appréciable. Logement et places de parking Rapport qualité prix avec les petits dejeuner en complément et le service du linge très cher !! 48 dollars pour une machine !",5,Hotel Roca Negra del Arenal,alojamiento,booking
Superbe petit hôtel bien tenu avec piscine et jacuzzi. Petit déjeuner sympa. Tout est vraiment très soigné ici. Très fleuri. En retrait de la route que l'on entend malgré tout un peu la nuit.,5,Hotel Roca Negra del Arenal,alojamiento,booking
"Pareltje van een hotel. Wij hadden een gewone kamer voor de kinderen en een deluxe kamer voor onszelf. Alles is in prima staat en mooi onderhouden. Het bed was gigantisch, onze kamer en badkamer zeer ruim, aangenaam terras. De kamers liggen in een prachtige tuin vol met bloemen die veel vogels aantrekken, ook kolibries. Het ontbijt is lekker. De kinderen hebben genoten van de buitenspeelruimte met pooltafel, ping-pongtafel, kickertafel,… Het personeel is zeer vriendelijk. Niets op aan te merken maar als ik dan toch iets moet vermelden is dat de handdoeken in de zon gedroogd worden en aanvoelen als schuurpapier. Er kan alleen cash betaald worden.",5,Hotel Roca Negra del Arenal,alojamiento,booking
Der große Garten hat schön geblüht und war sehr schön. Die kleine Terrasse mit den Schaukelstühlen mit tollem Ausblick auf den Vulkan war ein Highlight.,5,Hotel Roca Negra del Arenal,alojamiento,booking
"Fijne, schone kamers met prachtig uitzicht op de vulkaan. Verblijf met veel oog voor detail bijgehouden. Veel leuke faciliteiten voor de kinderen (pool, tafelvoetbal en -tennis, zwembad). Heel veel tr doen in de omgeving. Wasserette en fijne soda op loopafstand. Eigenlijk niets.",5,Hotel Roca Negra del Arenal,alojamiento,booking
"Sehr schönes Hotel in toller Gartenlage mit Blick auf den Vulkan. Hier stimmt fast alles. Nur Schade, dass das Frühstück nicht enthalten ist. Es ist mit 7 Dollar aber recht günstig",5,Hotel Roca Negra del Arenal,alojamiento,booking
Das Frühstück war sehr gut und  für jeden frisch zubereitet.,5,Hotel Roca Negra del Arenal,alojamiento,booking
"La vue sur le volcan, les espaces communs. Très joli jardin (mais peu adapté aux familles avec jeunes enfants)",5,Hotel Roca Negra del Arenal,alojamiento,booking
"Le petit déjeuner à payer en plus, c est absurde. Ça devrait être inclus dans le prix de la chambre, qui est déjà plutôt cher.",5,Hotel Roca Negra del Arenal,alojamiento,booking
"Goede ligging, restaurants op wandelafstand, mooi zicht op de vulkaan! Geluid van de straat is onvermijdelijk; op maandag geen ontbijt mogelijk…",5,Hotel Roca Negra del Arenal,alojamiento,booking
Le jardin est magnifique. Les colibris que l'on croise tous les jours au milieu des nombreuses fleurs. La vue depuis la terrasse de notre chambre ou depuis le jaccuzi face au volcan Arenal. Le petit coin café et jeux. La gentillesse et l'accueil. Un petit paradis .,5,Hotel Roca Negra del Arenal,alojamiento,booking
"Elisabeth nous a accueillis avec chaleur et un humour communicatif qui a tout de suite créé une ambiance conviviale. Le jardin fleuri est splendide, les chambres sont décorées avec élégance et raffinement, et nous avons adoré profiter de l’espace piscine, du jacuzzi et du billard, pour des moments de pur amusement. Les nuages du volcan Arenal présents pendant tout notre séjour, Elisabeth n’a rien pu faire !",5,Hotel Roca Negra del Arenal,alojamiento,booking
Très bon accueil ! Et chambre très belle,5,Hotel Roca Negra del Arenal,alojamiento,booking
"Erg leuke tuin met veel vlinders en kolibrie’s 
Mooie kamers met een handige frigo 
Leuk zwembad met hottub. Niets",5,Hotel Roca Negra del Arenal,alojamiento,booking
"Sehr freundliches Personal, die Zimmer haben Klimaanlage und falls keine Wolken sind kann man den Arenal von der Terasse aus sehen..",5,Hotel Roca Negra del Arenal,alojamiento,booking
Der angelegte Garten ist super schön und man kann viele Kolibris sehen. Die Betten waren etwas zu weich.,5,Hotel Roca Negra del Arenal,alojamiento,booking
מקום מדהים קרוב לכל מקום חדרים מעולים צוות מעולה מומלץ ביותר,5,Hotel Roca Negra del Arenal,alojamiento,booking
"O hotel é bem localizado, tem opções variadas de restaurante ao redor,  e lojinhas de souvenirs, as instalações são básicas mas atendem o necessário para uma boa hospedagem, e o ponto alto é o atendimento dos funcionários, sempre sorridentes e solícitos. Após fazer a reserva pela booking fui surpreendido por uma mensagem do hotel que eles não aceitam cartões, apenas dinheiro em espécie para pagamento da hospedagem, eu não estava preparado pra isso, apesar da atendente me dizer que isso estava descrito na política de pagamento, o que pra mim não era visível.
Além disso o quarto que estávamos entrava luz, o black out não era suficiente, além da cama que pra mim era mole demais, e o chuveiro saia pouca água.",5,Hotel Roca Negra del Arenal,alojamiento,booking
Ruime kamer met mooi uitzicht,5,Hotel Roca Negra del Arenal,alojamiento,booking
"Sehr ruhig, kein Straßenlärm zuhören, die Lage war super Der Pool hätte ein wenig wärmer sein können, die Böden sind bei Nässe sehr rutschig",5,Hotel Roca Negra del Arenal,alojamiento,booking
"Hôtel très agréable, chambre confortable, emplacement accessible à tous pour se faire café ou thé (tout est fourni par l’hôtel)",5,Hotel Roca Negra del Arenal,alojamiento,booking
"Propriedade linda, cama excelente, equipe muito simpática.",5,Hotel Roca Negra del Arenal,alojamiento,booking
"Tout ! La vue sur le volcan, Les chambres toutes isolées les unes des autres par une végétation luxuriante, les petits chemins pour mener à la piscine, à la salle de jeux (billards, ping pong, babyfoot), la salle du déjeuner … la chambre elle même : grande avec une belle salle de bains, la terrasse qui invite au repos et à l’observation des oiseaux …. Et le personnel adorable, serviable et souriant : Muchas gracias Eugenia y Paula",5,Hotel Roca Negra del Arenal,alojamiento,booking
L'hôtel devrait inclure le petit déjeuner et augmenter légèrement le prix de la nuit. Les bungalows dissimulés dans une extraordinaire nature et l'accueil juste incroyable...,5,Hotel Roca Negra del Arenal,alojamiento,booking
"Fijn hotel met goede faciliteiten, prachtige tuin en uitzicht op de vulkaan.",5,Hotel Roca Negra del Arenal,alojamiento,booking
"Auffallend gepflegte, schöne Anlage im Aussenbereich von La Fortuna.
Tolle Bungalows. 
Morgens gutes Frühstück in netter Atmosphäre. Forsche, aber sehr freundliche Dame an der Rezeption mit prima Tipps etc. Es war ausschließlich Barzahlung (Zimmer und separat fürs Frühstück) möglich",5,Hotel Roca Negra del Arenal,alojamiento,booking
"Unser schönstes Hotel auf der gesamten Costa Rica Reise
Traumhafte Gartenanlage und schöner kleiner Pool
Bungalow top Wir hatten hier leider nur 3 Nächte  :-(",5,Hotel Roca Negra del Arenal,alojamiento,booking
"Cadre charmant et très fleuri, accueil impeccable et belles prestations. Petit déjeuner correct.",5,Hotel Roca Negra del Arenal,alojamiento,booking
"Personeel is super vriendelijk, kamer was nieuw en erg comfortabel. Alles is erg goed bijgehouden en schoon. Zowel het park als de huisjes. Leuk om ‘s avonds nog te kunnen pingpongen of een ander spel. Ook leuk om zoveel dieren te zien! Kolibries in je tuin. Enige dat we kunnen bedenken is dat er maar 1 stoel op de kamer staat. De kamer is erg ruim en een zit gedeelte of tafel was fijn geweest",5,Hotel Roca Negra del Arenal,alojamiento,booking
Super gezellige plek met fijne faciliteiten! Super mooie tuin en als je geluk hebt zie je de vulkaan in de verte. Het licht in de huisjes was heel wit maar voor de rest alles top!,5,Hotel Roca Negra del Arenal,alojamiento,booking
Wunderschönen Garten mit vielen Vögel Deluxe Zimmer ungemütlich und ohne Hängematte,5,Hotel Roca Negra del Arenal,alojamiento,booking
"Hele vriendelijke ontvangst, je kan het personeel om alles vragen, hele centrale locatie t.o.v. de activiteiten/parken en het stadje, prachtig uitzicht op de (vaak bewolkte) vulkaan, hangmat op het terras, grote kamer en badkamer (niet sfeervol maar dat geeft niet), auto voor de deur zetten, fijn zwembad en pooltafel… -",5,Hotel Roca Negra del Arenal,alojamiento,booking
"Chambre propre et spacieuse. Salle de bain très grande et fonctionnelle L’établissement est quand même loin du centre ville de la fortuna.
La vue sur le volcan n’est pas au rendez vous 
Bruyant à cause de quad à proximité de l’hôtel",5,Hotel Roca Negra del Arenal,alojamiento,booking
Alles Bezahlung nur mit Bargeld,5,Hotel Roca Negra del Arenal,alojamiento,booking
"Veruit de humor en gastvrijheid van Elise! van 's morgens tot 's avonds een glimlach, en een grapje was niet ver zoek. Ook de kamer en het zwembad waren super! Het is er ietwat gehorig, waardoor we onze enthousiaste buren vaak hoorden. 😉",5,Hotel Roca Negra del Arenal,alojamiento,booking
"Eines der besten oder sogar das Beste Hotel in dem ich je übernachtet habe.
Prime location, sehr schöne Anlage mit Spielen usw, sehr freundliches Personal,...
10/10",5,Hotel Roca Negra del Arenal,alojamiento,booking
"Très beau jardin
Personnel très agréable , merci Elisa pour votre accueil ! Rien tout très bien",5,Hotel Roca Negra del Arenal,alojamiento,booking
"Wunderschöner Garten voll mit Vögeln und sogar Blick auf den Vulkan Es liegt an der Hauptstraße, zwar etwas nach hinten, aber der viele Verkehr ist präsent.",5,Hotel Roca Negra del Arenal,alojamiento,booking
Tolle Bungalows in einer schönen Gartenanlage. Sehr sauber.,5,Hotel Roca Negra del Arenal,alojamiento,booking
"עשינו 2 לילות במלון, הכל כלכך נקי ומתוקתק, פאולה שבקבלה מאוד נחמדה ותמיד הייתה שם לשאלה או עזרה.
המלון במיקום מצויין, סה״כ חוויה טובה . 
הייתי חוזר לשם.",5,Hotel Roca Negra del Arenal,alojamiento,booking
"Super accueil, très propre,",5,Hotel Roca Negra del Arenal,alojamiento,booking
la qualité du logement et la terrasse avec vue sur le volcan. Les bons petits déjeuners rien,5,Hotel Roca Negra del Arenal,alojamiento,booking
Tolle Lage in schönem und ruhigem Garten Das Frühstück war nicht so gut,5,Hotel Roca Negra del Arenal,alojamiento,booking
"Wij hadden een huisje wat net daarvoor volledig was gerenoveerd. Prachtig modern, hele mooie badkamer, allemaal heel strak en schoon. Goed werkende airco. Bij het ontbijt mag je kiezen uit een aantal gerechten en dan maken ze het vers voor je, bv. pancakes of traditioneel ontbijt met bonen. Alles heel lekker. Locatie is goed, aan de rand van het centrum. Mooi uitzicht op de vulkaan. De tuin staat vol met planten en bloemen die mooie vogels aantrekken. Niets, alles was prima in orde.",5,Hotel Roca Negra del Arenal,alojamiento,booking
"Établissement formidable en tous points :
- l’accueil était extraordinaire avec une réceptionniste vraiment très sympathique
- la chambre top au milieu du jardin avec une literie 5 étoiles très confortable et une pergola avec hamac bien appréciable pour profiter de la vue sur le volcan, nous garons notre voiture dans l’enceinte sécurisée à côté de notre chalet
- les espaces communs (jeux, coin thé/cafe, piscine, pergola/salon près de la piscine, jardin très bien entretenu avec un mini semtier de balade et des animaux poules, paon) nous permettent de nous sentir comme à la maison et ont ravi toute la famille
- la localisation est très pratique : près de nombreux magasins de souvenirs, épiceries/supermarchés, sodas/restaurants, thermes populaires. Nous nous sommes baladés à pied et étions très prêts en voiture des principaux centres d’intérêt du coin.",5,Hotel Roca Negra del Arenal,alojamiento,booking
Superbe hôtel très bien situé et au calme. Bungalow spacieux et confortable avec vue sur le volcan. Personnel très accueillant. Grand jardin bien aménagé avec piscine. Le petit déjeuner est servi en option avec plusieurs choix. Plusieurs restaurants situés à quelques pas de l'hôtel.  Nous avons beaucoup apprécié notre séjour. Rien,5,Hotel Roca Negra del Arenal,alojamiento,booking
המלון יפה. חצר מטופחת. המיטה די נוחה.,5,Hotel Roca Negra del Arenal,alojamiento,booking
"L'accueil du personnel,  très aimable, plein de sourires et plein de conseils. Merci Eugénia!
La situation géographique sur la route vers le parc national arenal et autres excursions. 
La piscine et le jacuzzi.
Le confort du lit dans la chambre lit king-size.
La vue incroyable sur le volcan depuis la superbe terrasse avec fauteuils rocking-chairs 😀
Le magnifique jardin, bravo les jardiniers! Le petit déjeuner à 7$, bien que bon, n'est pas compris dans le prix de la chambre.",5,Hotel Roca Negra del Arenal,alojamiento,booking
"Sehr  liebevoll betreute, familiär wirkende Bungalowanlage in gepflegt angelegtem Garten- die Zimmer und das Bad sehr geräumig, Kühlschrank zum Selbstbefüllen im Zimmer, Terrasse mit wunderschönen Schaukelstühlen und Hängematte. Blick direkt auf den Arenal, gutes Frühstück zubuchbar, Kaffee und Teebar zum Self Service- toller Ausgangspunkt für die Aktivitäten rund um Fortuna! Restaurants/Bars in der Nähe. Tolles Preis/Leistungsverhältnis!",5,Hotel Roca Negra del Arenal,alojamiento,booking
"Ein wunderschöner Aufenthalt. Wir waren 4 Nächte vor Ort und haben es vollauf genossen. Der Bungalow war sehr geräumig und die Betten sehr bequem. Alles war Tip Top sauber. Es ist nochmals deutlich schöner und freundlicher als auf den Bildern. Die Terasse ist sehr privat mit tollem Garten vor der Tür und Hängematte sowie Schaukelstühlen.

Das Personal war total freundlich und jederzeit sehr hilfsbereit. Frühstück fanden wir Klasse. Zu einem Preis von 7$ bekommt man einen leckeren frischen Obstteller und kann zwischen pancakes, amerikanischen Frühstück, Costarikanischen Frühstück wählen. Besonders das Gallo Pinto kann ich sehr empfehlen. Große Portionen und sehr schmackhaft. 

Am Pool gab es Spielzeug, was die Kinder sehr begeisterte. Genauso wie der Spielbereich mit Kicker, Billiard und Tischtennis",5,Hotel Roca Negra del Arenal,alojamiento,booking
"Funcionária da recepção muito acolhedora, simpática e alegre. Espaço exterior muito bonito e organizado com muitos detalhes a pensar no condorto dos hóspedes. Localização convenientemente entre La Forurna e as hot springs.  Dá para ir a pé jantar a sodas muito boas.",5,Hotel Roca Negra del Arenal,alojamiento,booking
"Super ! Bonne chambre , propre , belle piscine , équipe très sympa !!",5,Hotel Roca Negra del Arenal,alojamiento,booking
"Top, zeer prachtige tuinen met heel veel vogels.Huisjes liggen naast elkaar maar wij hebben geen last gehad van de buren. Prachtig zicht op de vulkaan .Ontbijt was extra bij te betalen 7$pp, maar was wel in orde maar basis zoals overal in Costa Rica. Zeer ruime kamer en badkamer.
Ruime parking. Naast drukke baan maar hebben daar geen last van gehad.",5,Hotel Roca Negra del Arenal,alojamiento,booking
Todo me encanta!  ya es la segunda vez que nos hospedamos aqui y definitivamente pensamos regresar!!  es el mejor lugar de la Fortuna!  Gracias,5,Hotel Roca Negra del Arenal,alojamiento,booking
"Un hotel muy bien cuidado y una atención espectacular, muy recomendable y céntrico, excelente opción que además cuenta con sistema de estacionamiento privado.  Delicioso desayuno, la piscina super bonita y el jacuzzi caliente con vistas al a vegetación.  muy recomendable!   regresaremos! en general todo bien!",5,Hotel Roca Negra del Arenal,alojamiento,booking
"L'acceuil fort sympathique, et l'emplacement très bien situé. Le fait de ne pas pouvoir payer en carte bleue, dommage !",5,Hotel Roca Negra del Arenal,alojamiento,booking
"Das Zimmer war sehr schlicht und nichts besonderes aber die Lage unschlagbar. Versteckt im grünen. Das Hotelgrundstück war voller schöner Pflanzen, Bäume und Tiere. Oase der Ruhe. Das Hotelpersonal war sehr freundlich. Hector hat soch die Zeit genommen uns alle Pflanzen und Tiere zu zeigen. Eine andere Dame hat uns mit den simkarten geholfen. alle sehr zuvorkommend 🤗",5,Hotel Roca Negra del Arenal,alojamiento,booking
Hôtel très mal insonorisé donc avec voisins qui se couche tard et qui se leve tôt les nuits sont courtes je confirme vraiment les avis a ce sujet,5,Hotel Roca Negra del Arenal,alojamiento,booking
"Les bungalows sont qualitatifs et spacieux avec une très bonne literie. La terrasse donne sur un jardin luxurieux et est sans vis à vis. On  a aussi apprécié les petites attentions pour les guests à savoir le café et thé mis à disposition, ainsi que les jeux ( billard, ping-pong, ...). Le jacuzzi a également été un vrai plus lors d'une journée pluvieuse.
Enfin l''équipe de l'accueil est disponible et attentionnée. La météo mais l'hôtel n'y est évidemment pour rien.",5,Hotel Roca Negra del Arenal,alojamiento,booking
Super tolle Gartenanlage. Nette Bungalows.,5,Hotel Roca Negra del Arenal,alojamiento,booking
Der gepflegte Garten war einfach toll. Man kann viele Tiere beobachten Alles perfekt,5,Hotel Roca Negra del Arenal,alojamiento,booking
"Stationnement pour garder notre voiture en sécurité près de la chambre. Galerie avec vue sur le volcan et jardin aménagé avec beaucoup d'oiseaux. Belle salle de bain avec de la pression et de l'eau chaude. Espace convivial pour se faire café/thé toute la journée. Coffre fort ne fonctionnait pas mais ce n'était pas un problème, vous avons opté pour garder nos passeports avec nous.",5,Hotel Roca Negra del Arenal,alojamiento,booking
"Accueil très chaleureux, grand chambre, piscine très sympa et jacuzzi 
les enfants ont adoré le billard et les autres jeux
très bien situé 
des oiseaux partout dans la végétation, superbe
on a pu faire laver notre linge pour un prix raisonnable le petit déjeuner est correct sans plus - il y a un soda vraiment top juste en face de l'hotel (accessible a pied)",5,Hotel Roca Negra del Arenal,alojamiento,booking
原本只是路过住一晚，没抱太高期待，但实际住得非常好。酒店院子里环境优美，花木繁盛。温泉泳池虽然不大但很精致干净，旁边还有台球和乒乓球可以玩。酒店养的小猫很受孩子们欢迎。房间虽然简朴但很宽敞干净。门廊上还有沙发和吊床，我们去的季节也没有蚊虫，在外面坐坐很舒服。因为到的比较晚，所以没在酒店用餐，但隔壁就有一家很棒的Pizza店，出门右转走路4分钟，在一家很大纪念品商店里面，味道很好。总之超越期待，值得推荐。,5,Hotel Roca Negra del Arenal,alojamiento,booking
"Le personnel...Elizabeth a l'accueil, La propriété,  l'emplacement, le jardin est sublime",5,Hotel Roca Negra del Arenal,alojamiento,booking
De schoonheid van het park. Erg leuk aangekleed. Het ontbijt was te eten maar kon wat meer zijn.,5,Hotel Roca Negra del Arenal,alojamiento,booking
"Einfach tolles Ambiente, tolle Lage, sehr freundliches Personal, nächstes Mal wieder dort! La Fortuna ist nicht die leiseste Stadt.",5,Hotel Roca Negra del Arenal,alojamiento,booking
"Vriendelijk en behulpzaam personeel, fantastische kamer en badkamer, terras met uitzicht op de vulkaan, restaurantjes op loopafstand en op prima afstand van alle activiteiten in La Fortuna. En natuurlijk de prachtige tuin. Echt een aanrader! Het is inderdaad gelegen aan de doorgaande weg maar ‘s avonds wordt het rustiger en heb je er eigenlijk geen last van.",5,Hotel Roca Negra del Arenal,alojamiento,booking
"Sehr schön angelegte Anlage, sehr nettes Zimmer und Terrasse",5,Hotel Roca Negra del Arenal,alojamiento,booking
"Le personnel très gentil 
La vue de la chambre avec terrasse et hamac
La localisation, restaurant à pied 
Lit immense et très confortable 
L'environnement est magnifique On entend les voisins de la chambre 
Il y avait beaucoup de famille avec des enfants qui se croyaient seuls à la piscine et utilisaient le jacuzzi sans surveillance 
Dommage que le petit déjeuner n'était pas inclus. C'est 7 dollars",5,Hotel Roca Negra del Arenal,alojamiento,booking
"Freundliches Personal, saubere Zimmer, gutes und preiswertes Frühstück, Pool, Whirlpool, Tischtennisplatte, Billardtisch und Tischkicker, schöne Anlage, Toller Blick auf den Vulkan.. einfach ALLES.",5,Hotel Roca Negra del Arenal,alojamiento,booking
Pool sehr schön. Alles sehr grün und naturbelassen. Portionsgröße beim Frühstück eher klein.,5,Hotel Roca Negra del Arenal,alojamiento,booking
"Nuostabi aplinka, labai gražūs augalai. Tiesiog gyvenome kaip parke. Daug privatumo. Namukai atskiri. Baseinas, džiakuzi. Bet kuriuo paros metu galima naudotis kava, arbata.
Labai patiko.

Reda, Lietuva",5,Hotel Roca Negra del Arenal,alojamiento,booking
Très bien positionné pour visiter les alentours et le parc du volcan. Personnel très serviable. Chambre confortable avec bonne literie et la terrasse privative appréciée !,5,Hotel Roca Negra del Arenal,alojamiento,booking
"Die Anlage ist wunderschön. Es ist sehr sauber und die Zimmer sind grosszügig. Man hat eine kleine Terrasse mit zwei Schaukelstühlen und einer Hängematte. Sehr gemütlich. Restaurants sind in 5 Gehminuten zu erreichen. Das Hotel MUSS barbezahlt werden, sowie alles was man in der Anlage konsumiert. Das ist ein bisschen umständlich.",5,Hotel Roca Negra del Arenal,alojamiento,booking
"Bel accueil, site magnifique avec vue sur le volcan Arenal. Magnifique végétation. Chambres confortables. A proximité des marchés et des restaurants.",5,Hotel Roca Negra del Arenal,alojamiento,booking
"Très bel endroit, bien entretenu, personnel attentif, belle grande chambre, balcon avec chaise très confortable, petite table extérieure près de chaque chambre.
Une nature exceptionnelle, fleurs, végétaux, hôtel enwine végétation tropicale. Merveilleux! J' y séjournerais  de nouveau demain matin.",5,Hotel Roca Negra del Arenal,alojamiento,booking
"Lodge très confortable 
Propriété bien entretenue et agréable 
Emplacement près des activités Petit déjeuner pas très diversifié et cher",5,Hotel Roca Negra del Arenal,alojamiento,booking
"Heel fijn om je aparte bungalow te hebben, veel ruimte. Er was een sterke hondengeur aanwezig op de kamer.",5,Hotel Roca Negra del Arenal,alojamiento,booking
Belle chambre donnant sur un superbe jardin et magnifique vue du volcan Arenal. Belle piscine et joli coin de repos et jeux . Le bruit de la route à côté de la piscine,5,Hotel Roca Negra del Arenal,alojamiento,booking
"Großer Bungalow, großer Badebereich, toll. Terrasse inmitten eines wunderbaren Gartens, man sieht hier unzählige Vögel! Personal freundlich, immer ansprechbar. Kaffee/Tee kann man sich zentral zubereiten, gute Idee. Wir waren bereits das 2.Mal in dieser Unterkunft, weil es so schön ist!",5,Hotel Roca Negra del Arenal,alojamiento,booking
Endroit excellent. Petit sentier et aménager pour les oiseaux et papillons.,5,Hotel Roca Negra del Arenal,alojamiento,booking
De tuin en uitzicht. Huisje zag er iets gedateerd uit van binnen.,5,Hotel Roca Negra del Arenal,alojamiento,booking
"Un véritable coup de cœur pour cet hôtel. 
Le cadre est magnifique, le jardin est très bien entretenu, piscine et jacuzzi pour le bonheur des grands et des petits. 
Les logements sont spacieux, propres et bien décorés.
Petits déjeuners très bons. La connexion wifi à améliorer à l’intérieur du logement.",5,Hotel Roca Negra del Arenal,alojamiento,booking
"Eine sehr gute Lage mit Blick auf den Vulkan Arenal und eine wunderschöne Anlage mit vielen Pflanzen & Vögeln. Es gibt einen tollen Aufenthaltsbereich mit großem Swimminggool und heißem Whirlpool, Billard, Tischkicker, Tischtennis und hübsch gemachter Sitzecke. Auch eine Möglichkeit sich Kaffe & Tee zu kochen gibt es👍. Es war schon sehr hellhörig und somit entsprechend laut wenn man verschiedene Schlafens-und Aufstehzeiten hat. Aber so ist das auf Reisen eben und auch kein Minuspunkt.",5,Hotel Roca Negra del Arenal,alojamiento,booking
"Heerlijk park, van alle gemakken voorzien: koffiebarretje,  zwembad met ligstoelen,  overdekt pool/biljart/tafeltennis, wandelpaden door het park, alles prima in orde. In vergelijking tot recente accommodaties wat aan de duurdere kant. Ook lang een drukke doorgaande weg gelegen. Verder prima en prachtig park!",5,Hotel Roca Negra del Arenal,alojamiento,booking
Le cadre et les équipements sont d’un bon niveau Ras,5,Hotel Roca Negra del Arenal,alojamiento,booking
"Jacuzzi, Garden, Room, Poolbillard Ein Herd in der gemeinschaftlich genutzten Outdoor-Küche wäre hilfreich",5,Hotel Roca Negra del Arenal,alojamiento,booking
Keurig ruim huisje in mooi park met fijn terras. Er zaten bloedvlekken op een van de lakens. Maar dat zagen we gelukkig pas toen we weggingen.,5,Hotel Roca Negra del Arenal,alojamiento,booking
"Tout était parfait !! Magnifique surtout les jardins et le coin piscine
On a eu le bonheur d'y observer des toucans des colibris Rien",5,Hotel Roca Negra del Arenal,alojamiento,booking
"Hôtel situé dans un magnifique jardin .
Piscine et jaccusi un plus pour la détente après une journée intense ..
Le personnel vraiment sympathique que se soit à la réception comme au petit déjeuner. 
Restaurants et magasins à proximité. Rien à dire ...pour nous tout était parfait !",5,Hotel Roca Negra del Arenal,alojamiento,booking
"Tout ! La chambre très confortable, la vue sur le volcan, une végétation luxuriante, la piscine et le tout décoré avec beaucoup de goûts. J’ai tellement aimé que je n’ai pas trouvé de point négatif.",5,Hotel Roca Negra del Arenal,alojamiento,booking
"De huisjes lagen in een grote tuin vol met exotische planten. Vanuit het huisje zag je de vulkaan. Het huisje, een zitje bij het zwembad, de ontbijtruimte, overal was alles met veel kleur en liefde aan gekleed.
Personeel (zoals Elisabeth) vriendelijk en behulpzaam. 2 km van La Fortuna met veel souvenirshops en restaurants. Grote supermarkt onderweg naar La Fortuna. Veel activiteiten/bezienswaardigheden binnen een half uur.
Welness Tabacon Spa & Hotspring is ongeëvenaard prachtig (forse entree, maar zeker waard). -",5,Hotel Roca Negra del Arenal,alojamiento,booking
"Absolument tout! La gentillesse du personnel, la propreté, la sécurité, le confort de la literie, les petits déjeuners exceptionnels, la vegetation luxuriante, les animaux (les colibris juste devant la terrasse!!), les toucans, agoutis, la piscine, le jacuzzi, l'espace jeux, l'emplacement parfait pour faire les excursions, les sodas et restos juste à côté... Nous avons passé une semaine au paradis! Rien à redire, tout était parfait! Pour les adultes comme pour les enfants :-)",5,Hotel Roca Negra del Arenal,alojamiento,booking
"Haveanlægget, man ser masser af fugle fra sin terasse Kun kontant betaling",5,Hotel Roca Negra del Arenal,alojamiento,booking
"Roca Negra ist eine sehr liebevoll angelegte und gepflegte Hotel / Bungalow Anlage. Die ganze Anlage gleicht einem idyllischen Garten mit zahlreichen Pflanzen, Blumen und Bäumen/Palmen. Dazwischen sind die Bungalows.
Die Bungalows sind über grüne Gehwege (wie künstlicher Rasen) mit der Reception, Frühstücksraum, Spielraum, Sitzplätze und Swimming Pool verbunden.
Das Auto wird neben dem Bungalow geparkt.
Schöner Pool Platz mit geheiztem Jacuzzi.
Das leckere Frühstück wird ab Karte bestellt.

Von unserem Bungalow aus hatten wir freie Sicht auf den Vulkan Arenal. Leider war er bis auf einen kurzen Moment ständig teilweise in Wolken. Geschuldet an den starken Niederschlägen die Tage zuvor, hohe Luftfeuchtigkeit.
Der Bungalow Eingang erfolgt über eine gemütliche Veranda mit 2 tollen Liegestühlen aus Holz.
Schaukelnd konnten wir so den Vulkan sowie verschiedene Vögel in unserem Garten beobachten.
Auch 1 Kolibri drehte wiederholt seine Runden beim Nektar suchen.

Die Hotelmanagerin ist eine sehr aufgestellte Dame mit viel Humor :D
Wir wären am liebsten einige Tage länger geblieben.
Für Ausflüge in der Arenal Gegend liegt das Hotel sehr gut.
Zahlreiche Restaurants können zu Fuss erreicht werden.
Ein Hotel mit feinem Essen ist gerade gegenüber.
Die kleine Stadt ist mit dem Auto in 5min. zu erreichen. 
Das nächste Mal in dieser Gegend, sehr gerne wieder hier im Roca Negra.",5,Hotel Roca Negra del Arenal,alojamiento,booking
"Private Unterkunft mit Garten und Hängematte, nicht einsehbar, relativ ruhige Unterkunft und trotzdem gut gelegen, sehr gut gepflegte Anlage, schöner Pool Eingeschränkte Möglichkeiten und Equipment, um sich selbst zu versorgen",5,Hotel Roca Negra del Arenal,alojamiento,booking
Chambre isolée Aurions aimé avoir cafetière et toaster dans la chambre,5,Hotel Roca Negra del Arenal,alojamiento,booking
Tolle Anlage und sehr freundliches Personal. Zimmer sind sehr großzügig und sauber. Top Empfehlung,5,Hotel Roca Negra del Arenal,alojamiento,booking
"Coup de cœur pour notre balcon avec de grosses chaises berçantes en cuir d’où nous avons observé les oiseaux. Le seul point négatif c’est qu’il n’y a pas de trottoir sur la rue pour se rendre au restaurant ou autre commerce, mais ça n’a rien n’a avoir avec l’établissement.",5,Hotel Roca Negra del Arenal,alojamiento,booking
Les petits déjeuners n’étaient pas très recherchés.,5,Hotel Roca Negra del Arenal,alojamiento,booking
"Bed, buitenstoelen op terras van het huisje, hangmat, tuin Dicht bij doorgaande weg",5,Hotel Roca Negra del Arenal,alojamiento,booking
"La vue magnifique sur le volcan. La qualité de la literie. La terrasse avec le hamac. La situation à côté des parcs et des restaurants. Mauvaise isolation, on entendait tout ce qui se disait a côté. 
Le fait de devoir payer en liquide. Le retrait a été fait en colones, et le prix était affiché en $, la gérante a fait la conversion selon son taux. On a donc perdu des sous et payé des frais en retirant de l’argent plutôt qu’en payant en CB + perte d’argent avec la conversion.",5,Hotel Roca Negra del Arenal,alojamiento,booking
"Das Hotel glänzt vor allem durch seine Anlage. Der Garten ist wunderschön und es gibt überall tolle Sitzgelegenheiten!
Die Zimmer sind groß und sauber, die Betten okay.
Für 7$ bekommt man ein zu diesem Preis gutes Frühstück.
Der Pool ist sehr schön!
Das Personal ist sehr freundlich! Das Wlan ist sehr schwach!
Leider fehlen an den Fenstern Mückengitter!
Bei Regen sind die Terrassenfliesen sehr rutschig - aufpassen!",5,Hotel Roca Negra del Arenal,alojamiento,booking
"Прекрасное место. Все красиво и хорошо. Я курящий, нельзя курить на территории.",5,Hotel Roca Negra del Arenal,alojamiento,booking
"Wunderschönes kleineres und einfaches  Hotel, das alles hat was nötig ist. Die Zimmer haben alle eine schöne Veranda mit Schaukelstühle sowie Amak und der Garten hat viele schönen Blumen und Vögel. Eugenia ist super nett und sehr hilfsbereit. -",5,Hotel Roca Negra del Arenal,alojamiento,booking
"La vue sur le volcan depuis la terrasse est magnifique, même si des nuages sont fréquents.

La chambre est bien isolée, calme et équipée de rideaux occultants. L’air conditionné n’est pas trop fort, juste ce qu'il faut.

La végétation est incroyable. Le jacuzzi fait plaisir! Il n'y a ni restaurant ni bar dans l'hôtel.

Le petit-déjeuner n'est pas inclus dans le prix.",5,Hotel Roca Negra del Arenal,alojamiento,booking
Ruime schone kamer en vriendelijke eigenaresse. Ook een fijn terras voor de bungalow met uitzicht op groen.,5,Hotel Roca Negra del Arenal,alojamiento,booking
"Sehr schöner Garten, viele Pflanzen, Blüten, Kolibris. Ein schöner Pool, sehr schöne gepflegte Anlage. Nicht zu groß. Man kann nur bar zahlen.
Es gibt keinen Schrank und keine Haken um etwas aufzuhängen im Zimmer. (Im Bad sind jedoch einige Kleiderbügel an einer Art Kleiderständer.)",5,Hotel Roca Negra del Arenal,alojamiento,booking
"So eine toll angelegte Anlage! Blumen und Vögel wohin man schaut. Einfach den Tag im Schaukelstuhl vorm Zimmer oder am Pool ausklingen lassen. Zentral gelegen, sehr freundliches Personal,  gute Betten, alles bestens Nichts",5,Hotel Roca Negra del Arenal,alojamiento,booking
Accueil parfait.,5,Hotel Roca Negra del Arenal,alojamiento,booking
Tolle Anlage mit schönem Pool und Freizeitbereich. Zimmer sind groß und haben eine schöne Veranda. Preis-/Leistungsangebot beim Frühstück,5,Hotel Roca Negra del Arenal,alojamiento,booking
El desayuno estaba  bueno,5,Hotel Roca Negra del Arenal,alojamiento,booking
"Le jardin est super beau. L'emplacement est pratique, facile d'accès, proche des restaurants et des activités. On peut se garer à côté de la chambre. Il manquait de chaises et une petite table dans la chambre.",5,Hotel Roca Negra del Arenal,alojamiento,booking
"Die Lage ist ideal für viele Aktivitäten. Die Unterkunft liegt etwas ausserhalb von La Fortuna, es gibt aber einige Restaurants, alle sind zu Fuss erreichbar. Die Anlage ist sehr schön und gepflegt, mit Pool und Jacuzzi. Das Personal ist freundlich und hilfsbereit. Leider konnte aus Personalmangel kein Frühstück angeboten werden.",5,Hotel Roca Negra del Arenal,alojamiento,booking
Helaas geen ontbijt tijdens de dagen dat wij er waren.,5,Hotel Roca Negra del Arenal,alojamiento,booking
"Wij zaten in een prachtig huisje met fijne bedden en ruime badkamer. Het uitzicht vanaf de veranda op de vulkaan was prachtig. Alle huisjes staan in een grote tuin met mooie planten, bloemen en veel vogels. Föhn is niet heel krachtig… vrouwendingetje ;-)",5,Hotel Roca Negra del Arenal,alojamiento,booking
Wir hatten einen eigenen bungalow der viel Platz bot mit guter Ausstattung. Das Bad war groß und relativ neu. Auf der Terrasse vor dem bungalow konnte man wunderbar den tollen Ausblick auf den vulkan genießen und unzählige Vögel beobachten. Die Außenanlage ist schön gestaltet und der Pool einladend. Es gab zudem eine kleine outdoorküche bei der man den ganzen Tag kostenlos Tee oder kaffe bekam. Wir haben uns hier auch Obst und sandwiches zubereitet. Es war einer der besten Aufenthalte in unserem costa rica Urlaub. Zudem befinden sich einige Restaurants und Bars in der Nähe. War alles super.,5,Hotel Roca Negra del Arenal,alojamiento,booking
"Sehr freundliches Personal, kleine Küche für jeden, Kaffee zum selber machen incl. 
Toller Garten mit vielen Blumen und landestypischen Gewächsen",5,Hotel Roca Negra del Arenal,alojamiento,booking
"Wunderschöne Hotelanlage mit tropischem Garten. Dadurch werden viele Kolibris und Vögel angelockt. Frühstück sehr lecker, direkt neben dem schönen Pool darf gegessen werden. Aussicht direkt auf den Vulkan el Arenal. Personal sehr freundlich. Ein Hahn der morgens früh schreit und die Hotelgäste weckt.",5,Hotel Roca Negra del Arenal,alojamiento,booking
"La vue exceptionnelle sur le volcan
Tres bon confort
Cafe et the offert
Personnel sympathique 
Table de jeu à disposition",5,Hotel Roca Negra del Arenal,alojamiento,booking
"La chambre au top ,grand lit de 2 mètres, climatisation, .Petit plus le hamac et les 2 fauteuils confort devant la casa .Vue exceptionelle sur le volcan .Jardin magnifique avec de nombreux oiseaux . Coin piscine très joli 
Personnel très gentil et accueillant.  Hotel proche des restos , et des piscines thermales . Dommage que le soir nous ne pouvions pas boire un verre à l'hôtel. . Peut être parce que nous étions hors saison haute .",5,Hotel Roca Negra del Arenal,alojamiento,booking
"Die Zimmer sind gut eingerichtet, mit einer schönen Terrasse, in einem großen Garten. Der Garten wird von vielen Vögeln  (Kolibris und viele andere) besucht. Die Lage des Hotels ist gut, sehr ruhig, wenige Km vor Fortuna. Um in das Hotelgelände zu fahren muss man einen Code in einem Keyboard eingeben um das Tor zu öffnen. Die Zahlen stehen neben den Tasten und sind nicht beleuchtet. Wenn man bei Dunkelheit zurück kommt (im Oktober war es um 17:30 dunkel) braucht man eine Taschenlampe um die richtigen Tasten zu drücken.",5,Hotel Roca Negra del Arenal,alojamiento,booking
"Grote bedden met fijne kussens
Aardig personeel wat je helpt bij het maken van tours
Mooi uitzicht op de vulkaan Als je geen vervoer hebt is het niet dicht bij de hoofdstraat van La Fortuna.",5,Hotel Roca Negra del Arenal,alojamiento,booking
"Wunderschöne Anlage mit vielen Blumen und Tieren, einem tollen Poolbereich und jeder Menge Dinge zu tun (Tischkiker, Billard, Spieleecke, Tischtennis uvm.)
Blick auf Vulkan Kein Faultier gesehen",5,Hotel Roca Negra del Arenal,alojamiento,booking
Le cri des animaux au petit matin Confort du mobilier,5,Hotel Roca Negra del Arenal,alojamiento,booking
"Heel knus park met huisjes als kamers. Alles is ruim opgezet, je hebt veel privacy. Ons huisje was net nieuw met een mooie badkamer. Wij hadden uitzicht op de Arenal vanaf ons huisje. De tuin is goed onderhouden en zit vol leuke vogels. Het ontbijt was heerlijk (lekkerste pancakes van heel onze reis hebben we daar gegeten!). Het zwembad en jacuzzi zijn ook helemaal top. De locatie is goed: je zit niet in de drukte van La Fortuna, maar kunt daar wel snel naartoe. Ging prima met onze huurauto. Niet al het personeel spreekt even goed Engels. Wij hadden last van mini miertjes in ons huis, maar dat hoort ook een beetje bij Costa Rica. Er is een kippenren aanwezig op het terrein, waar ook een haan bij zit. Wij zaten vrij ver achterin het park (nr 14), maar als je dichterbij de receptie zit, dan hoor je de haan vermoedelijk wel 's ochtends. Oordoppen mee dus!",5,Hotel Roca Negra del Arenal,alojamiento,booking
"En fantastisk hage med mange sittegrupper over alt med fine møbler. Svømmebasenget med stoler og bord i nærheten. Hagegangene gjør at alt virker meget privat Det var ingen Restaurant bare frokost,men kaffe og te var fritt tilgjengelig",5,Hotel Roca Negra del Arenal,alojamiento,booking
"De receptioniste ontving ons met veel enthousiasme. Het verblijf is daarnaast van alle gemakken voorzien. Een gunstige locatie, fijn zwembad en hygiënisch. Het ligt naast een drukke weg waardoor je de auto's ook goed hoort aan het zwembad.",5,Hotel Roca Negra del Arenal,alojamiento,booking
"Wir sind wirklich wunschlos glücklich gewesen.
Es war das beste Hotel auf unserer Rundreise und einen besseren Abschluss hätte man sich nicht wünschen können.
Wir haben uns rundum wohl gefühlt, das Personal war aufmerksam und sehr sehr freundlich. Das Frühstück war top und wir haben den Pool und den Billard Tisch sehr gut nutzen können.
Die Anlage ist top gepflegt und die Zimmer sehr großzügig.
Man sieht sehr sehr viele Tiere, mehr als bei den Besuchen in den Naturschutzgebieten und Nationalparks zusammen.
Danke für diese tollen 4 Tage! Es gab rein gar nichts zu beanstanden.",5,Hotel Roca Negra del Arenal,alojamiento,booking
"Prachtige tuin, fijn zwembad, goed ontbijt, veel plekjes om te relaxen. Er zijn veel spelletjes aanwezig en er is zelfs een pooltafel en een pingpong tafel. Het personeel is super vriendelijk en heeft ons zelfs een keer afgezet bij een tour omdat ze ons toevallig tegenkwam. Ook kregen we een gratis upgrade naar een mooiere kamer, echt fantastisch! Het hotel ligt ongeveer een half uurtje lopen van La Fortuna, goed om te weten als je geen auto hebt. Er zijn wel Ubers beschikbaar.",5,Hotel Roca Negra del Arenal,alojamiento,booking
"Zimmer, Sauberkeit, Pool/Whirlpool, Gartenanlage. Top! Nichts

Anmerkung: Ohne Auto ca. 30 Min. zu Fuß bis La Fortuna",5,Hotel Roca Negra del Arenal,alojamiento,booking
Das Hotel hat einen wunderschönen Garten.,5,Hotel Roca Negra del Arenal,alojamiento,booking
Locatie,5,Hotel Roca Negra del Arenal,alojamiento,booking
"la chambre est un petit bungalow très confortable avec hamac , petite kitchenette dans l'hôtel en libre service pour se faire des salades le soir , 
personnels très sympathique 
piscine agréable rien",5,Hotel Roca Negra del Arenal,alojamiento,booking
Sehr schöne und gepflegte Anlage. Viele tolle Vögel. Schöner Pool. Gute Lage zu Restaurants. Dennoch ruhig,5,Hotel Roca Negra del Arenal,alojamiento,booking
On a exigé le règlement en cash. Un excellent hôtel avec un spa et une piscine fort sympathique.  Quelle fabuleuse vue du volcan au milieu d un parc rempli d'oiseaux. Une chambre spacieuse et charmante.,5,Hotel Roca Negra del Arenal,alojamiento,booking
"Sehr freundliches und hilfsbereites Personal (insbesondere bei der Auswahl von Aktivitäten / Tagestouren) - ausserdem wurden wir beim Check-in einmal durch die komplette Anlage geführt.
Die Anlage ist sehr schön gepflegt und es führen kleine Wege durch den dicht bewachsenen Garten.
Pool und Jacuzzi sind ein Highlight.
Wir hatten einen direkten Blick auf den Vulkan von unserem Zimmer aus - Zimmer war sauber und mit dem nötigsten ausgestattet. Wir hatten einmal das Frühstück ausprobiert - dies war in Ordnung, aber wir haben es bei diesem einen mal belassen.",5,Hotel Roca Negra del Arenal,alojamiento,booking
"Wat een geweldige plek. Prachtig zo midden in een tuin. Leuke huisjes om te verblijven, echt een vakantie gevoel. 
Het personeel was aardig en behulpzaam.
Wij hebben genoten van de hottub bij het zwembad. De badkamer was simpel, maar voldoende.",5,Hotel Roca Negra del Arenal,alojamiento,booking
"Schöne Anlage, viele Vögel, schöner Pool. Lage fußläufig zu ein paar Restaurants und Souvenir Läden.
Nicht so laut wie direkt in La Fortuna.
Wir würden wieder kommen. Der Vulkanblick war nicht so schön wie beschrieben",5,Hotel Roca Negra del Arenal,alojamiento,booking
propreté exemplaire. service à l'accueil exceptionnel. bon rapport qualité prix pour les dejeuners sur place. rien,5,Hotel Roca Negra del Arenal,alojamiento,booking
"Super schöne Anlage, welche mit viel Aufwand gepflegt wird. Der Pool ist spitze und hat sogar einen beheizbaren Jacuzzi sowie Aussicht auf den Arenal. Alles in allem ein toller Ort für ein paar Tage in La Fortuna.",5,Hotel Roca Negra del Arenal,alojamiento,booking
"Belles prestations, propreté, confort de la literie. Vue sur volcan arsenal. Jardin bien aménagé. Animaux en liberté. Piscine/jacuzzi, billard, ping pong. Coin café Thé en accès libre Piscine peu propre. Bord de route, parfois un peu bruyant.",5,Hotel Roca Negra del Arenal,alojamiento,booking
Tutto molto curato Niente,5,Hotel Roca Negra del Arenal,alojamiento,booking
"El hotel es lindo, cómodo, limpio y tiene todo lo que necesitas para un buen descanso.
El personal muy atento y el desayuno delicioso, aunque hay que pagarlo ya que no está incluido en la tarifa.",5,Hotel Roca Negra del Arenal,alojamiento,booking
Der Platz ist ein Traum.Mitten in der Narur,5,Hotel Roca Negra del Arenal,alojamiento,booking
"L'emplacement, l'environnement magnifique de fleurs, l'aspect privé des habitations. Tout était parfait.",5,Hotel Roca Negra del Arenal,alojamiento,booking
"Super mooie tuin, heerlijk zwembad, ruime kamer met fijne verranda, lekker ontbijt en heel aardig personeel. Airconditioning deed het niet heel goed. Er was geen rekje om handdoeken em zwemkleding op te hangen zodat ze konden drogen.",5,Hotel Roca Negra del Arenal,alojamiento,booking
"De lujo , no se puede pedir más , el trato del personal excelente, las vistas de lujo , el lugar un gran hotel . Tenerme que ir de ahí a otra ciudad .",5,Hotel Roca Negra del Arenal,alojamiento,booking
"Es ist eine wunderschöne Anlage mit viel grün, vielen Blumen und man konnte viele Vögel beobachten. Die Lage ist super. Nicht mitten in der Stadt, dennoch sind Restaurants fussläufig erreichbar. Der Vulkan und Hot Springs sind sehr nah. Wir hatten das Häuschen ganz am Ende und hatten einen wunderbaren Ausblick auf den Vulkan (wenn das Wetter es zuliess). Die Kinder liebten den Pool und den Spielbereich mit Billiard, Pingpong etc. Das Personal war sehr aufmerksam und nett. Die Kinder durften auch einmal mit um Eier aus dem Stall zu holen. Sie liebten die vielen Tiere sowieso. Im Bungalow gab es kein WiFi, nur auf der Terrasse.",5,Hotel Roca Negra del Arenal,alojamiento,booking
"Bel établissement, les logements sont spacieux avec petite terrasse privative, au calme entourée de verdure et de colibris. Bien équipé avec de quoi s’occuper, table de ping pong, baby foot… Règlement en espèces.",5,Hotel Roca Negra del Arenal,alojamiento,booking
"Vriendelijke ontvangst door de eigenaresse en heel ruime, schone en comfortabele 1-kamer bungalows. Een prachtig uitzicht op de vulkaan vanaf een mooie veranda. De tuin is prachtig aangelegd en je ziet veel vogels, vlinders, kolibries en eekhoorns. Het zwembad en de spellen-plek met oa tafeltennis en poole zijn een leuke bonus. Koffie en thee de hele dag beschikbaar. De rest van het personeel was wat onverschillig.",5,Hotel Roca Negra del Arenal,alojamiento,booking
"Prachtig uitzicht, hele schone kamer, goed bed, geweldig personeel, we hadden een grote slang op de veranda (super cool), elke avond gebruik gemaakt van de pooltafel, lekker zwembad, veel winkels en restaurants naast het hotel. Niks viel tegen 👍🏻",5,Hotel Roca Negra del Arenal,alojamiento,booking
"Sehr schöne Anlage in tropischem Garten mit  Pool. Da es oft geregnet hat, haben wir auch den Whirlpool gerne genutzt. Tolle Aussicht auf den Vulkan, sofern kein Nebel. Sehr leckeres Frühstück mit verschiedenen Optionen (Typical, American, Pancake). Der Spielbereich mit Billard, Tischtennis, etc. haben wir ebenfalls sehr gerne genutzt. 
Kühlschrank im Zimmer war praktisch und überraschend leise WLAN hat nicht funktioniert.
Leider keine Bar/Restaurant
Achtung: Übernachtung und Frühstück müssen bar bezahlt werden",5,Hotel Roca Negra del Arenal,alojamiento,booking
Wunderschöne Gartenanlage. Wir konnten viele Tiere beobachten. Sehr freundlicher und engagierter Service. Tolles Frühstück.,5,Hotel Roca Negra del Arenal,alojamiento,booking
"De vriendelijkheid van het personeel, de propere kamers, het privéterras met comfortabele zetels. De kamers liggen in een mooie omgeving. Je kan gratis handdoeken ontlenen voor het zwembad. Het ontbijt was prijs-kwaliteit ook zeker in orde. Niets",5,Hotel Roca Negra del Arenal,alojamiento,booking
"Vraiment convivial, confortable et à proximité de tout.",5,Hotel Roca Negra del Arenal,alojamiento,booking
Elisa nous a très bien accueillies. Elle est sympathique et donne de bons conseils. L’entretien du site est sans reproche. Les lieux ( belle végétation et aménagement entre les unités) et la chambre sont vraiment beaux. La vue du volcan de notre terrasse est impressionnante!,5,Hotel Roca Negra del Arenal,alojamiento,booking
"Schöne Anlage, der Whirpool, gemütliches und großes Bett, toller Blick auf den Vulkan, super Personal, Parkplatz inklusive, gute Lage am Ende des Ortes. Wie würden gern wieder kommen! Am Pool hört man etwas die Straße, Frühstück nicht inklusive, aber für 8$ zu buchen, im Pool sind einige Fliesen abgegangen, am ein oder anderen Ende könnte etwas nachgebessert werden, siehe Fliesen im Pool oder defekter Safe.",5,Hotel Roca Negra del Arenal,alojamiento,booking
Piscine Déjeuner non inclus et paiement en argent seulement,5,Hotel Roca Negra del Arenal,alojamiento,booking
"Grande chambre confortable. Délicieux déjeuner pour 7$ USD en bordure  de piscine à tous les matins.  Piscine propre, bien aménagée. L'ensemble du site est pensé pour nous donner de l'intimité. Les jardins sont luxuriants et bien entretenus. Le personnel, aimable et accueillant, nous donne l'impression d'être à la maison. Le bruit de la route est perceptible lorsque nous sommes au bord de la piscine puisque l'hôtel est situé sur la rue principale. Cependant, être sur la rue principale nous permet d'être près de la ville donc les restaurants sont facilement accessibles.",5,Hotel Roca Negra del Arenal,alojamiento,booking
"Top Lage und gehobene Ausstattung großzügig angelegter Bungalows mit Terrasse! Genialer Blick von der Terrasse in die Gartenanlage und auf den Vulkan Areal! Sehr geräumiges Zimmer und Bad, Parken direkt neben dem Bungalow. Wunderschöne eigene Parkanlage mit vielen Tieren (Tukane, viele Kolibris Dank Blütenpracht vor der Terrasse, Faultier, etc.). Nicht zu vergessen die überdachten Freizeitaktivitäten wie Billardtisch und Tischtennisplatte (insb. an Regentagen genial) + schöne hauseigene Poollandschaft mit überdachtem Whirlpool. Frühstücksangebot könnte verbessert werden. Allerdings war der Preis für das Frühstück auch sehr gering.",5,Hotel Roca Negra del Arenal,alojamiento,booking
Très belle emplacement avec aménagement paysager soigné. Multiples végétaux et vue extraordinaire sur le volcan. Un peu trop près de la route pour le bruit.,5,Hotel Roca Negra del Arenal,alojamiento,booking
Csodás környezet,5,Hotel Roca Negra del Arenal,alojamiento,booking
De huisjes en de aangelegde tuin en zwembad. Ontbreken van een bar voor een drankje.,5,Hotel Roca Negra del Arenal,alojamiento,booking
La faune et la flore et l’amabilité du service. Le paiement en argent comptant.,5,Hotel Roca Negra del Arenal,alojamiento,booking
"Wunderschöne Anlage mit schönen sauberen, ruhigen  Zimmern, einer gemütlichen Veranda (wir hatten Blick auf dem Vulkan) und sogar noch einer privaten kleinen Terrasse. Den Pool haben wir ebenso genossen. Zum Frühstück habe ich das Käse-Schinken Sandwich geliebt. Und natürlich nicht zu vergessen und das wichtigste: das sehr freundliche, hilfsbereite und immer fröhliche Personal.  Supermarkt, Restaurant in unmittelbarer Nähe - zwar ein bisschen ausserhalb von La Fortuna - dafür auch ruhiger und für uns auch gemütlicher. Wir waren 4 Nächte dort und es war einer der schönsten Aufenthalte auf unserer Reise! Nichts - alles toll!",5,Hotel Roca Negra del Arenal,alojamiento,booking
Het mooie huisje middenin een bloementuin met veranda met schommelstoelen en hangmat en uitzicht op de vulkaan. Wat wil je nog meer,5,Hotel Roca Negra del Arenal,alojamiento,booking
"מלון מאוד מאוד יפה. פרטיות מלאה לכל בקתה. פינת ישיבה מקסימה מחוץ לבקתה. חדר מרווח עם 2 מיטות זוגיות. חדר אמבטיה מפנק. הכל מאוד נקי. מאוד פסטורלי, המקום מתוחזק ברמה מאוד גבוהה. בריכה כיפית. וגקוזי חם מפנק. מומלץ מאוד. הוויפי לא יציב.",5,Hotel Roca Negra del Arenal,alojamiento,booking
"Super fijne kamers, prachtige tuin, heerlijk zwembad.",5,Hotel Roca Negra del Arenal,alojamiento,booking
"Locatie was mooi onderhouden, midden in een groene oase en alle faciliteiten waren aanwezig",5,Hotel Roca Negra del Arenal,alojamiento,booking
Τα δωμάτια βρίσκονται σε ένα πάρα πολύ ωραίο κήπο πολύ κοντά στο κέντρο και σε όλα τα αξιοθέατα το προσωπικό είναι πολύ φιλικό και εγκάρδιο -,5,Hotel Roca Negra del Arenal,alojamiento,booking
Je recommande vivement très beau jardin chambre spacieuse très bien situé.,5,Hotel Roca Negra del Arenal,alojamiento,booking
"Alles schoon en een prachtige tuin 
Heel comfortabel kamer ruim .Op her terras een heerlijke schommelstoel.
Prachtig zwembad. En een lekker ontbijt. Vriendelijk personeel. Niets",5,Hotel Roca Negra del Arenal,alojamiento,booking
Tout Rien,5,Hotel Roca Negra del Arenal,alojamiento,booking
Sehr schönes Zimmer. Sehr schöner Blick auf den Vulcan. Alles sehr sauber und das Personal ist sehr freundlich. Auch das man Abends noch Pool Billard oder Tischtennis spielen kann ist eine nette Abwechslung. Das man das Frühstück separat bezahlen muss,5,Hotel Roca Negra del Arenal,alojamiento,booking
Camera pulita e struttura accogliente. Giardino ben curato. Parcheggio all'interno della struttura. Buona colazione.,5,Hotel Roca Negra del Arenal,alojamiento,booking
"L’accueil
La vue de la chambre sur le volcan
L’intimité du lodge et la terrasse privative avec wheelchairs et hamac (un troisième fauteuil aurait été idéal pour avoir 4 places sur la terrasse en accord avec cette chambre pour 4)
Le soin dans l’aménagement des espaces verts (très fleuris)
Les espaces communs (jeux, lounge, piscine, jacuzzi …)",5,Hotel Roca Negra del Arenal,alojamiento,booking
Sehr schöne Anlage & nettes Personal,5,Hotel Roca Negra del Arenal,alojamiento,booking
"Das Hotel Roca Negra del Arenal war das 2. auf unserem Costa Rica Trip. Wir hatten 3 Nächte und wären am liebsten länger geblieben...
Traumhaft ist untertrieben. Das Personal war super freundlich, fast familiär. Unser Häuschen (16) hatte einen Wahnsinns Ausblick auf den Vulkan und war top ausgestattet, inkl. Kühlschrank und Schaukelstühlen auf der Terrasse. Das Frühstück welches nicht im Preis inbegriffen war, war außerordentlich lecker und mit 7 $ pro Person fast geschenkt. Die Gartenanlage, ein Traum. Wir haben uns pudelwohl gefühlt und kommen ganz sicher wieder. Vielen Dank. Pura Vida Da gibt es gar nichts. Alles war einfach grandios.",5,Hotel Roca Negra del Arenal,alojamiento,booking
"Grosszügiger Bungalow, inmitten eines wunderschön angelegten Gartens. Akzeptiert wird nur Cash.",5,Hotel Roca Negra del Arenal,alojamiento,booking
"Quel accueil et que le jardin est beau !
Super emplacement et super logement très confortable! Un pur bonheur pour les vacances!",5,Hotel Roca Negra del Arenal,alojamiento,booking
"Die Unterkunft ist gut gelegen nahe an zahlreichen Restaurants. Das Hotel selbst ist eine traumhafte Anlage mit viel grün. Diverse Tiere sind zu beobachten, von Haustieren bis zu den Kolibris ist alles vorhanden. Von unseren Zimmer aus konnten wir direkt den Vulkan sehen. Die Unterkunft sowie Frühstück müssen in Cash bezahlt werden und kann nicht mit der Kreditkarte beglichen werden. Daran soll es jedoch nicht scheitern.",5,Hotel Roca Negra del Arenal,alojamiento,booking
"מלון נחמד מאוד, המתבגרים מאוד אהבו את שולחנות המשחק באזור הבריכה. צוות מקסים, ארוחת בוקר משתלמת במקום, חדרים נקיים, הרבה צמחייה ובריכה נעימה. קרוב ללה פורטונה, למסעדות ולכל הפעילויות. בסה""כ מלון משתלם למחיר. היינו בשני חדרים להורים ולילדים. החדר הזוגי היה פחות מוצלח, קטן יחסית ופחות פרטיות כי היה צמוד לחדרים אחרים. החדר המשפחתי היה גדול ונוח יותר, אבל למזגן הקטן היה קצת קשה לקרר אותו.
הקירבה ללה פורטונה נוחה אבל המלון ממוקם ממש על הכביש הראשי ויש רעש של מכוניות באזור הבריכה.",5,Hotel Roca Negra del Arenal,alojamiento,booking
"De hele omgeving was werkelijk waar prachtig! Het uitzicht op de tuin vanuit het huisje. Eigenlijk alles!! Zeer vriendelijk personeel, heerlijk ontbijt! Niks",5,Hotel Roca Negra del Arenal,alojamiento,booking
"Très propre et très calme. Une très belle maisonnette au milieu d’un superbe jardin. 
Les enfants ont beaucoup apprécié l’espace avec le billard, le flipper et la table de ping pong. 
Le petit déjeuner était très bon",5,Hotel Roca Negra del Arenal,alojamiento,booking
"Wir hatten einen sehr geräumigen Bungalow mit AC, Kühlschrank und sogar Safe. Die kleine Anlage liegt in einem abgeschlossenen schönen Garten. Es ist super ruhig, da es etwas ausserhalb von La Fortuna ist. Der Pool ist klein und sauber und ist sehr gut für eine Abkühlung. Es gibt auch einen Whirlpool.
Alles ist sauber und gut gepflegt. Das Personal ist sehr nett. Man kann sich wunderbar vor seinem Bungalow auf bequemen Schaukelstühlen oder sogar einer Hängematte entspannen.
Das Frühstück muss man zusätzlich zahlen und bietet die ortsüblichen Optionen für 7$/Person.
Für die Restaurants downtown muss man mit dem Auto fahren. Wir fanden immer eine Parkplatz. Hat alles gepasst.",5,Hotel Roca Negra del Arenal,alojamiento,booking
Nous avions une petite maisonnette isolé dans un jardin magnifique avec vu sur le Volcan. La piscine qui est très bien un havre de relaxation même si sur la route principal Rien tout était parfait,5,Hotel Roca Negra del Arenal,alojamiento,booking
"Nous avons adoré l’accueil, les chambres ainsi que les jardins! Rien, tout était parfait!",5,Hotel Roca Negra del Arenal,alojamiento,booking
"Das Bett war riesig und bequem, täglich wurden die Zimmer gereinigt, die Anlage war wunderschön und man kann auf seiner eigenen Terrasse im Schaukelstuhl oder in der Hängematte den Vulkan sehen. Außerdem schläft man sehr ruhig. Man hört wenig Lärm. Frühstück war für den Preis in Ordnung aber nicht besonders. 
Ansonsten war alles perfekt",5,Hotel Roca Negra del Arenal,alojamiento,booking
"Le personnel, la localisation, la nature environnante, la piscine et les jeux proposés. Le petit déjeuner pourrait peut être être amélioré en proposant plus de choix.",5,Hotel Roca Negra del Arenal,alojamiento,booking
"Les équipements de l'hôtel et la gentillesse du personnel, tant sur l'accueil que pour les conseils de visites.
Très bonne cuisine du petit déjeuner",5,Hotel Roca Negra del Arenal,alojamiento,booking
"Les petites maisons sont géniales!
Le personnel est gentil et la piscine super belle. Le seul bémol est de devoir payer en argent comptant... ça fait beaucoup de colones et ce n'est pas évident de retirer autant. Nous n'avons pas pu déjeuner sur place le dernier matin parce qu'il fallait payer en comptant et qu'il aurait fallu retourner au guichet pour retirer.",5,Hotel Roca Negra del Arenal,alojamiento,booking
Emplacement. Coin repas écrit dans descriptif de la chambre inexistant,5,Hotel Roca Negra del Arenal,alojamiento,booking
"Eine wunderschöne Anlage, tolles Zimmer und sehr nettes Personal. Ich würde jeder Zeit wieder hier übernachten!",5,Hotel Roca Negra del Arenal,alojamiento,booking
"Schöne Anlage mit kleiner, aber gepflegter Poolanlage. Im Zimmer hat es einen Kühlschrank. Sehr gute Dusche. Gutes Frühstück gegen Aufpreis. Tischtennis, Billard und Tischfußball zur freien Verfügung. Viele Restaurants in Gehdistanz. Sehr freundliches Personal.",5,Hotel Roca Negra del Arenal,alojamiento,booking
Une maison familiale et chaleureuse un jardin extraordinaire et beaucoup de calme,5,Hotel Roca Negra del Arenal,alojamiento,booking
"Herzlichster Empfang, sehr schönes und sauberes Zimmer inkl.eigenem kleinen dschungelhaften Vorgarten/ Terrasse mit Hängematte und Sitzmöglichkeiten und Blick auf den Vulkan Arenal. Zudem konnte man den Garten am Hotelgelände erkunden; Vögel gab es dabei einige. Frühstück war im Preis nicht enthalten, man konnte sich jedoch eines dazukaufen. Die Portionen sind dabei eher klein ausgefallen; Obst etc musste man sich extra dazubestellen. 3 Toasts inkl. Marmelade bekam jeder Tisch als Vorspeise gratis.
Die Dame an der Rezeption war äußerst freundlich und man konnte mit jeder Frage/ jedem Anliegen zu ihr kommen; das war großartig! Preis-Leistungs-Verhältnis: Frühstück inkl.wäre toll gewesen, ansonsten war alles spitze!",5,Hotel Roca Negra del Arenal,alojamiento,booking
"Schön gestaltete Apartments. Nettes und hilfsbereites Personal. Kleiner Pool, aber ausreichend. Möglichkeiten zum Billard, Tischtennis und Tischsoccer spielen, auch abends bei ausreichender Beleuchtung. Preis- Leistung ist für dieses Arrangement nicht passend.",5,Hotel Roca Negra del Arenal,alojamiento,booking
"Schuierende tuis eromheen en een fantastisch uitzicht op de Arenal vulkaan. Heerlijk koel zwembad Webcam camera op het grote raam aan de voorkant van het huis gericht, privacy een beetje in het geding. Behalve een koelkast geen andere borden, bekers, stoelen of koffiezetapparaat aanwezig.",5,Hotel Roca Negra del Arenal,alojamiento,booking
"Sehr schöne Unterkunft. Der Garten ist traumhaft schön. Es zwitschert überall und wir konnten ein Faultier, Kolibris und viele andere Vögel beobachten. Das Frühstück kann gegen Aufpreis vor Ort dazugebucht werden und war sehr lecker.",5,Hotel Roca Negra del Arenal,alojamiento,booking
Sehr schöne Gartenanlage und super große Zimmer.,5,Hotel Roca Negra del Arenal,alojamiento,booking
"Jardin luxuriant. C'était agréable en rentrant de rando de profiter de la piscine,du jacuzzi et du billard. Bien situé pour rayonner autour de la Fortuna .",5,Hotel Roca Negra del Arenal,alojamiento,booking
"Wir wurden sehr freundlich empfangen und konnten uns jederzeit an das freundliche und hilfsbereite Personal an der Rezeption wenden. 
Die Anlage ist sehr sauber und gepflegt, der große und sehr schöne Garten, der Pool, die Gamelounge, die vielen zusätzlichen Sitzgelegenheiten und auch die Tiere (Hühner, Gänse, Pfau, Hunde usw.) es passt alles zusammen. 
Es ist eine wirklich paradiesische Wohlfühloase, wir haben es genossen auf der schönen Terrasse den Tag beginnen zu können und auch ausklingen zu lassen.",5,Hotel Roca Negra del Arenal,alojamiento,booking
"Super Lage und sehr ruhig, Terrasse mit fantastischem Blick auf den Vulkan. Sehr schön angelegte und gepflegte Gartenanlage. Entspannte Atmosphäre. Parkplatz fürs Auto direkt neben dem Bungalow. Keine Kartenzahlungen möglich, Bezahlung jeglicher Leistungen wie Unterkunft, Frühstück, Touren, e.c.t.  nur in bar.",5,Hotel Roca Negra del Arenal,alojamiento,booking
El servicio por parte del personal fue muy bueno! Solicité un servicio porque mi viaje era de luna de miel y me adornaron la habitación súper lindo Todo me pareció muy bien,5,Hotel Roca Negra del Arenal,alojamiento,booking
"Le logement était super, de même que les équipements extérieurs. Hamacs, piscine, jacuzzi, billard…
La vue doit être top aussi, mais malheureusement le brouillard ne nous a pas permis de voir l’Arenal 
Une mention particulière pour la personne à la réception qui est très agréable et serviable.",5,Hotel Roca Negra del Arenal,alojamiento,booking
Sehr schöne Unterkunft mit tollem Garten und gepflegten Pool. Optimale Lage zur Erkundung der Umgebung. Freundliches und hilfreiches Personal. Absolut empfehlenswert!,5,Hotel Roca Negra del Arenal,alojamiento,booking
"Hübsche Unterkunft mitten in einem schönen Garten.
Super nettes und aufmerksames Personal",5,Hotel Roca Negra del Arenal,alojamiento,booking
El personal recepció molt amable i servicial. La zona de jardi i piscina. Es com un oasi enmig del bullici de La Fortuna. Es senten cantar molts ocells. Parquing molt segur Que no entrés en el preu l'esmorzar,5,Hotel Roca Negra del Arenal,alojamiento,booking
"Es war alles toll! Schöne, saubere, geräumige Zimmer mit hübschem großzügigen Bad, sehr nettes Personal (insbesondere Elisabeth und eine der Damen vom Frühstücksservice), wunderschöner Garten mit vielen Vögel zum Beobachten, toller Blick auf den Vulkan Arenal, sehr gepflegter Pool und Jacuzzi, Spielbereich mit Tischkicker, Billard usw.
Es war die tollste Unterkunft auf unserer dreiwöchigen Costa Rica Reise.",5,Hotel Roca Negra del Arenal,alojamiento,booking
"Gute Auswahl und Menge beim Frühstück, sehr nettes Personal beim Frühstück. Zentrum von La Fortuna ist fußläufig erreichbar, das Hotel selbst liegt etwas abseits vom Trubel und ist daher ruhig. Geräumige Zimmer mit vielen Ablagemöglichkeiten.",5,Hotel Roca Negra del Arenal,alojamiento,booking
"Die Lage war sehr gut. 
Das Frühstück war mittelmäßig, kostete aber auch nur 7 Dollar pro Tag (Barzahlung). Die Zimmer müssen bar bezahlt, das ist doch ein wenig ungewöhnlich.",5,Hotel Roca Negra del Arenal,alojamiento,booking
Un bijoux,5,Hotel Roca Negra del Arenal,alojamiento,booking
"Super hôtel, avec un magnifique jardin et une vue directe sur le volcan. Super piscine, un peu froide mais jaccuzi très agréable. Très bons petit déjeuner. Je recommande cet établissement.",5,Hotel Roca Negra del Arenal,alojamiento,booking
Wir wurden supernett empfangen und uns wurde die Anlage persönlich kurz gezeigt. Der Poolbereich war gepflegt. Es gab einen herrlichen Blick auf den El Arenal-Vulkan. Nix,5,Hotel Roca Negra del Arenal,alojamiento,booking
"Les chambres dans des petits chalets individuels avec une vue sur le volcan.
La piscine et son jacuzzi. La gentillesse du personnel. Rien",5,Hotel Roca Negra del Arenal,alojamiento,booking
"Die Terrasse ist überdacht mit bequemen Schaukelstühlen mit Blick auf den wunderschönen Garten. Wir haben Kolibris direkt von der Terrasse aus gesehen. Die Zimmer sind sehr geräumig, sauber und mit großem Bad.",5,Hotel Roca Negra del Arenal,alojamiento,booking
"Het hotel is heel centraal gelegen, dichtbij de meeste activiteiten in de buurt. Het zwembad was top, maar niet zo warm. Kamers vrij basic, bedden wel groot. Activiteiten minder duur als je ze boekt via hen. Lekker ontbijt! Mooie tuin met veel bloemen, leuke speelruimte voor de kids. De mevrouw aan het onthaal deed heel raar, vonden wij, maar was wel vriendelijk. In het zwembad hoor je de drukke weg ernaast, dat vonden wij wat storend. In 1 kamer werkte de airco niet.",5,Hotel Roca Negra del Arenal,alojamiento,booking
"Een oase van groen, schone kamers, heerlijke jacuzzi en gastvrije host. Uitzicht op de vulkaan vanuit je achtertuin. Niks",5,Hotel Roca Negra del Arenal,alojamiento,booking
Ligging en de tuin,5,Hotel Roca Negra del Arenal,alojamiento,booking
"Dieses Hotel hatte das beste Preis-Leistungs-Verhältnis während unserer gesamten Rundreise. 
Die Terrasse mit den sehr bequemen Sesseln war super. Von dort hatten wir direkten Ausblick auf den Vulkan und konnten den schönen Garten genießen und viele Vögel beobachten (insbesondere Kolibris). 
Wir hatten dem Hotel vorab mitgeteilt, dass wir vor der eigentlichen Check-In-Zeit ankommen. Das Zimmer war bei unserer Ankunft schon für uns bereit. Top! Leider war nur Barzahlung möglich. Die Banken in Costa Rica haben durchschnittlich 4% Gebühren für unsere Barabhebungen erhoben. Wir hätten es bevorzugt mit der Kreditkarte zu zahlen.",5,Hotel Roca Negra del Arenal,alojamiento,booking
"L’accueil exceptionnel, super localisation un peu éloignée de la Fortuna mais a proximité de restos et supermarchés. Le magnifique jardin et la piscine très sympa",5,Hotel Roca Negra del Arenal,alojamiento,booking
"Une de nos meilleures adresses au Costa Rica.
Des hôtes adorables, toujours prêtes à rendre service et de bon conseil pour les visites. Un jardin et une vue sur le volcan Arenal magnifiques.
Une chambre décorée avec goût.
Une piscine paysagée.
Une pépite ! Rien",5,Hotel Roca Negra del Arenal,alojamiento,booking
"De omgeving, de gastvrijheid, het uitstekende ontbijt Niets",5,Hotel Roca Negra del Arenal,alojamiento,booking
"Super vriendelijk en behulpzaam ontvangst! Prachtige kamer met eigen terrasje en hangmat. Heel groot en comfortabel bed, grote badkamer, erg proper. Super goed gelegen. Een aanrader",5,Hotel Roca Negra del Arenal,alojamiento,booking
"Entzückendes Hotel , welches nicht ganz zentral in La Fortuna ist. Dies hat uns auch sehr gut gefallen. In direkter Umgebung befinden sich Einkaufsmöglichkeitenen, Restaurants und Cafés. Sehr freundlicher Empfang. Fantastischer Garten mit vielen Vogelarten. 
Hübsches Zimmer, bequemes Bett und schönes Bad. Gut gefallen hat uns die Veranda mit den Schaukelstühlen und der Hängematte.
Gutes Frühstück mit leckerem Kaffee!! Wie gesagt, ein Wasserkocher wäre nett zu haben 😃",5,Hotel Roca Negra del Arenal,alojamiento,booking
"Extrem freundliches Personal, sehr zuvorkommend, große Handtücher. Für den Pool kriegt man an der Rezeption, jeden Abend im Whirlpool mit einem netten Drink verbracht, überall Kolibris, extrem leckeres Frühstück mit Ausblick in den Garten für sieben Dollar, perfekter Aufenthaltsort, um abends in dem top leckeren und sehr bezahlbaren Restaurant la cava essen zu gehen. Super Pizza und Pasta und Salate. Von der Terrasse aus direkter Blick auf den Vulkan. Wir haben uns extremst wohl gefühlt und wären gerne länger als vier Tage geblieben. Nichts",5,Hotel Roca Negra del Arenal,alojamiento,booking
"L’emplacement, l’espace  jeux et la piscine, l’accueil et la gentillesse d’Elisa",5,Hotel Roca Negra del Arenal,alojamiento,booking
"L’ambiance générale, les jeux et la piscine. Le petit déjeuner ne vaut pas le prix",5,Hotel Roca Negra del Arenal,alojamiento,booking
"Le volume de la chambre, la déco, le jardin Pas de poubelle dans la chambre",5,Hotel Roca Negra del Arenal,alojamiento,booking
"La struttura è molto bella e le camere confortevoli In camera non c'era niente per fare caffè o the, solo alla reception che però era piuttosto distante dalla nostra camera.
Vista la posizione su una statale molto trafficata ,la struttura dovrebbe avere un bar dove poter prendere qualcosa senza dover uscire per forza.",5,Hotel Roca Negra del Arenal,alojamiento,booking
"Tolles Ambiente, herrlicher Blick im schönen Garten ayf den Vulkan. Interessante Vögel überall. Die nahe Straße ist im Bereich des ansonsten sehr schõnen Pools etwas laut.",5,Hotel Roca Negra del Arenal,alojamiento,booking
"Wunderschöne Anlage, man wohnt inmitten eines tropischen Gartens. Gutes Frühstück, schöner Pool, sehr nettes Personal. Das Beste: Premiumblick auf den Vulkan Arenal! ./.",5,Hotel Roca Negra del Arenal,alojamiento,booking
"Het ontvangst, de tuin + zwembad en omgeving waren top! Als er iets moet worden genoemd, was het de breedte van het bed, maar dat valt in t niet ten opzichte vd pluspunten!",5,Hotel Roca Negra del Arenal,alojamiento,booking
"Accueil chaleureux et hôtel très verdoyant, il y a beaucoup d'oiseaux visibles de jour comme de nuit.
De plus l'hôtel est situé non loin du centre ville, à 15-20 min à pied

Bon rapport qualité - prix Le seul petit bémol est qu'il faut payer en cash",5,Hotel Roca Negra del Arenal,alojamiento,booking
"Wat een heerlijk verblijf hebben we gehad! De beste die we hebben gehad. Super vriendelijk personeel, de kamer was heel schoon en comfortabel. Ook het zwembad was prachtig en de natuur van het terrein was geweldig. Helemaal top!!! Ontbijt was helaas niet inbegrepen en moest je aangeven van tevoren als je dat wilde.",5,Hotel Roca Negra del Arenal,alojamiento,booking
"Mooi onderhouden accommodatie in een kleurrijke tuin, kamers werden schoongemaakt op aanvraag en het zwembad was erg fijn met zelfs een warme jacuzzi. Het personeel was erg vriendelijk, benaderbaar, had humor en was flexibel. We kregen onze twee kamers netjes naast elkaar ondanks dat we twee verschillende types kamer hadden geboekt en we konden eerder inchecken. Receptioniste boekte voor ons tickets bij de Valdi hot springs met korting. Eigenlijk was alles perfect, enige kanttekeningen waren de drukke weg vlak naast het complex en de rumoerige receptie die zich vlak naast onze kamers bevond. Daarnaast hadden we graag met creditcard betaald, nu moesten we meerdere keren geld opnemen tegen extra kosten bij de bank omdat alleen contant betalen mogelijk was.",5,Hotel Roca Negra del Arenal,alojamiento,booking
"Sehr nettes und schönes angelegtes Hotel in guter Lage, um Ausflüge zu starten. Das Zimmer war geräumig und hatten einen schönen Blick in den grünen Garten. Das Personal war sehr freundlich und das Frühstück für 7$ p.P war auch gut.",5,Hotel Roca Negra del Arenal,alojamiento,booking
"Elizabet cudowna, wspaniała, miła, bardzo pomocna kobieta dla której zajmowanie się nami jest pasja. Była naszym aniołem stróżem pod czas pobytu, bo mielysmy trochę kłopotów nie związanych z hotelem. To mejsce to mały raj na ziemi - zielony ogrody, ptaki widok na wulkan, jakuzzi, basen, pyszne śniadanie, mile ludzi. Do tego wszędzie blisko. Polecam każdemu pobyt w tym mejscu. Elizabeth widać jak Kochasz ludzi, a my Kochany Ciebie!!! Zumka I Leszek (kłopotliwe turyści 😅). CUDOWNE MEJSCE! POLECAMY! Wszytko idealnie!",5,Hotel Roca Negra del Arenal,alojamiento,booking
Je zit midden in de natuur en toch dichtbij de activiteiten en restaurants. Koelkast maakt te veel geluid daarom in nacht uitgezet,5,Hotel Roca Negra del Arenal,alojamiento,booking
La struttura e’ immersa nella natura e ci sino i colibri che vengono a mangiare il nettare dei fiori! Un relax incredibile e si vede il vulcano da lontano Niente,5,Hotel Roca Negra del Arenal,alojamiento,booking
"Magnifique jardin ,belle vue sur le volcan,plein de belles plantes et des colibris. Mauvaise insonorisation",5,Hotel Roca Negra del Arenal,alojamiento,booking
"Velmi milí personál, čisté ubytování, skvělá poloha, cena velmi přijatelná.",5,Hotel Roca Negra del Arenal,alojamiento,booking
Magnifique établissement ! Personnel et accueil impeccable et emplacement de choix. Un gros coup de cœur pour moi et ma famillle. 10/10 Rien,5,Hotel Roca Negra del Arenal,alojamiento,booking
Mooie plek op een goede locatie! Uitzicht op de vulkaan. Dicht bij winkels en restaurantjes. Niets,5,Hotel Roca Negra del Arenal,alojamiento,booking
"Comfortabele kamer, heel vriendelijk personeel en prima ontbijt, wel tegen betaling Het was te doen om naar Fortuna centrum te lopen, althans overdag. 's avonds niet aan te raden.",5,Hotel Roca Negra del Arenal,alojamiento,booking
Mooi en netjes! Met uitzicht op de Arenal vulkaan vanuit ons terras. Heerlijk zwembad. Vriendelijk personeel! Niets,5,Hotel Roca Negra del Arenal,alojamiento,booking
"Schöne Bungalows in sehr bunt angelegten Garten mit vielen Tieren Nahe an der Straße, LKWs waren in der Nacht laut störend",5,Hotel Roca Negra del Arenal,alojamiento,booking
"Le personnel est très professionnel et accueillant. L'endroit est magique grâce à son jardin luxuriant. Les chambres sont spacieuses. Lors de notre séjour, il y a eu un problème de wifi ce qui peut arriver n'importe où.
Le petit déjeuner pourrait être meilleur.",5,Hotel Roca Negra del Arenal,alojamiento,booking
Sehr freundliches Personal! Es war keine Kartenzahlung möglich…,5,Hotel Roca Negra del Arenal,alojamiento,booking
"alles perfekt, wunderschöne Anlage, tolles Personal, sehr sauber, bezaubernd ist der Garten, viele Vögel zu beobachten direkt von der terasse aus, wir würden jederzeit wieder kommen nichts",5,Hotel Roca Negra del Arenal,alojamiento,booking
"An dieser Unterkunft hat uns ausnahmslos ALLES gefallen. Die Besitzerin (?) Elisabeth führt das Hotel mit viel Herzblut und Professionalität, ist dabei tiefenentspannt und begrüßt die Gäste immer mit einem Scherz auf den Lippen. Rezeption, Gemeinschaftsbereiche und Wohneinheiten liegen inmitten einer phantastischen tropischen Gartenlandschaft; von unserer eigenen Terrasse mit Schaukelstühlen hatten wir exklusive Aussicht auf den Vulkan Arenal, das Zimmer selbst war geschmackvoll, sauber, mit Kühlschrank, Safe, TV und großzügigem Bad eingerichtet. Für Hobby-Ornithologen der perfekte Auftakt in den Tag ;)) Schöner Poolbereich, frisches üppiges Frühstück gegen geringen Aufpreis zubuchbar ( das traditionelle Tico-Frühstück wird mit Reis in Vulkanform und frischen Früchten zubereitet ). Viele interessante Sehenswürdigkeiten zentral erreichbar ( unbedingt empfehlenswert die Touren des Anbieters RED LAVA TOURS in La Fortuna/Abholung direkt vor dem Hotel sowie benachbarter Bogarin Trail - exzellente Guides ) Es gibt nicht das Geringste zu beanstanden !",5,Hotel Roca Negra del Arenal,alojamiento,booking
"La place de parking a coté du petit logement
La vue sur la montagne
La verdure qui invite les oiseaux à venir voler à coté des chambres
L'intimité, avec les petits logements espacés les uns des autres.
La salle de jeu et le spa
l'hotel est un peu éloigné de l'activité de la ville ce qui en fait un endroit parfait. Rien.",5,Hotel Roca Negra del Arenal,alojamiento,booking
De tuin en de gastvrijheid van het personeel. niets,5,Hotel Roca Negra del Arenal,alojamiento,booking
"Eine wunderschöne Anlage, sehr hilfsbereites und nettes Personal.",5,Hotel Roca Negra del Arenal,alojamiento,booking
"Wir hatten ein grosses, perfekt sauberes Zimmer mit 2 riesigen Betten (No 12) mitten in diesem wunderbaren Garten voller exotischer Blumen und Bäume, die Kolibris schwirren an der Terrasse vorbei, wo man in der Hängematte mit Blick auf den Arenal entspannen kann. Es gibt einen schönen kleinen Pool. Jacuzzi ab 15 Uhr, Spiele, gratis Tee etc. Das Frühstück
ist auch fein (nicht inkludiert) und das Personal sehr nett. Das Hotel liegt im oberen Teil von La Fortuna nah zu div Restaurants und Bars und auch nah an den Thermalbädern und dem Vulkan. Perfekt. Das Inernet im Zimmer ist sehr schwach, aber im allgemeinen Bereich läufts bestens.",5,Hotel Roca Negra del Arenal,alojamiento,booking
"Mooie (wij hadden een vrijstaand) huisje met een fantastische badkamer, geweldige en grote slaapkamer en heel fijn eigen terras. Auto kan naast je huisje staan. Een mooi aangelegde tuin en aan het eind een ruwer deel waar wildlife te zien is als je geluk hebt (wij zagen enkele toekans). In de grote tuin veel vogels en mooie bloeiende platen waar de kolibries volop aanwezig zijn. Vanaf het terras heb je bij helder weer uitzicht op de vulkaan. Algemene voorzieningen zijn uitstekend - een mooi zwembad en whirlpool, leuke zitjes eromheen, poolbiljart, koffie-/theehoek. 
Het geheel is ruim opgezet dus je hebt voldoende privacy.
Je hebt een auto nodig om naar Fortuna te gaan of naar het National Parc of naar La Fortuna Waterval maar je bent direct op de hoofdweg naar deze bezienswaardigheden. Niets, weliswaar was er bij ons geen ontbijt op dat moment mogelijk maar aan de overkant van de straat zit een leuke soda waar je goedkoop een ontbijtje kunt nuttigen.",5,Hotel Roca Negra del Arenal,alojamiento,booking
"Les installations sont belles, avec piscine, jacuzzi, espace jeux, hamacs… le jardin est superbe. Le petit dej - en supplément, est très bien. La vue doit être superbe mais le temps est resté couvert tout notre séjour. Chambres mal insonorisées et espaces extérieurs collés les uns aux autres. 
Accueil un peu autoritaire…
Un peu loin un pied de La Fortuna centre, sur une route très passante.",5,Hotel Roca Negra del Arenal,alojamiento,booking
"Czystość, piękny ogród, domowa atmosfera Brak śniadań wliczonych w cenę",5,Hotel Roca Negra del Arenal,alojamiento,booking
"Sehr freundliche Gastgeber. Der Garten ist wunderschön und die Zimmer haben eine eigene Terrasse mit einer Hängematte. Der Jacuzzi ist sehr schön und so könnte man sich sogar den Eintritt in eine Therme sparen. 
In der Nähe hat es ein paar gute Restaurants, die man zu Fuss erreicht. nichts",5,Hotel Roca Negra del Arenal,alojamiento,booking
"le jardin est magnifique, l'espace jeu avec le billard et la table de ping-pong très bien. le wifi n'a pas toujours bien fonctionné et pas de petit déjeuner.",5,Hotel Roca Negra del Arenal,alojamiento,booking
"Ein  blühendes zwitscherndes Gartenparadies mit Kolibris und vielen Vögel. 
Die schönste Unterkunft auf unserer Reise.
Perfekt sauber.
Außerordentlich liebe Frauen führen das Hotel.",5,Hotel Roca Negra del Arenal,alojamiento,booking
De tuin is prachtig en vol met vogels. We zagen zelfs toekans overvliegen. Uitzicht op de vulkaan is (als het weer meezit) fenomenaal. De vrouw bij de receptie heeft een flinke dosis humor.,5,Hotel Roca Negra del Arenal,alojamiento,booking
"Situation dans un jardin très fleuri où les colibris butinent…très agréable le matin au petit déjeuner…
Chambre de luxe avec 2 grands lits, grande salle de bain avec WC séparé, très pratique pour 3 personnes. Belle terrasse avec fauteuils et hamac.
Endroit avec jeux et thé offert, la piscine et le spa pour la fin de journée
Personnel agréable avec beaucoup d’humour mais les costaricains sont très agréables en général. Proximité de la route surtout pour la piscine et petit déjeuner mais le décor de la végétation et des fleurs font oublier le bruit.",5,Hotel Roca Negra del Arenal,alojamiento,booking
"Personal molt amable, que ens va recomanar restaurant on sopar. L'hotel és encantador, amb vistes al volcà arenal des de l'habitació i un petit jardí on pots veure colibris. La piscina i el jacuzzi són ideals per descansar després d'un dia d'excursió. L'hotel està situat a les afores del poble la Fortuna (5 min aprox en cotxe) i de camí al PN Volcan Arenal, creiem que està molt ben situat. La relació qualitat-preu és molt bona. 100% recomenable!!! S'ha de tenir en compte que les parets són bastant fines i sents la gent de les altres habitacions.",5,Hotel Roca Negra del Arenal,alojamiento,booking
"Wat een pareltje dit hotel. Prachtige locatie met tuin, vriendelijk personeel en top kamers met een uitzicht op de vulkaan. Niets",5,Hotel Roca Negra del Arenal,alojamiento,booking
"Nous avons passé 2 jours très agréables dans un cadre verdoyant et reposant. Le service et l'accueil sont parfait.
Le petit plus très très sympa... Le jacuzzi en accès gratuit. Dommage que le petit déjeuner ne soit pas inclus dans le prix",5,Hotel Roca Negra del Arenal,alojamiento,booking
Alles war perfekt. Mehr gibt es zu dieser Unterkunft nicht zu sagen. Einfach großartig.,5,Hotel Roca Negra del Arenal,alojamiento,booking
"sehr schöne Anlage,für Naturliebhaber,viele Vögel,nettes hilfsbereites Personal",5,Hotel Roca Negra del Arenal,alojamiento,booking
"La dona de la recepció és molt maca i simpàtica. Piscina molt xula amb jacuzzi.
Bona dutxa amb aigua calenta i llits còmodes Res",5,Hotel Roca Negra del Arenal,alojamiento,booking
Wir hatten einen einzeln stehenden Bungalow mit Blick auf den Vulkan. Pure Privatsphäre. Ausstattung besser als erwartet . Sehr freundliches Personal mit gutem Tip für Restaurants und kostenlose heisse Quelle.,5,Hotel Roca Negra del Arenal,alojamiento,booking
"L hotel est situé dans un très beau jardin ( magnifiques fleurs) et il a une piscine 
Il est très bien situé au calme mais très proche du centre 
Le personnel est très sympathique Rien",5,Hotel Roca Negra del Arenal,alojamiento,booking
"Zwembad, uitzicht op de vulkaan, verschillende excursies te boeken via het hotel, dé tip om naar Relax Termalitas Hot Springs te gaan voor een dagje hotsprings (een aanrader!) Gehorige kamers, het ontbijt viel tegen, wij raden aan om ergens in de buurt ontbijt te eten (Red Frog Coffee Roasters)",5,Hotel Roca Negra del Arenal,alojamiento,booking
Das Hotel hat eine gute Lage und war sehr sauber. Von unserer Terrasse konnten wir viele Tiere beobachten.,5,Hotel Roca Negra del Arenal,alojamiento,booking
"Son emplacement face à l'arenal.
Ses casitas dispersées dans un jardin luxuriant, fleuri et empli de colibris, d'autres oiseaux et de papillons.
La gentillesse de sa propriétaire. Rien",5,Hotel Roca Negra del Arenal,alojamiento,booking
"Ze hebben zo veel diertjes, leuke tuin en zwembad. Super leuk! Ook het bed was heel groot.",5,Hotel Roca Negra del Arenal,alojamiento,booking
Prachtig uitzicht Zwembad is net naast de de weg en het lawaai is niet echt rustgevend,5,Hotel Roca Negra del Arenal,alojamiento,booking
"Gratis Zimmer-Upgrade bekommen, traumhafter Blick direkt von der Zimmer-Terrasse auf den Vulkan Arenal, sehr nette Anlage mit schönem Pool & kleinem Whirlpool. Und beim Frühstück gibt es die BESTEN, FLUFFIGSTEN PANCAKES, die wir je gegessen haben 🙂 Nur Barzahlung möglich und kein ATM in Fußweite.",5,Hotel Roca Negra del Arenal,alojamiento,booking
"perfekter Ausblick, super netter Personal",5,Hotel Roca Negra del Arenal,alojamiento,booking
"Les chalets sont très confortable, la terrasse vu sur le volcan est à couper le souffle. Literie très confortable. Le coin piscine et jacuzzi est trop beau . Il y a plein de resto accessible à pied . Rien",5,Hotel Roca Negra del Arenal,alojamiento,booking
Schöne Lage und Dank des beheizten Jakuzzis haben wir auf die heißen Quellen verzichtet. Super nettes Personal,5,Hotel Roca Negra del Arenal,alojamiento,booking
"Eugenia is een top dame! Op voorhand krijg je al berichtjes om je welkom te heten. Eens ter plekken word je ontvangen in een warme omgeving. Kamers zeer netjes, faciliteiten top, ontbijt voor amper 7 dollar bij geboekt en geen spijt. Laat je ook helpen bij het boeken van tours, ze zijn echt goedkoper via haar.",5,Hotel Roca Negra del Arenal,alojamiento,booking
"Hôtel vraiment au top : bungalows très spacieux et modernes, avec de grandes terrasses donnant sur un jardin fabuleux. On avait en permanence des colibris à quelques mètres de notre terrasse.
La piscine est très agréable, le jacuzzi aussi, le tout entouré de verdure magnifique.
Le personnel est très gentil.
L’emplacement est parfait avec des restau juste devant, et situé sur la route des parcs et sentiers.
Et pour finir plein de jeux et des animaux pour les enfants.
On recommande sans hésiter. Rien du tout",5,Hotel Roca Negra del Arenal,alojamiento,booking
"We werden enthousiast verwelkomt door de receptioniste en hadden een comfortabele kamer met prachtig uitzicht op de vulkaan. De kamer was van alle gemakken voorzien en de handdoeken/kamer werden verschoond. Ook waren er een spelletjes ruimte met pooltafel, een heel fijn zwembad met Jacuzzi en een erg lekker ontbijt aanwezig. Verder lagen de restaurants en barretjes op loopafstand. Kortom een uitstekend hotel op een prachtige locatie waar veel te doen is.",5,Hotel Roca Negra del Arenal,alojamiento,booking
"Het is echt een prachtige plek,  met een heerlijke buitenruimte,  grote kamers, een zwembad,  een lekker ontbijt,  fatsastisch uitzicht op El arenal vanaf het terras,  overal kolibries en vijvers in de prachtige tuin,  een heel erg vriendelijk personeel Niks,  echt top",5,Hotel Roca Negra del Arenal,alojamiento,booking
"Tolle Lage in der Nähe der großen Attraktionen. Wunderschöner sauberer Bungalow mit Terrasse und Vulkanblick, alles in einem
Wunderschön angelegten Garten!",5,Hotel Roca Negra del Arenal,alojamiento,booking
"To był raj na ziemi.Zachwycający ogród w którym poczujesz się jak w raju, piękny basen i jacuzzi, piękny widok na wulkan prosto z tarasu,mnóstwo ptaków , kolibry naokoło.Obsluga przemiła i pomocna.Cisza i spokój, tylko śpiew ptaków Pokój czysty, ładny.Nic więcej nie trzeba było. Sklep i restauracje w poblizu.Jeden z najlepszych hoteli w których byłam.Dla miłosników roślin egzotyki to miejsce top one .Miejsce do którego bysmy  wrocili .Jesteśmy pod wrażeniem tego miejsca.Warte każdej ceny jak chcesz poczuć Kostarykę.Dziękujemy za wszystko.Pura Vida. Rajski ogród jak z bajki.Lokalizacja i widok na wulkan",5,Hotel Roca Negra del Arenal,alojamiento,booking
"Superleuk, mooi groen, kamer met uitzicht op de vulkaan en de binnentuin. Prima lokatie en ontbijt wordt vers bereid. Niets!",5,Hotel Roca Negra del Arenal,alojamiento,booking
"Sehr schöne und gepflegte Anlage mit direkter Sicht zum Arenal, traumhaft. Danke Elisabeth für den freundlichen Empfang und deine hilfsbereitschaft. Das Frühstück war sehr lecker. ./.",5,Hotel Roca Negra del Arenal,alojamiento,booking
"Heel mooi huisje gelegen in een paradijs van planten en bloemen. Ons huisje had zelfs uitzicht op de vulkaan. Zeer vriendelijke eigenaressse. Prachtig huisje met grote zeer mooie badkamer en grote slaapkamer met koelkast en luie stoel. Heerlijk groot terras met hangmat en 2 luie fauteuils. Heel veel kolibries in de tuin gezien. Tuin is zo groot dat je er een mooie wandeling kunt maken. Mooi zwembad Pooltafel en andere spellen. Vlakbij allerlei restaurants, een mooie waterval en het vulkaanpark.",5,Hotel Roca Negra del Arenal,alojamiento,booking
"Supervriendelijke ontvangst met goede tips. Als je uitstappen of transfer wil plannen, boek het hier! Het komt goedkoper uit😀. Prachtige tuin! Ontbijten kan soms ter plaatse maar er is voldoende keuze in de buurt.",5,Hotel Roca Negra del Arenal,alojamiento,booking
Het bed sliep zalig en was extra groot. Daarnaast was het ontbijt top! /,5,Hotel Roca Negra del Arenal,alojamiento,booking
"Das Hotel Roca Negra liegt etwas oberhalb von La Fortuna. Die Unterkunft hat einen tollen gepflegten Garten mit direktem Blick auf den Vulkan. Die Zimmer verfügen alle über eine tolle überdachte Terrasse mit Schaukelstühlen & einer Hängematte, in denen man sich von den zahlreichen möglichen Ausflügen in der Region erholen kann. Das Zimmer war gemütlich & sauber.  Wir haben unseren Aufenthalt sehr genossen. Bezahlung war nur mit Cash möglich- fanden wir etwas umständlich.",5,Hotel Roca Negra del Arenal,alojamiento,booking
Die Aussicht direkt auf den Vulkan war wirklich wunderschön. Sehr gepflegte Anlage und das Personal war äusserst zuvorkommend und hat uns gute Restaurants- und Ausflugstipps gegeben. -,5,Hotel Roca Negra del Arenal,alojamiento,booking
"Les petites maisonettes sont superbe et le lieu est très accueillant. La piscine est super avec un espace jeu (ping-pong, billard, babyfoot).",5,Hotel Roca Negra del Arenal,alojamiento,booking
"Dejlig hus på lukket grund med fantastisk smuk have , hvor kolibrierne fløj omkring. Dejlig pool. Har intet at være utilfreds over.",5,Hotel Roca Negra del Arenal,alojamiento,booking
"Mooie schone kamer met kingsize bed en airco. Een mooie tuin met veel vogels. Wij hadden kamer 7, met uitzicht op de vulkaan. Het was bewolkt toen wij er waren, dus we hebben de vulkaan vanaf de accommodatie niet helemaal kunnen zien. Dichtbij het centrum",5,Hotel Roca Negra del Arenal,alojamiento,booking
"Wat een top verblijf, de foto's doen echt onder van de werkelijkheid. Het is zo mooi met zo'n mooie tuin! We hadden een prive huisje (casita) en die is super ruim, met een heerlijke buitenruimte en prive parkeerplaats. Ontvangst was super vriendelijk, onbijt is top, locatie is top, overal dichtbij!",5,Hotel Roca Negra del Arenal,alojamiento,booking
"Hele aardige gastvrouw, zeer schone en charmante huisjes",5,Hotel Roca Negra del Arenal,alojamiento,booking
"Wir waren unglaubliche positiv überrascht, hatten mit deutlich einfacherem gerechnet.
Super schönes Zimmer, die Zimmer sind jeweils eigene Bungalows, jeweils mit eigener Terrasse.
Neben dem Pool gibt es auch noch einen jacuzzi, welcher nach einem langen Tag auf dem Vulkan definitiv gelegen kam, ansonsten gibts auch noch tischkicker oder billiard.
Das Personal ist super freundlich & lustig.
Das Frühstück war auch top ! Das WLAN war manchmal ein wenig instabil, das ist aber im Urlaub vielleicht gar nicht so schlecht",5,Hotel Roca Negra del Arenal,alojamiento,booking
"Stanze grandi, letti queen size comodi in spaziosi bungalow situati in un bel giardino. La pulizia, la flessibilità e la simpatia dell’incaricata della reception. Il pagamento è richiesto solo in cash.",5,Hotel Roca Negra del Arenal,alojamiento,booking
חדרים נוחים צוות מצוין תמורה טובה מאוד למחיר,5,Hotel Roca Negra del Arenal,alojamiento,booking
Whirlpool war super. Sehr netter Personal. Schöne Unterkunft,5,Hotel Roca Negra del Arenal,alojamiento,booking
Prachtig gelegen kleinschalig hotel met fijne schone kamers in een prachtige overdadige tuin! Het uitzicht op de Arenal was adembenemend! Fijn zwembad bij het hotel en een recreatie ruimte met pool tafel ea spellen. Vriendelijk en zeer behulpzaam personeel. Gelegen in leuk plaatsje. Het ontbijt was matig maar niet duur.,5,Hotel Roca Negra del Arenal,alojamiento,booking
"Sehr schöne Anlage, viele Tiere, sehr hilfsbereites Personal, toller Pool, tolle Lage (Blick auf den Vulkan) nichts auszusetzen.",5,Hotel Roca Negra del Arenal,alojamiento,booking
Erg mooie huisjes midden in de natuur! De medewerkers zijn erg vriendelijk en behulpzaam. Hotel Roca Negra ligt net iets buiten het centrum van La Fortuna maar heel dichtbij alle bezienswaardigheden. Daarnaast zijn er een aantal leuke restaurantjes in de omgeving. Echt een aanrader!,5,Hotel Roca Negra del Arenal,alojamiento,booking
"La chambre était spacieuse, comfortable et très propre. Le personnel est adorable et vous conseil sur des activités top à faire. Le cadre est magnifique, le jardin/jungle est super beau et la vue de la chambre sublime (vue sur le volcan). Séjour parfait mais le petit déjeuner ne valait pas trop le coup à notre goût",5,Hotel Roca Negra del Arenal,alojamiento,booking
"Eine traumhafte Anlage im grünen Gartenpark! Pflanzen  Tiere fast wie im Regenwald  und sehr schöne gepflegte Hütten mit schönen Terrassen. Schöner Pool und Spielgelegenheiten (Billard, Kicker, Tischtennis) und sagenhafter Blick auf den Vulkan.. die Bilder in Booking lügen nicht! Sehr empfehlenswert -",5,Hotel Roca Negra del Arenal,alojamiento,booking
"De setting met pooltafel, tafeltennis, hottub etc en de (nieuwe) kamers Een avond wat herrie van het overliggende hotel maar was gelukkig alleen bij het zwembad",5,Hotel Roca Negra del Arenal,alojamiento,booking
"위치, 청결, 객실 나 인테리어, 직원들 친절 수영장이 2개라 기록되었는데, 사이즈가 아주 작았고, 온천수가 아니었음.",5,Hotel Roca Negra del Arenal,alojamiento,booking
"Prachtig huisje in een heerlijke tuin met kolibri’s, toekans en uitzicht oo de vulkaan. Heerlijk zwembad.",5,Hotel Roca Negra del Arenal,alojamiento,booking
"Die Unterkunft hat sehr schöne, gut ausgestattete, große Häuschen in einem wundervollen Garten. Das Personal ist sehr freundlich und der Pool ist toll",5,Hotel Roca Negra del Arenal,alojamiento,booking
Het wandelpad door de tuinen en het zwembad. Niets,5,Hotel Roca Negra del Arenal,alojamiento,booking
"Superbe emplacement, chambre très propre avec une très belle vue sur le volcan.",5,Hotel Roca Negra del Arenal,alojamiento,booking
"Ubicación , instalaciones de 100! Nada en contra, todo perfecto",5,Hotel Roca Negra del Arenal,alojamiento,booking
"- Toller Pool und Wirlpool
- Ping-Pong Tisch
- Schöne Hotelanlage
- Parkplatz vor dem Haus
- Abgesperrte Hotelanlage
- Klimaanlage
- Eigner Balkon und kleine Terrasse mit Schaukelstühlen - Die Häuser haben zwei Wohnungen. Wenn beide belegt sind, hört man den Nachbarn sehr gut durch die Wände.",5,Hotel Roca Negra del Arenal,alojamiento,booking
"TB chambre confortable, belle piscine, jacuzzi, billard, … Les petits déjeuner très basiques.",5,Hotel Roca Negra del Arenal,alojamiento,booking
"Très bien situé, personnel très bien, et des colibris dans le jardin!",5,Hotel Roca Negra del Arenal,alojamiento,booking
"Nous avons passé quelques jours merveilleux. Le personnel est adorable, l'hôtel est absolument magnifique, l'espace piscine incroyable. Un espace de jeux vraiment chouette. Belle chambre bien équipée !",5,Hotel Roca Negra del Arenal,alojamiento,booking
"La maisonnette avec terrasse a l’avant et vue sur le volcan, magnifique. Très propre et très intime. Petit déjeuner très bien. Tout était extrêmement propre dont la piscine sauf à un moment il y avait beaucoup de caca dans l’eau que nous avons retiré avec une puise. Nous n’avons plus eu envie de nous baigner ensuite",5,Hotel Roca Negra del Arenal,alojamiento,booking
"Les jardins sont magnifiques. L’espace piscine/jacuzzi est très bien. 
Le petit-déjeuner est un bon rapport qualité prix pour le secteur et un vrai plus car il est servi à partir de 6:00.
Notre chambre familiale était parfaite. La terrasse donne sur le volcan Arenal. 
Nous recommandons vivement cet hôtel comme point de chute pour cette région. 
Le soir pas besoin de prendre la voiture pour dîner car il y a plusieurs soda et restaurant tout autour de l’hôtel. Il y a également des magasins à proximité.
La gérante est très agréable également et prête à renseigner. Rien",5,Hotel Roca Negra del Arenal,alojamiento,booking
"Het hotel ligt in een prachtig aangelegde tuin waar de kolibri's je om de oren vliegen. De kamers zijn ruim en de bedden zijn erg goed. Bij het hotel is een klein zwembad waarin je kan afkoelen. De locatie is super: het hotel bevindt zich aan de rand van La Fortuna en op 10-20 minuten rijden bevinden zich de topattracties zoals de Arenal, de hangende bruggen van Mistico en de warmwater bronnen. In de directe omgeving bevinden zich diverse goede restaurants. Het ontbijt is enigszins prijzig ($7 p.p.) voor wat je krijgt",5,Hotel Roca Negra del Arenal,alojamiento,booking
De locatie was heerlijk temidden in een heerlijke tuin met veel vogels en schitterende bloemen. Personeel was erg behulpzaam en aardig. Ontbijtje was ook lekker. Overal dichtbij. Niets,5,Hotel Roca Negra del Arenal,alojamiento,booking
"Les jardins sont magnifiques.  Le lieu est sécuritaire, soigné et paisible.  Grandes chambres et balcon bien emménagé pour le repos.  Plusieurs très bons restaurants sont à distance de marche (La cava, Piura). De belles randonnées sont à proximité.  Belle vue du volcan Arenal. Rien du tout!",5,Hotel Roca Negra del Arenal,alojamiento,booking
"Wunderschön angelegte Anlage. Kolibris überall. Super Ausgangspunkt für viele Aktivitäten wie
Hanging Bridges NP
Zip Lining
El Salto Rope Swing
El Mirador Silencio
Hot Springs 
Viele Restaurants in der Nähe",5,Hotel Roca Negra del Arenal,alojamiento,booking
"Gentillesse du personnel
Ambiance de établissement 
Emplacement Rien!",5,Hotel Roca Negra del Arenal,alojamiento,booking
Het uitzicht op de vulkaan,4,Hotel Roca Negra del Arenal,alojamiento,booking
"De ligging Basic en wat gedateerde  kamer en geen/weinig buitenruimte om buiten de kamer te zitten. 
Ons slot was kapot, maar deze is de volgende dag gemaakt. 
Eten bij inbegrepen, geen groot ontbijt maar wel prima.",4,Hotel Roca Negra del Arenal,alojamiento,booking
"Le cadre verdoyant et le personnel très agréable et serviable 
Joli piscine et jacuzzi avec espace jeux familial Problème D humidité avec moisissures et bruyant par la proximité de la route",3,Hotel Roca Negra del Arenal,alojamiento,booking
Die Lage war super und es war alles sehr sauber.,4,Hotel Roca Negra del Arenal,alojamiento,booking
Der Garten mit den Tieren und Pflanzen Sauberkeit und die Kommunikation war nicht so freundlich,3,Hotel Roca Negra del Arenal,alojamiento,booking
"Super breed bed, Leuk terrasje Super gehorige kamers, je kunt woordelijk horen wat de buren zeggen en de evt. rest. Ligt direct aan de doorgaande weg met daardoor veel verkeerslawaai",4,Hotel Roca Negra del Arenal,alojamiento,booking
"Hoed bed, ijskasje en vriezr, goede airco Gevoel van een camping",4,Hotel Roca Negra del Arenal,alojamiento,booking
"Gepflegte Anlage, modern, sauber, wunderschöner Garten, Kaffee/Tee wird kostenlos angeboten (offener und frei zugänglicher Aussenbereich) Die Lage direkt an einer stark befahrenen Straße. Ist nicht zu ändern.
Die Zimmer im Standardbereich sind sehr hellhörig, dann lieber eine Kategorie (Superior) höher buchen.",4,Hotel Roca Negra del Arenal,alojamiento,booking
"De tuinen zijn erg mooi en de receptie erg behulpzaam
Jammer dat men niet met creditcard kan betalen, ende wifi niet werkt! 
Op booking stond dit niet vermeld Zie boven",4,Hotel Roca Negra del Arenal,alojamiento,booking
"Es handelt sich um eine wirklich schöne Anlage, viele Pflanzen, viele Kolibris und andere Vögel fliegen herum. Die Zimmer sind kleine Bungalows mit Privatsphäre, da alles schön bepflanzt ist. Die Deko ist zauberhaft und die Innenausstattung ist sehr gut. Kühlschrank vorhanden, nette Terrasse, schicke Bäder. Es kommt aber auch eben darauf an, wo der Bungalow gelegen ist…. Zuerst hatten wir ein Häuschen direkt am Eingang der Anlage, der Lärm am Morgen durch die viel befahrene Straße war unerträglich. Bereits um 5 Uhr morgens war kein Schlaf mehr zu bekommen. Außerdem kräht das Federvieh der auf dem Grundstück wohnenden Familie, kann man schön finden, wir leider nicht. Die Familie hat mind. 4 Hunde, die wir zwar mögen, aber die überall liegenden Hundehaufen nicht. Am letzten Tag bin ich mit FlipFlops in einen Kothaufen getreten, widerlich! Unser erstes Haus hatte außerdem einen hässlichen Blick auf eine Holzwand. Die Chefin war sehr nett und gab uns dann Haus Nr. 14 fast am Ende der Anlage, hier war der Blick sehr schön und es war ruhig-es kommt halt darauf an, welches Haus man erwischt! 
An 2 von 4 Tagen gab es kein Frühstück wegen Urlaub der Angestellten, hätte man ggf. vorher mal erwähnen können…. Das Federvieh des Hauses schwimmt im Pool und kackt um den Pool herum, nicht sehr hygienisch. An einem Nachmittag veranstaltete die Familie eine Geburtstagsparty im Pool, der also nach unserer Wanderung für uns nicht nutzbar war. Als wir uns zumindest 20 min zum Essen hinsetzten, durften wir das, wurden aber von allen Partygästen ununterbrochen wie Eindringlinge beäugt, was nicht schön war, somit sind wir dann gegangen. Alles in allem eine wunderschöne Anlage, toll bepflanzt, liebevoll dekoriert, aber willkommen haben wir uns überhaupt nicht gefühlt. Die Ausscheidungen der Familientiere sollten entfernt werden und ein Haus im hinteren Teil wäre zu empfehlen.",3,Hotel Roca Negra del Arenal,alojamiento,booking
"sehr geräumige Zimmer und sehr sauber die relativ große Anlage hat etwas Camping-Platz-Atmosphäre. Es gibt zwar schöne Pflanzen, aber auch überall Kunstrasenwege. 
Die Damen beim Frühstück sind nicht sehr motiviert und das Frühstück an sich eher einfach und nicht besonders gut.",4,Hotel Roca Negra del Arenal,alojamiento,booking
"Schöner Garten und gute Lage, sehr sauber Ziemlich verkitscht, Personal unfreundlich, sehr komplizierte Zahlung",4,Hotel Roca Negra del Arenal,alojamiento,booking
"Combinatie van zwembad, appartement en ligging. Alleen cash betalen, ongunstige koers voor de lokale colon ten opzichte van de dollar en de  wifi in het appartement was slecht.",4,Hotel Roca Negra del Arenal,alojamiento,booking
"Ruime kamer en badkamer. De bungalows zijn zo opgesteld dat je vrij zit. Vriendelijke eigenaresse en prima voorzieningen op terrein met gratis koffie/thee, prima ontbijt en zwembad e.d..
Aan de rand van La Fortuna en daarmee goede uitvalsbasis. Op basis van de locatie niet onverwachts maar je hebt niet de 'Pura Vida' ervaring hier. De tuin is aangelegd, maar de wandelpaden zijn van kunstgras en de planten bij de ontbijttafel zijn nep. Ondertussen hoor je de drukke weg. In vergelijking met al onze andere locaties de minste qua 'beleving"". Niet essentieel, maar wie behoefte heeft aan stabiele wifi, dat was het hier niet.",4,Hotel Roca Negra del Arenal,alojamiento,booking
Het personeel was super vriendelijk en de huisjes waren schoon en had alles wat we nodig hadden.  Locatie is dichtbij het centrum… niet op loopafstand maar wij hadden een auto dus was prima te doen. De haan! Klinkt een beetje zeikerig… I know… we houden van natuur en dieren maar elke ochtend tussen 4 en 5 een kraaiende haan die je wakker maakt had voor ons niet gehoeven;),4,Hotel Roca Negra del Arenal,alojamiento,booking
מיקום מיטה עם מזרן רך ששוקעים פנימה. לא נוחה.,4,Hotel Roca Negra del Arenal,alojamiento,booking
"Die Garten Anlage war wunderschön Schade das diese Garten Oase sehr nahe an der lärmenden Hauptstrasse ist
Morgens ab 5.30 ist Tagwache☹️",4,Hotel Roca Negra del Arenal,alojamiento,booking
"kleines hübsches Bungalow-hotel in wunderschönem Garten. Zimmer sehr schön und sauber. Frühstück sehr gut, Mittags- und Abendessen wird nicht angeboten, aber in nöchster Umgebung hat es viele kleine Restauraunts Viel Strassenlärm am Pool (die Zimmer sind jedoch sehr ruhig gelegen)",4,Hotel Roca Negra del Arenal,alojamiento,booking
"Espace de jeu billard, ping-pong, baby-foot, piscine, jacuzzi.. Trop proche de la route principale..",4,Hotel Roca Negra del Arenal,alojamiento,booking
"Geräumige Zimmer, nett eingerichtet Was für eine Enttäuschung von der Lage. Wir hatten ein Zimmer direkt an der Straße, ständig Lärm. Nach den guten Rezensionen waren wir wirklich sehr enttäuscht. Auf die Frage, ob wir das Zimmer tauschen könnten, sagte die Dame vom Hotel ‚this is your room‘ und hat uns stehen gelassen.",4,Hotel Roca Negra del Arenal,alojamiento,booking
"Ubicacion No hay internet, aunque en la publicación diga que si.
La recepcionista de la tarde no resuelve los problemas.",4,Hotel Roca Negra del Arenal,alojamiento,booking
"Vacker trädgård, biljard, pingis, pool, gratis kaffe. Lite trångt, ganska trist belysning, svårt att bo 4. Funkar nog bättre för 2",4,Hotel Roca Negra del Arenal,alojamiento,booking
"Wspaniale otoczenie wśród drzew, roślin oraz naokoło kolibry! Nie było cieplej wody w umywalce tylko pod prysznicem",4,Hotel Roca Negra del Arenal,alojamiento,booking
"Der Garten und die Hotelanlage sind schön. Hotel akzeptiert ausschließlich Bargeld - keine Kreditkarten.
Null Service/ Hilfe beim Gepäck - mussten wir alleine zum Zimmer schleppen
Kühlschrank im Zimmer war laut und macht zusätzlich warm.
Licht am Eingangstor kaputt -> Türcode kann abends nur mit Taschenlampe eingegeben werden. 
Im Zimmer ausschließlich grelle 5000 K Birnen, die eigentlich nur mit Sonnenbrille zu ertragen sind.
Kein warmes Wasser am Waschbecken im Bad. Duscharmatur bestand nur aus Fragmenten
Extras (Frühstück, Bier, etc) doppelt so teuer wie außerhalb des Hotels
Trotz freundlicher Hinweise und konstruktiver Kritik nicht an Qualitätsverbesserungen interessiert.
Einfach nur gierig - von uns null Tipp und maximal 2 Sterne",3,Hotel Roca Negra del Arenal,alojamiento,booking
"L’accueil, la chambre est un bungalow au milieu d’un jardin agréable avec petite terrasse et hamac privés. Le jardin avec pleins d’oiseaux. Bien situé pour circuler dans la région avec restaurants et supermarchés à côté. Proche de la route mais relativement calme. Petit déjeuner à 7euros varié avec fruits et toast ( en plus du plat au choix ) Les chambres sont un peu petites. Dans une région pluvieuse un chauffage aurait permis de sécher les vêtements.",4,Hotel Roca Negra del Arenal,alojamiento,booking
"Gute Lage, Restaurant und Einkauf in der Nähe War alles gut",4,Hotel Roca Negra del Arenal,alojamiento,booking
"Le coin piscine-jacuzzi
Le billard et autres jeux à disposition
La cuisine partagée pour prendre le café
Le grand lit de la chambre Peu de vie dans l’hôtel 
L’hôtel est indissociable du lieu de vie privé des propriétaires (salon extérieur avec canapé et télé géante face aux clients) ; compliqué de se sentir réellement à l’hôtel 
Pas de bar-snack ouvert (journée comme soirée) 
Petit déjeuner : si moins de 4 personnes au total prévues alors annulé ! 
Bruit de la route",4,Hotel Roca Negra del Arenal,alojamiento,booking
"Bel endroit bien place chambres tres confortables Un peu trop de contraintes
L heure du the en libre service l heure du jacuzzi le paiement en cash pas de restaurant ds le lieu qui oblige a sortir le soir",4,Hotel Roca Negra del Arenal,alojamiento,booking
"De jacuzzi is heerlijk. Omgeving rond zwembad en Pooltafel e.d. ook.
Ligging prima om uitstappen te doen. Weinig materiaal om in je eigen huisje te ontbijten. Kan je wel halen in gemeenschappelijke ruimte.
Er mist bv ook een waterkoker.
Het was er niet super proper.
Een wasdraad om iets te laten drogen zou handig zijn.",4,Hotel Roca Negra del Arenal,alojamiento,booking
"Cheney Unterkunft ideal gelegen für Ruhe suchende und trotzen nah an allen Aktivitäten Man kann nur bar bezahlen oder mit Paypal. In der heutigen Zeit geht niemand mehr mit viel Bargeld in die Ferien. Ich habe es nicht gesehen, sonst hätte ich die Unterkunft nicht gebucht. Das Frühstück ist lausig und mager, lieber etwas im maxiPali kaufen und gemütlich auf der eigenen Terrasse geniessen.",4,Hotel Roca Negra del Arenal,alojamiento,booking
Piscine. Jacuzzi. Situé dans un jardin à la sortie de la Fortuna. Petit-déjeuner (non inclus) à éviter: vraiment pas bon ($7). Carte de crédit pas acceptée: même si mentionné sur booking est peu compréhensible pour un établissement de ce type. Ma note est sévère mais reflète mon sentiment générale: je n’y reviendrai pas et ne recommanderai pas.,3,Hotel Roca Negra del Arenal,alojamiento,booking
"Gute Lage, sauber, ruhig. Schöner Pool",4,Hotel Roca Negra del Arenal,alojamiento,booking
Die Unterkunft hat einen traumhaft schönen Garten in dem jede Menge Vögel fliegen auch Kolibris Die Zimmer sind etwas kahl und unpersönlich,4,Hotel Roca Negra del Arenal,alojamiento,booking
"Blick zum Vulkan. Die Betten sind sehr bequem. Die Gartenanlage ist super schön, sehr gepflegt und man kann viele Vögel direkt von der Terrasse aus beobachten. Personal ist super unprofessionell. Fehlende lösungsorientierte Servicebereitschaft. Wir hatten ein 4er Apartment indem es z. B. nur 2 Gläser gab. Auf Nachfrage wurden uns 2 riesige Plastikbecher zusätzlich nach einigem Hin und Her gebracht. Die angegebene Zimmergrösse entspricht nur unter Hinzunahme von der Terrasse und dem Aussen -Essbereich den Angaben. Dieser verfügt über kein Licht, so dass abends der Tisch mit den 4 Stühlen nicht genutzt werden kann. Ferner hatten wir erwartet, dass es bei Ausweisung eines eigenen Essbereichs es auch zumindest Teller und Besteck geben würde. Weit gefehlt. Auf Nachfrage erhielten wir 4 nicht saubere Teller, 4 Gabeln und ein einziges kleines Messer aus dem Privatbesitz, der sich im Übrigen als offener, etwas schmuddelig wirkender Bereich direkt neben der Rezeption befindet. Am 2. Tag wurde das Zimmer nicht gesäubert. Auf Nachfrage wurde uns mitgeteilt, dass die Zimmer nur bis 12.00 Uhr geputzt würden und man ein Schild hinhängen müsste. Fakt war, dass am ersten Tag ohne Hinhängen des Schildes, geputzt wurde und wir am 2. Tag sogar vor Ort im Aussenbereich waren, sie das Apartment neben uns putzten und uns auf der Terrasse sahen, aber auch nicht fragten, ob sie säubern könnten. Die Besitzerin hat sich schließlich  bereit erklärt, den Müll im Bad zu entsorgen. Der Pool war uns nicht sauber genug. Das Wasser war sehr trüb und mit Schlieren durchzogen.",4,Hotel Roca Negra del Arenal,alojamiento,booking
"Der Blick auf den Vulkan. Frühstück Ok. Personal sehr freundlich. Sehr laut, weil zu nahe an der Hauptstraße. Der Pool direkt an der Straße, deshalb unnutzbar. Der private Bereich der Hotelmitarbeiter sah aus wie eine Müllhalde, da musste man schon die Augen fest zukneifen.",4,Hotel Roca Negra del Arenal,alojamiento,booking
La situation La mauvaise insonorisation des chambres. On entendait le voisin ronflé !,4,Hotel Roca Negra del Arenal,alojamiento,booking
Beau jardin tres bien entretenu et vue sur le volcan Personnel peu attentionné et literie a revoir.,4,Hotel Roca Negra del Arenal,alojamiento,booking
Leuke huisjes. Leuk zwembad De Wifi deed het niet in t huisje. Het melden ervan bracht geen verbetering. Verder was er geen koffie.,4,Hotel Roca Negra del Arenal,alojamiento,booking
Umgang des Personals an der Rezeption geht gar nicht,2,Hotel Roca Negra del Arenal,alojamiento,booking
"Super Ausblick auf den Vulkan, schöner Pool. Toller Garten. Personal etwas gewöhnungsbedürftig.",4,Hotel Roca Negra del Arenal,alojamiento,booking
"Per estar a la Fortuna bona relació qualitat / preu, personal molt proper i familiar.
Gràcies a l’Elisabeth per ser tant amable i simpàtica, a la zona hi ha hotels de luxe, però aquí et sents com a casa per un preu raonable.",4,Hotel Roca Negra del Arenal,alojamiento,booking
"Großes, sicheres Gelände mit Pool und billiard und Tischtennis. Zimmer war sehr groß und hatte auch ein großes Bad mit ausreichend abstelmfläche. Zu Fuß sind viele Sodas und ein Supermarkt zu erreichen. Das Personal war sehr sehr nett und die Zimmer sauber. Für unsere Bedürfnisse hätten wir uns ein bisschen mehr Auswahl beim Frühstück gewünscht aber selbst das war trotzdem sehr gut und das Personal sehr nett.",5,Hotel Roca Negra del Arenal,alojamiento,booking
,5,Hotel Roca Negra del Arenal,alojamiento,booking
,5,Hotel Roca Negra del Arenal,alojamiento,booking
,5,Hotel Roca Negra del Arenal,alojamiento,booking
,5,Hotel Roca Negra del Arenal,alojamiento,booking
,5,Hotel Roca Negra del Arenal,alojamiento,booking
,5,Hotel Roca Negra del Arenal,alojamiento,booking
,5,Hotel Roca Negra del Arenal,alojamiento,booking
,5,Hotel Roca Negra del Arenal,alojamiento,booking
,5,Hotel Roca Negra del Arenal,alojamiento,booking
,5,Hotel Roca Negra del Arenal,alojamiento,booking
,5,Hotel Roca Negra del Arenal,alojamiento,booking
,5,Hotel Roca Negra del Arenal,alojamiento,booking
,5,Hotel Roca Negra del Arenal,alojamiento,booking
,5,Hotel Roca Negra del Arenal,alojamiento,booking
,5,Hotel Roca Negra del Arenal,alojamiento,booking
,5,Hotel Roca Negra del Arenal,alojamiento,booking
,5,Hotel Roca Negra del Arenal,alojamiento,booking
,5,Hotel Roca Negra del Arenal,alojamiento,booking
,5,Hotel Roca Negra del Arenal,alojamiento,booking
,5,Hotel Roca Negra del Arenal,alojamiento,booking
,5,Hotel Roca Negra del Arenal,alojamiento,booking
,5,Hotel Roca Negra del Arenal,alojamiento,booking
,5,Hotel Roca Negra del Arenal,alojamiento,booking
,5,Hotel Roca Negra del Arenal,alojamiento,booking
,5,Hotel Roca Negra del Arenal,alojamiento,booking
,5,Hotel Roca Negra del Arenal,alojamiento,booking
,5,Hotel Roca Negra del Arenal,alojamiento,booking
,5,Hotel Roca Negra del Arenal,alojamiento,booking
,5,Hotel Roca Negra del Arenal,alojamiento,booking
,5,Hotel Roca Negra del Arenal,alojamiento,booking
,5,Hotel Roca Negra del Arenal,alojamiento,booking
,5,Hotel Roca Negra del Arenal,alojamiento,booking
,5,Hotel Roca Negra del Arenal,alojamiento,booking
,5,Hotel Roca Negra del Arenal,alojamiento,booking
,5,Hotel Roca Negra del Arenal,alojamiento,booking
,5,Hotel Roca Negra del Arenal,alojamiento,booking
,5,Hotel Roca Negra del Arenal,alojamiento,booking
,5,Hotel Roca Negra del Arenal,alojamiento,booking
,5,Hotel Roca Negra del Arenal,alojamiento,booking
,5,Hotel Roca Negra del Arenal,alojamiento,booking
,5,Hotel Roca Negra del Arenal,alojamiento,booking
,5,Hotel Roca Negra del Arenal,alojamiento,booking
,5,Hotel Roca Negra del Arenal,alojamiento,booking
,5,Hotel Roca Negra del Arenal,alojamiento,booking
,5,Hotel Roca Negra del Arenal,alojamiento,booking
,5,Hotel Roca Negra del Arenal,alojamiento,booking
,5,Hotel Roca Negra del Arenal,alojamiento,booking
,5,Hotel Roca Negra del Arenal,alojamiento,booking
,5,Hotel Roca Negra del Arenal,alojamiento,booking
,5,Hotel Roca Negra del Arenal,alojamiento,booking
,5,Hotel Roca Negra del Arenal,alojamiento,booking
,5,Hotel Roca Negra del Arenal,alojamiento,booking
,5,Hotel Roca Negra del Arenal,alojamiento,booking
,5,Hotel Roca Negra del Arenal,alojamiento,booking
,5,Hotel Roca Negra del Arenal,alojamiento,booking
,5,Hotel Roca Negra del Arenal,alojamiento,booking
,5,Hotel Roca Negra del Arenal,alojamiento,booking
,5,Hotel Roca Negra del Arenal,alojamiento,booking
,5,Hotel Roca Negra del Arenal,alojamiento,booking
,5,Hotel Roca Negra del Arenal,alojamiento,booking
,5,Hotel Roca Negra del Arenal,alojamiento,booking
,5,Hotel Roca Negra del Arenal,alojamiento,booking
,4,Hotel Roca Negra del Arenal,alojamiento,booking
,3,Hotel Roca Negra del Arenal,alojamiento,booking
,4,Hotel Roca Negra del Arenal,alojamiento,booking
,4,Hotel Roca Negra del Arenal,alojamiento,booking
,4,Hotel Roca Negra del Arenal,alojamiento,booking
,4,Hotel Roca Negra del Arenal,alojamiento,booking
,4,Hotel Roca Negra del Arenal,alojamiento,booking
,5,Hotel Roca Negra del Arenal,alojamiento,booking
,5,Hotel Roca Negra del Arenal,alojamiento,booking
,5,Hotel Roca Negra del Arenal,alojamiento,booking
,5,Hotel Roca Negra del Arenal,alojamiento,booking
,5,Hotel Roca Negra del Arenal,alojamiento,booking
,5,Hotel Roca Negra del Arenal,alojamiento,booking
,5,Hotel Roca Negra del Arenal,alojamiento,booking
,5,Hotel Roca Negra del Arenal,alojamiento,booking
,5,Hotel Roca Negra del Arenal,alojamiento,booking
,5,Hotel Roca Negra del Arenal,alojamiento,booking
,5,Hotel Roca Negra del Arenal,alojamiento,booking
,5,Hotel Roca Negra del Arenal,alojamiento,booking
,5,Hotel Roca Negra del Arenal,alojamiento,booking
,5,Hotel Roca Negra del Arenal,alojamiento,booking
,5,Hotel Roca Negra del Arenal,alojamiento,booking
,5,Hotel Roca Negra del Arenal,alojamiento,booking
,5,Hotel Roca Negra del Arenal,alojamiento,booking
,5,Hotel Roca Negra del Arenal,alojamiento,booking
,5,Hotel Roca Negra del Arenal,alojamiento,booking
,5,Hotel Roca Negra del Arenal,alojamiento,booking
,5,Hotel Roca Negra del Arenal,alojamiento,booking
,5,Hotel Roca Negra del Arenal,alojamiento,booking
,5,Hotel Roca Negra del Arenal,alojamiento,booking
,5,Hotel Roca Negra del Arenal,alojamiento,booking
,5,Hotel Roca Negra del Arenal,alojamiento,booking
,5,Hotel Roca Negra del Arenal,alojamiento,booking
,5,Hotel Roca Negra del Arenal,alojamiento,booking
,5,Hotel Roca Negra del Arenal,alojamiento,booking
,5,Hotel Roca Negra del Arenal,alojamiento,booking
,5,Hotel Roca Negra del Arenal,alojamiento,booking
,5,Hotel Roca Negra del Arenal,alojamiento,booking
,5,Hotel Roca Negra del Arenal,alojamiento,booking
,5,Hotel Roca Negra del Arenal,alojamiento,booking
,5,Hotel Roca Negra del Arenal,alojamiento,booking
,5,Hotel Roca Negra del Arenal,alojamiento,booking
,5,Hotel Roca Negra del Arenal,alojamiento,booking
,5,Hotel Roca Negra del Arenal,alojamiento,booking
,5,Hotel Roca Negra del Arenal,alojamiento,booking
,5,Hotel Roca Negra del Arenal,alojamiento,booking
,5,Hotel Roca Negra del Arenal,alojamiento,booking
,5,Hotel Roca Negra del Arenal,alojamiento,booking
,5,Hotel Roca Negra del Arenal,alojamiento,booking
,5,Hotel Roca Negra del Arenal,alojamiento,booking
,5,Hotel Roca Negra del Arenal,alojamiento,booking
,5,Hotel Roca Negra del Arenal,alojamiento,booking
,5,Hotel Roca Negra del Arenal,alojamiento,booking
,5,Hotel Roca Negra del Arenal,alojamiento,booking
,5,Hotel Roca Negra del Arenal,alojamiento,booking
,5,Hotel Roca Negra del Arenal,alojamiento,booking
,5,Hotel Roca Negra del Arenal,alojamiento,booking
,5,Hotel Roca Negra del Arenal,alojamiento,booking
,5,Hotel Roca Negra del Arenal,alojamiento,booking
,5,Hotel Roca Negra del Arenal,alojamiento,booking
,5,Hotel Roca Negra del Arenal,alojamiento,booking
,5,Hotel Roca Negra del Arenal,alojamiento,booking
,5,Hotel Roca Negra del Arenal,alojamiento,booking
,5,Hotel Roca Negra del Arenal,alojamiento,booking
,5,Hotel Roca Negra del Arenal,alojamiento,booking
,5,Hotel Roca Negra del Arenal,alojamiento,booking
,5,Hotel Roca Negra del Arenal,alojamiento,booking
,5,Hotel Roca Negra del Arenal,alojamiento,booking
,5,Hotel Roca Negra del Arenal,alojamiento,booking
,5,Hotel Roca Negra del Arenal,alojamiento,booking
,5,Hotel Roca Negra del Arenal,alojamiento,booking
,5,Hotel Roca Negra del Arenal,alojamiento,booking
,5,Hotel Roca Negra del Arenal,alojamiento,booking
,5,Hotel Roca Negra del Arenal,alojamiento,booking
,5,Hotel Roca Negra del Arenal,alojamiento,booking
,5,Hotel Roca Negra del Arenal,alojamiento,booking
,5,Hotel Roca Negra del Arenal,alojamiento,booking
,5,Hotel Roca Negra del Arenal,alojamiento,booking
,5,Hotel Roca Negra del Arenal,alojamiento,booking
,5,Hotel Roca Negra del Arenal,alojamiento,booking
,5,Hotel Roca Negra del Arenal,alojamiento,booking
,5,Hotel Roca Negra del Arenal,alojamiento,booking
,5,Hotel Roca Negra del Arenal,alojamiento,booking
,5,Hotel Roca Negra del Arenal,alojamiento,booking
,5,Hotel Roca Negra del Arenal,alojamiento,booking
,5,Hotel Roca Negra del Arenal,alojamiento,booking
,5,Hotel Roca Negra del Arenal,alojamiento,booking
,5,Hotel Roca Negra del Arenal,alojamiento,booking
,5,Hotel Roca Negra del Arenal,alojamiento,booking
,5,Hotel Roca Negra del Arenal,alojamiento,booking
,5,Hotel Roca Negra del Arenal,alojamiento,booking
,5,Hotel Roca Negra del Arenal,alojamiento,booking
,5,Hotel Roca Negra del Arenal,alojamiento,booking
,5,Hotel Roca Negra del Arenal,alojamiento,booking
,5,Hotel Roca Negra del Arenal,alojamiento,booking
,5,Hotel Roca Negra del Arenal,alojamiento,booking
,5,Hotel Roca Negra del Arenal,alojamiento,booking
,5,Hotel Roca Negra del Arenal,alojamiento,booking
,5,Hotel Roca Negra del Arenal,alojamiento,booking
,5,Hotel Roca Negra del Arenal,alojamiento,booking
,5,Hotel Roca Negra del Arenal,alojamiento,booking
,5,Hotel Roca Negra del Arenal,alojamiento,booking
,5,Hotel Roca Negra del Arenal,alojamiento,booking
,5,Hotel Roca Negra del Arenal,alojamiento,booking
,5,Hotel Roca Negra del Arenal,alojamiento,booking
,5,Hotel Roca Negra del Arenal,alojamiento,booking
,5,Hotel Roca Negra del Arenal,alojamiento,booking
,5,Hotel Roca Negra del Arenal,alojamiento,booking
,5,Hotel Roca Negra del Arenal,alojamiento,booking
,5,Hotel Roca Negra del Arenal,alojamiento,booking
,5,Hotel Roca Negra del Arenal,alojamiento,booking
,5,Hotel Roca Negra del Arenal,alojamiento,booking
,5,Hotel Roca Negra del Arenal,alojamiento,booking
,5,Hotel Roca Negra del Arenal,alojamiento,booking
,5,Hotel Roca Negra del Arenal,alojamiento,booking
,5,Hotel Roca Negra del Arenal,alojamiento,booking
,5,Hotel Roca Negra del Arenal,alojamiento,booking
,5,Hotel Roca Negra del Arenal,alojamiento,booking
,5,Hotel Roca Negra del Arenal,alojamiento,booking
,5,Hotel Roca Negra del Arenal,alojamiento,booking
,5,Hotel Roca Negra del Arenal,alojamiento,booking
,5,Hotel Roca Negra del Arenal,alojamiento,booking
,5,Hotel Roca Negra del Arenal,alojamiento,booking
,5,Hotel Roca Negra del Arenal,alojamiento,booking
,5,Hotel Roca Negra del Arenal,alojamiento,booking
,5,Hotel Roca Negra del Arenal,alojamiento,booking
,5,Hotel Roca Negra del Arenal,alojamiento,booking
,5,Hotel Roca Negra del Arenal,alojamiento,booking
,5,Hotel Roca Negra del Arenal,alojamiento,booking
,5,Hotel Roca Negra del Arenal,alojamiento,booking
,5,Hotel Roca Negra del Arenal,alojamiento,booking
,5,Hotel Roca Negra del Arenal,alojamiento,booking
,5,Hotel Roca Negra del Arenal,alojamiento,booking
,5,Hotel Roca Negra del Arenal,alojamiento,booking
,5,Hotel Roca Negra del Arenal,alojamiento,booking
,5,Hotel Roca Negra del Arenal,alojamiento,booking
,5,Hotel Roca Negra del Arenal,alojamiento,booking
,5,Hotel Roca Negra del Arenal,alojamiento,booking
,5,Hotel Roca Negra del Arenal,alojamiento,booking
,5,Hotel Roca Negra del Arenal,alojamiento,booking
,5,Hotel Roca Negra del Arenal,alojamiento,booking
,5,Hotel Roca Negra del Arenal,alojamiento,booking
,5,Hotel Roca Negra del Arenal,alojamiento,booking
,5,Hotel Roca Negra del Arenal,alojamiento,booking
,5,Hotel Roca Negra del Arenal,alojamiento,booking
,5,Hotel Roca Negra del Arenal,alojamiento,booking
,5,Hotel Roca Negra del Arenal,alojamiento,booking
,5,Hotel Roca Negra del Arenal,alojamiento,booking
,5,Hotel Roca Negra del Arenal,alojamiento,booking
,5,Hotel Roca Negra del Arenal,alojamiento,booking
,5,Hotel Roca Negra del Arenal,alojamiento,booking
,5,Hotel Roca Negra del Arenal,alojamiento,booking
,5,Hotel Roca Negra del Arenal,alojamiento,booking
,5,Hotel Roca Negra del Arenal,alojamiento,booking
,5,Hotel Roca Negra del Arenal,alojamiento,booking
,5,Hotel Roca Negra del Arenal,alojamiento,booking
,5,Hotel Roca Negra del Arenal,alojamiento,booking
,5,Hotel Roca Negra del Arenal,alojamiento,booking
,5,Hotel Roca Negra del Arenal,alojamiento,booking
,5,Hotel Roca Negra del Arenal,alojamiento,booking
,5,Hotel Roca Negra del Arenal,alojamiento,booking
,5,Hotel Roca Negra del Arenal,alojamiento,booking
,5,Hotel Roca Negra del Arenal,alojamiento,booking
,5,Hotel Roca Negra del Arenal,alojamiento,booking
,5,Hotel Roca Negra del Arenal,alojamiento,booking
,5,Hotel Roca Negra del Arenal,alojamiento,booking
,5,Hotel Roca Negra del Arenal,alojamiento,booking
,5,Hotel Roca Negra del Arenal,alojamiento,booking
,5,Hotel Roca Negra del Arenal,alojamiento,booking
,5,Hotel Roca Negra del Arenal,alojamiento,booking
,5,Hotel Roca Negra del Arenal,alojamiento,booking
,5,Hotel Roca Negra del Arenal,alojamiento,booking
,5,Hotel Roca Negra del Arenal,alojamiento,booking
,5,Hotel Roca Negra del Arenal,alojamiento,booking
,5,Hotel Roca Negra del Arenal,alojamiento,booking
,5,Hotel Roca Negra del Arenal,alojamiento,booking
,5,Hotel Roca Negra del Arenal,alojamiento,booking
,5,Hotel Roca Negra del Arenal,alojamiento,booking
,5,Hotel Roca Negra del Arenal,alojamiento,booking
,5,Hotel Roca Negra del Arenal,alojamiento,booking
,5,Hotel Roca Negra del Arenal,alojamiento,booking
,5,Hotel Roca Negra del Arenal,alojamiento,booking
,5,Hotel Roca Negra del Arenal,alojamiento,booking
,5,Hotel Roca Negra del Arenal,alojamiento,booking
,5,Hotel Roca Negra del Arenal,alojamiento,booking
,5,Hotel Roca Negra del Arenal,alojamiento,booking
,5,Hotel Roca Negra del Arenal,alojamiento,booking
,5,Hotel Roca Negra del Arenal,alojamiento,booking
,5,Hotel Roca Negra del Arenal,alojamiento,booking
,5,Hotel Roca Negra del Arenal,alojamiento,booking
,5,Hotel Roca Negra del Arenal,alojamiento,booking
,5,Hotel Roca Negra del Arenal,alojamiento,booking
,5,Hotel Roca Negra del Arenal,alojamiento,booking
,5,Hotel Roca Negra del Arenal,alojamiento,booking
,5,Hotel Roca Negra del Arenal,alojamiento,booking
,5,Hotel Roca Negra del Arenal,alojamiento,booking
,5,Hotel Roca Negra del Arenal,alojamiento,booking
,5,Hotel Roca Negra del Arenal,alojamiento,booking
,5,Hotel Roca Negra del Arenal,alojamiento,booking
,4,Hotel Roca Negra del Arenal,alojamiento,booking
,3,Hotel Roca Negra del Arenal,alojamiento,booking
,4,Hotel Roca Negra del Arenal,alojamiento,booking
,4,Hotel Roca Negra del Arenal,alojamiento,booking
,4,Hotel Roca Negra del Arenal,alojamiento,booking
,4,Hotel Roca Negra del Arenal,alojamiento,booking
,4,Hotel Roca Negra del Arenal,alojamiento,booking
,4,Hotel Roca Negra del Arenal,alojamiento,booking
,4,Hotel Roca Negra del Arenal,alojamiento,booking
,4,Hotel Roca Negra del Arenal,alojamiento,booking
,4,Hotel Roca Negra del Arenal,alojamiento,booking
,4,Hotel Roca Negra del Arenal,alojamiento,booking
,2,Hotel Roca Negra del Arenal,alojamiento,booking
,4,Hotel Roca Negra del Arenal,alojamiento,booking
,5,Hotel Roca Negra del Arenal,alojamiento,booking
,5,Hotel Roca Negra del Arenal,alojamiento,booking
,5,Hotel Roca Negra del Arenal,alojamiento,booking
,5,Hotel Roca Negra del Arenal,alojamiento,booking
,5,Hotel Roca Negra del Arenal,alojamiento,booking
,5,Hotel Roca Negra del Arenal,alojamiento,booking
,5,Hotel Roca Negra del Arenal,alojamiento,booking
,5,Hotel Roca Negra del Arenal,alojamiento,booking
,5,Hotel Roca Negra del Arenal,alojamiento,booking
,5,Hotel Roca Negra del Arenal,alojamiento,booking
,5,Hotel Roca Negra del Arenal,alojamiento,booking
,5,Hotel Roca Negra del Arenal,alojamiento,booking
,5,Hotel Roca Negra del Arenal,alojamiento,booking
,5,Hotel Roca Negra del Arenal,alojamiento,booking
,5,Hotel Roca Negra del Arenal,alojamiento,booking
,5,Hotel Roca Negra del Arenal,alojamiento,booking
,5,Hotel Roca Negra del Arenal,alojamiento,booking
,5,Hotel Roca Negra del Arenal,alojamiento,booking
,5,Hotel Roca Negra del Arenal,alojamiento,booking
,5,Hotel Roca Negra del Arenal,alojamiento,booking
,5,Hotel Roca Negra del Arenal,alojamiento,booking
,5,Hotel Roca Negra del Arenal,alojamiento,booking
,5,Hotel Roca Negra del Arenal,alojamiento,booking
,5,Hotel Roca Negra del Arenal,alojamiento,booking
,5,Hotel Roca Negra del Arenal,alojamiento,booking
,5,Hotel Roca Negra del Arenal,alojamiento,booking
,5,Hotel Roca Negra del Arenal,alojamiento,booking
,5,Hotel Roca Negra del Arenal,alojamiento,booking
,5,Hotel Roca Negra del Arenal,alojamiento,booking
,5,Hotel Roca Negra del Arenal,alojamiento,booking
,5,Hotel Roca Negra del Arenal,alojamiento,booking
,5,Hotel Roca Negra del Arenal,alojamiento,booking
,5,Hotel Roca Negra del Arenal,alojamiento,booking
,5,Hotel Roca Negra del Arenal,alojamiento,booking
,5,Hotel Roca Negra del Arenal,alojamiento,booking
,5,Hotel Roca Negra del Arenal,alojamiento,booking
,5,Hotel Roca Negra del Arenal,alojamiento,booking
,5,Hotel Roca Negra del Arenal,alojamiento,booking
,5,Hotel Roca Negra del Arenal,alojamiento,booking
,5,Hotel Roca Negra del Arenal,alojamiento,booking
,5,Hotel Roca Negra del Arenal,alojamiento,booking
,5,Hotel Roca Negra del Arenal,alojamiento,booking
,5,Hotel Roca Negra del Arenal,alojamiento,booking
,5,Hotel Roca Negra del Arenal,alojamiento,booking
,5,Hotel Roca Negra del Arenal,alojamiento,booking
,5,Hotel Roca Negra del Arenal,alojamiento,booking
,5,Hotel Roca Negra del Arenal,alojamiento,booking
,5,Hotel Roca Negra del Arenal,alojamiento,booking
,5,Hotel Roca Negra del Arenal,alojamiento,booking
,5,Hotel Roca Negra del Arenal,alojamiento,booking
,5,Hotel Roca Negra del Arenal,alojamiento,booking
,5,Hotel Roca Negra del Arenal,alojamiento,booking
,5,Hotel Roca Negra del Arenal,alojamiento,booking
,5,Hotel Roca Negra del Arenal,alojamiento,booking
,5,Hotel Roca Negra del Arenal,alojamiento,booking
,5,Hotel Roca Negra del Arenal,alojamiento,booking
,5,Hotel Roca Negra del Arenal,alojamiento,booking
,5,Hotel Roca Negra del Arenal,alojamiento,booking
,5,Hotel Roca Negra del Arenal,alojamiento,booking
,5,Hotel Roca Negra del Arenal,alojamiento,booking
,5,Hotel Roca Negra del Arenal,alojamiento,booking
,5,Hotel Roca Negra del Arenal,alojamiento,booking
,5,Hotel Roca Negra del Arenal,alojamiento,booking
,5,Hotel Roca Negra del Arenal,alojamiento,booking
,5,Hotel Roca Negra del Arenal,alojamiento,booking
,5,Hotel Roca Negra del Arenal,alojamiento,booking
,5,Hotel Roca Negra del Arenal,alojamiento,booking
,5,Hotel Roca Negra del Arenal,alojamiento,booking
,5,Hotel Roca Negra del Arenal,alojamiento,booking
,5,Hotel Roca Negra del Arenal,alojamiento,booking
,5,Hotel Roca Negra del Arenal,alojamiento,booking
,5,Hotel Roca Negra del Arenal,alojamiento,booking
,5,Hotel Roca Negra del Arenal,alojamiento,booking
,5,Hotel Roca Negra del Arenal,alojamiento,booking
,5,Hotel Roca Negra del Arenal,alojamiento,booking
,5,Hotel Roca Negra del Arenal,alojamiento,booking
,5,Hotel Roca Negra del Arenal,alojamiento,booking
,5,Hotel Roca Negra del Arenal,alojamiento,booking
,5,Hotel Roca Negra del Arenal,alojamiento,booking
,5,Hotel Roca Negra del Arenal,alojamiento,booking
,5,Hotel Roca Negra del Arenal,alojamiento,booking
,5,Hotel Roca Negra del Arenal,alojamiento,booking
,5,Hotel Roca Negra del Arenal,alojamiento,booking
,5,Hotel Roca Negra del Arenal,alojamiento,booking
,5,Hotel Roca Negra del Arenal,alojamiento,booking
,5,Hotel Roca Negra del Arenal,alojamiento,booking
,5,Hotel Roca Negra del Arenal,alojamiento,booking
,5,Hotel Roca Negra del Arenal,alojamiento,booking
,5,Hotel Roca Negra del Arenal,alojamiento,booking
,5,Hotel Roca Negra del Arenal,alojamiento,booking
,5,Hotel Roca Negra del Arenal,alojamiento,booking
,5,Hotel Roca Negra del Arenal,alojamiento,booking
,5,Hotel Roca Negra del Arenal,alojamiento,booking
,5,Hotel Roca Negra del Arenal,alojamiento,booking
,5,Hotel Roca Negra del Arenal,alojamiento,booking
,5,Hotel Roca Negra del Arenal,alojamiento,booking
,5,Hotel Roca Negra del Arenal,alojamiento,booking
,5,Hotel Roca Negra del Arenal,alojamiento,booking
,5,Hotel Roca Negra del Arenal,alojamiento,booking
,5,Hotel Roca Negra del Arenal,alojamiento,booking
,5,Hotel Roca Negra del Arenal,alojamiento,booking
,5,Hotel Roca Negra del Arenal,alojamiento,booking
,5,Hotel Roca Negra del Arenal,alojamiento,booking
,5,Hotel Roca Negra del Arenal,alojamiento,booking
,5,Hotel Roca Negra del Arenal,alojamiento,booking
,5,Hotel Roca Negra del Arenal,alojamiento,booking
,5,Hotel Roca Negra del Arenal,alojamiento,booking
,5,Hotel Roca Negra del Arenal,alojamiento,booking
,5,Hotel Roca Negra del Arenal,alojamiento,booking
,5,Hotel Roca Negra del Arenal,alojamiento,booking
,5,Hotel Roca Negra del Arenal,alojamiento,booking
,5,Hotel Roca Negra del Arenal,alojamiento,booking
,5,Hotel Roca Negra del Arenal,alojamiento,booking
,5,Hotel Roca Negra del Arenal,alojamiento,booking
,5,Hotel Roca Negra del Arenal,alojamiento,booking
,5,Hotel Roca Negra del Arenal,alojamiento,booking
,5,Hotel Roca Negra del Arenal,alojamiento,booking
,5,Hotel Roca Negra del Arenal,alojamiento,booking
,5,Hotel Roca Negra del Arenal,alojamiento,booking
,5,Hotel Roca Negra del Arenal,alojamiento,booking
,5,Hotel Roca Negra del Arenal,alojamiento,booking
,5,Hotel Roca Negra del Arenal,alojamiento,booking
,5,Hotel Roca Negra del Arenal,alojamiento,booking
,5,Hotel Roca Negra del Arenal,alojamiento,booking
,5,Hotel Roca Negra del Arenal,alojamiento,booking
,5,Hotel Roca Negra del Arenal,alojamiento,booking
,5,Hotel Roca Negra del Arenal,alojamiento,booking
,5,Hotel Roca Negra del Arenal,alojamiento,booking
,5,Hotel Roca Negra del Arenal,alojamiento,booking
,5,Hotel Roca Negra del Arenal,alojamiento,booking
,5,Hotel Roca Negra del Arenal,alojamiento,booking
,5,Hotel Roca Negra del Arenal,alojamiento,booking
,5,Hotel Roca Negra del Arenal,alojamiento,booking
,5,Hotel Roca Negra del Arenal,alojamiento,booking
,5,Hotel Roca Negra del Arenal,alojamiento,booking
,5,Hotel Roca Negra del Arenal,alojamiento,booking
,5,Hotel Roca Negra del Arenal,alojamiento,booking
,5,Hotel Roca Negra del Arenal,alojamiento,booking
,5,Hotel Roca Negra del Arenal,alojamiento,booking
,5,Hotel Roca Negra del Arenal,alojamiento,booking
,5,Hotel Roca Negra del Arenal,alojamiento,booking
,5,Hotel Roca Negra del Arenal,alojamiento,booking
,5,Hotel Roca Negra del Arenal,alojamiento,booking
,5,Hotel Roca Negra del Arenal,alojamiento,booking
,5,Hotel Roca Negra del Arenal,alojamiento,booking
,5,Hotel Roca Negra del Arenal,alojamiento,booking
,5,Hotel Roca Negra del Arenal,alojamiento,booking
,5,Hotel Roca Negra del Arenal,alojamiento,booking
,5,Hotel Roca Negra del Arenal,alojamiento,booking
,5,Hotel Roca Negra del Arenal,alojamiento,booking
,5,Hotel Roca Negra del Arenal,alojamiento,booking
,5,Hotel Roca Negra del Arenal,alojamiento,booking
,5,Hotel Roca Negra del Arenal,alojamiento,booking
,5,Hotel Roca Negra del Arenal,alojamiento,booking
,5,Hotel Roca Negra del Arenal,alojamiento,booking
,5,Hotel Roca Negra del Arenal,alojamiento,booking
,5,Hotel Roca Negra del Arenal,alojamiento,booking
,5,Hotel Roca Negra del Arenal,alojamiento,booking
,5,Hotel Roca Negra del Arenal,alojamiento,booking
,5,Hotel Roca Negra del Arenal,alojamiento,booking
,5,Hotel Roca Negra del Arenal,alojamiento,booking
,5,Hotel Roca Negra del Arenal,alojamiento,booking
,5,Hotel Roca Negra del Arenal,alojamiento,booking
,5,Hotel Roca Negra del Arenal,alojamiento,booking
,5,Hotel Roca Negra del Arenal,alojamiento,booking
,5,Hotel Roca Negra del Arenal,alojamiento,booking
,5,Hotel Roca Negra del Arenal,alojamiento,booking
,5,Hotel Roca Negra del Arenal,alojamiento,booking
,5,Hotel Roca Negra del Arenal,alojamiento,booking
,5,Hotel Roca Negra del Arenal,alojamiento,booking
,5,Hotel Roca Negra del Arenal,alojamiento,booking
,5,Hotel Roca Negra del Arenal,alojamiento,booking
,5,Hotel Roca Negra del Arenal,alojamiento,booking
,5,Hotel Roca Negra del Arenal,alojamiento,booking
,5,Hotel Roca Negra del Arenal,alojamiento,booking
,5,Hotel Roca Negra del Arenal,alojamiento,booking
,5,Hotel Roca Negra del Arenal,alojamiento,booking
,5,Hotel Roca Negra del Arenal,alojamiento,booking
