texto,calificacion,lugar,categoria,fuente,idioma_comentario,comentarios_espanol,emojis
"Muy bonitas las instalaciones, las aves que andan paseando por el lugar, la comodidad de sus camas y la atención del personal Todo nos gustó",5,Hotel Roca Negra del Arenal,alojamiento,booking,es,"Muy bonitas las instalaciones, las aves que andan paseando por el lugar, la comodidad de sus camas y la atención del personal Todo nos gustó",
"El lugar es muy bonito con mucho jardín y animales, el ambiente es muy tranquilo y las camas son muy cómodas",5,Hotel Roca Negra del Arenal,alojamiento,booking,es,"El lugar es muy bonito con mucho jardín y animales, el ambiente es muy tranquilo y las camas son muy cómodas",
La calidez del lugar y las personas.,5,Hotel Roca Negra del Arenal,alojamiento,booking,es,La calidez del lugar y las personas.,
El jacuzzi y la piscina. La ubicación y la atención de Eugenia. La zona de café.,5,Hotel Roca Negra del Arenal,alojamiento,booking,es,El jacuzzi y la piscina. La ubicación y la atención de Eugenia. La zona de café.,
Todas las zonas impolutas y muy limpias. El personal es maravilloso,5,Hotel Roca Negra del Arenal,alojamiento,booking,es,Todas las zonas impolutas y muy limpias. El personal es maravilloso,
"Agradable lugar, muy buena atención de las chicas de recepción. Piscina agradezco, hidromasaje exterior agradable, en general todos los espacios exteriores muy bien. Recomendación no olvidarse de REPELENTE. Tv un poco pequeña, no tenga crema de enjuague para el cabello.",5,Hotel Roca Negra del Arenal,alojamiento,booking,es,"Agradable lugar, muy buena atención de las chicas de recepción. Piscina agradezco, hidromasaje exterior agradable, en general todos los espacios exteriores muy bien. Recomendación no olvidarse de REPELENTE. Tv un poco pequeña, no tenga crema de enjuague para el cabello.",
"El personal, en especial Elisabeth que nos trató como si estuviéramos en casa. 
Y las vistas al volcán que son inmejorables",5,Hotel Roca Negra del Arenal,alojamiento,booking,es,"El personal, en especial Elisabeth que nos trató como si estuviéramos en casa. 
Y las vistas al volcán que son inmejorables",
"Ubicación e instalaciones La recepcionista que nos recibio fue la peor de todo el viaje. Poco amable y sin aportar información. Sin embargo, el al dia siguiente encontramos a otra que era todo lo contrario, encantadora",5,Hotel Roca Negra del Arenal,alojamiento,booking,es,"Ubicación e instalaciones La recepcionista que nos recibio fue la peor de todo el viaje. Poco amable y sin aportar información. Sin embargo, el al dia siguiente encontramos a otra que era todo lo contrario, encantadora",
Muy cómodo Todo positivo,5,Hotel Roca Negra del Arenal,alojamiento,booking,es,Muy cómodo Todo positivo,
Muy bien ambiente natural  tiene de todo  hasta animales,5,Hotel Roca Negra del Arenal,alojamiento,booking,es,Muy bien ambiente natural  tiene de todo  hasta animales,
"La ubicación fue lo mejor a pesar del ruido de la carretera que estaba al costado de las habitaciones El trato del personal que atiende en el comedor es pésimo y por 8 dólares el desayuno, mejor lo evito y como fuera.",5,Hotel Roca Negra del Arenal,alojamiento,booking,es,"La ubicación fue lo mejor a pesar del ruido de la carretera que estaba al costado de las habitaciones El trato del personal que atiende en el comedor es pésimo y por 8 dólares el desayuno, mejor lo evito y como fuera.",
"El hotel superó las expectativas, muy bonitas las instalaciones con espacios separados para mayor privacidad y mucha vegetación, los desayunos muy buenos; y las habitaciones super cómodas. Como un punto de mejora en las habitaciones donde el inodoro esta aparte de la ducha podrían colocar una puerta a la ducha y así poder usar ambos espacios simultáneamente.",5,Hotel Roca Negra del Arenal,alojamiento,booking,es,"El hotel superó las expectativas, muy bonitas las instalaciones con espacios separados para mayor privacidad y mucha vegetación, los desayunos muy buenos; y las habitaciones super cómodas. Como un punto de mejora en las habitaciones donde el inodoro esta aparte de la ducha podrían colocar una puerta a la ducha y así poder usar ambos espacios simultáneamente.",
El ambiente y el personal Todo excelente,5,Hotel Roca Negra del Arenal,alojamiento,booking,es,El ambiente y el personal Todo excelente,
"Desde la habitación hemos visto unas vistas maravillosas al volcán, con suerte despejado. Los colibrí comiendo en las flores justo delante nuestra..tucanes y el personal muy agradable",5,Hotel Roca Negra del Arenal,alojamiento,booking,es,"Desde la habitación hemos visto unas vistas maravillosas al volcán, con suerte despejado. Los colibrí comiendo en las flores justo delante nuestra..tucanes y el personal muy agradable",
Increíble todo! El personal un AMOR Asienore dispuestos a colaborar! El hotel SÚPER relajado! Impecable con una lugar para tomar un café o té cortesía del alojamiento divino! Con animales a tu alrededores disfrutable al máximo! NADA,5,Hotel Roca Negra del Arenal,alojamiento,booking,es,Increíble todo! El personal un AMOR Asienore dispuestos a colaborar! El hotel SÚPER relajado! Impecable con una lugar para tomar un café o té cortesía del alojamiento divino! Con animales a tu alrededores disfrutable al máximo! NADA,
"La habitación privada fue genial, con un porchecito para disfrutar de las vistas. El baño, la cama súper grande y cómoda hicieron que estuviéramos muy cómodos En el desayuno hacían esperar bastante. No vayas con prisa",5,Hotel Roca Negra del Arenal,alojamiento,booking,es,"La habitación privada fue genial, con un porchecito para disfrutar de las vistas. El baño, la cama súper grande y cómoda hicieron que estuviéramos muy cómodos En el desayuno hacían esperar bastante. No vayas con prisa",
"La vista es excelente
EL baño de la habitacion muy grande
Comodidad de la cama No tiene desayuno incluido",5,Hotel Roca Negra del Arenal,alojamiento,booking,es,"La vista es excelente
EL baño de la habitacion muy grande
Comodidad de la cama No tiene desayuno incluido",
"Ubicación, servicio al cliente, la habitación con cómoda muy cómoda y el desayuno muy rico",5,Hotel Roca Negra del Arenal,alojamiento,booking,es,"Ubicación, servicio al cliente, la habitación con cómoda muy cómoda y el desayuno muy rico",
"El alojamiento está bien ubicado, cercano a todo. La atención del personal fue excelente en todo momento, en especial Elizabeth, quien respondió todas nuestras dudas. En la mañana sirven un buen desayuno por 8 dólares. Las habitaciones están un poco antiguas, les falta una remodelación. Por ejemplo, el aire acondicionado emite mucho ruido.",5,Hotel Roca Negra del Arenal,alojamiento,booking,es,"El alojamiento está bien ubicado, cercano a todo. La atención del personal fue excelente en todo momento, en especial Elizabeth, quien respondió todas nuestras dudas. En la mañana sirven un buen desayuno por 8 dólares. Las habitaciones están un poco antiguas, les falta una remodelación. Por ejemplo, el aire acondicionado emite mucho ruido.",
"La limpieza No incluye desayuno, y el café que se ofrece no queda en el frasco",5,Hotel Roca Negra del Arenal,alojamiento,booking,es,"La limpieza No incluye desayuno, y el café que se ofrece no queda en el frasco",
Me encantó. Fui con mi familia y superó con creces lo que esperábamos del sitio.,5,Hotel Roca Negra del Arenal,alojamiento,booking,es,Me encantó. Fui con mi familia y superó con creces lo que esperábamos del sitio.,
"El hotel superó mis expectativas. Tiene un jardín enorme, las habitaciones son muy grandes y tranquilas. Tiene diversas zonas: de juegos, piscina con jacuzzi, pequeña cocina para tomar café, etc. El personal de recepción muy amable. Está situado a unos dos kilómetros del centro, por lo que es muy tranquilo. También hay varios restaurantes por la zona.",5,Hotel Roca Negra del Arenal,alojamiento,booking,es,"El hotel superó mis expectativas. Tiene un jardín enorme, las habitaciones son muy grandes y tranquilas. Tiene diversas zonas: de juegos, piscina con jacuzzi, pequeña cocina para tomar café, etc. El personal de recepción muy amable. Está situado a unos dos kilómetros del centro, por lo que es muy tranquilo. También hay varios restaurantes por la zona.",
"Me gustaron las instalaciones, la comodidad y estar rodeado de verde . Se puede disfrutar de las mañanas donde el sonido de los pájaros es la mejor melodía para desconectarse. Además el personal es muy amable, seguramente volveré!",5,Hotel Roca Negra del Arenal,alojamiento,booking,es,"Me gustaron las instalaciones, la comodidad y estar rodeado de verde . Se puede disfrutar de las mañanas donde el sonido de los pájaros es la mejor melodía para desconectarse. Además el personal es muy amable, seguramente volveré!",
"Muy cómodo, tiene un área para poder calentar agua, hacer café, licuados, disponible las 24hs.
Destaco la amabilidad y calidez de Elizabeth, trabaja en recepción, fue un encanto conocerla",5,Hotel Roca Negra del Arenal,alojamiento,booking,es,"Muy cómodo, tiene un área para poder calentar agua, hacer café, licuados, disponible las 24hs.
Destaco la amabilidad y calidez de Elizabeth, trabaja en recepción, fue un encanto conocerla",
"Todo, es muy linda Se escuchaba mucho entre habitaciones",5,Hotel Roca Negra del Arenal,alojamiento,booking,es,"Todo, es muy linda Se escuchaba mucho entre habitaciones",
La ubicación y sobre todo el hotel en si que parece sacado de una película Por ahí que no se pueda pagar con tarjeta y sea solo efectivo. Nada más!,5,Hotel Roca Negra del Arenal,alojamiento,booking,es,La ubicación y sobre todo el hotel en si que parece sacado de una película Por ahí que no se pueda pagar con tarjeta y sea solo efectivo. Nada más!,
Excelente ubicación e instalaciones,5,Hotel Roca Negra del Arenal,alojamiento,booking,es,Excelente ubicación e instalaciones,
"Este hotel es de lo mejor de la Fortuna. Las habitaciones son muy lindas y limpias. La piscina está limpia, tiene jacuzzi y otras amenidades. Lleno de arbolitos y naturaleza.",5,Hotel Roca Negra del Arenal,alojamiento,booking,es,"Este hotel es de lo mejor de la Fortuna. Las habitaciones son muy lindas y limpias. La piscina está limpia, tiene jacuzzi y otras amenidades. Lleno de arbolitos y naturaleza.",
"Qué joya de lugar! Cerca del centro de La Fortuna, una habitación enorme con una cama gigante, piscina, jacuzzi, desayuno super barato y rico…excelente servicio también. Súper recomendado! Nada! Todo nos encantó 😃",5,Hotel Roca Negra del Arenal,alojamiento,booking,es,"Qué joya de lugar! Cerca del centro de La Fortuna, una habitación enorme con una cama gigante, piscina, jacuzzi, desayuno super barato y rico…excelente servicio también. Súper recomendado! Nada! Todo nos encantó",😃
"El personal es súper amable Uufffffff demasiado lindas las habitaciones y el cuidado de los jardines 
Todo todo limpio y en orden",5,Hotel Roca Negra del Arenal,alojamiento,booking,es,"El personal es súper amable Uufffffff demasiado lindas las habitaciones y el cuidado de los jardines 
Todo todo limpio y en orden",
"Los jardines, la piscina, laa vistas al volcán...la responsable del establecimiento Nada",5,Hotel Roca Negra del Arenal,alojamiento,booking,es,"Los jardines, la piscina, laa vistas al volcán...la responsable del establecimiento Nada",
"Camas, hotel muy bonito, personal muy amable. No funcionaba nada bien el wifi desde la habitación ni en la mayoría de puntos del complejo.",5,Hotel Roca Negra del Arenal,alojamiento,booking,es,"Camas, hotel muy bonito, personal muy amable. No funcionaba nada bien el wifi desde la habitación ni en la mayoría de puntos del complejo.",
"Preciosos bungalows e instalaciones. El personal súper amable y atento, prestaban todo tipo de ayuda y recomendación. Ubicación perfecta para ir a la catarata y al volcán arenal.",5,Hotel Roca Negra del Arenal,alojamiento,booking,es,"Preciosos bungalows e instalaciones. El personal súper amable y atento, prestaban todo tipo de ayuda y recomendación. Ubicación perfecta para ir a la catarata y al volcán arenal.",
"La habitaciones impecables, espaciosa, cama súper confortable todo lo necesario  para disfrutar y descansar de la mejor forma. No tengo queja alguna",5,Hotel Roca Negra del Arenal,alojamiento,booking,es,"La habitaciones impecables, espaciosa, cama súper confortable todo lo necesario  para disfrutar y descansar de la mejor forma. No tengo queja alguna",
Sí muy lindo el lugar El desayuno,5,Hotel Roca Negra del Arenal,alojamiento,booking,es,Sí muy lindo el lugar El desayuno,
"Nuestra habitación tenía una vista increíble al volcán y jardín con terraza privada. Las instalaciones de piscina y jacuzzi muy limpias pero sobre todo destacar la amabilidad de Lilibeth, nos ayudó en todo momento y estuvo pendiente de que nuestra estancia fuera lo más cómoda posible.",5,Hotel Roca Negra del Arenal,alojamiento,booking,es,"Nuestra habitación tenía una vista increíble al volcán y jardín con terraza privada. Las instalaciones de piscina y jacuzzi muy limpias pero sobre todo destacar la amabilidad de Lilibeth, nos ayudó en todo momento y estuvo pendiente de que nuestra estancia fuera lo más cómoda posible.",
Exquisito y muy bien servido y atentido. La tranquilidad y seguridad No tener más días para quedarme. Pero ya se a dónde volver cuando vaya por ésos lugares.,5,Hotel Roca Negra del Arenal,alojamiento,booking,es,Exquisito y muy bien servido y atentido. La tranquilidad y seguridad No tener más días para quedarme. Pero ya se a dónde volver cuando vaya por ésos lugares.,
"Espectacular todo. El jardín que rodea al hotel, las vistas del Arenal, la comodidad de la habitación cin su porchecito, la piscina y zona de juegos que le encantaron a mis hijas y la amabilidad y recomendaciones del personal.",5,Hotel Roca Negra del Arenal,alojamiento,booking,es,"Espectacular todo. El jardín que rodea al hotel, las vistas del Arenal, la comodidad de la habitación cin su porchecito, la piscina y zona de juegos que le encantaron a mis hijas y la amabilidad y recomendaciones del personal.",
Las areas de esparcimiento como piscina y area de juegos Que no tenia restaurante para almuerzos o cenas.,5,Hotel Roca Negra del Arenal,alojamiento,booking,es,Las areas de esparcimiento como piscina y area de juegos Que no tenia restaurante para almuerzos o cenas.,
"Nuestra habitación tenía unas preciosas vistas al jardín y al volcán, con hamaca y terraza privada. Nos encantó la piscina y sobre todo el jacuzzi, un lujo. La ubicación está bien, en coche a escasos minutos del pueblo y de las aguas termales (andando es más tiempo). El personal fue muy agradable, y disponen de cafetería y sala de juegos común No recomiendo el servicio de lavandería, fue muy caro y no nos aconsejaron irnos a otro lugar. Los tours a través del hotel creemos que también salen más caros y es mejor cogerlos por otra parte",5,Hotel Roca Negra del Arenal,alojamiento,booking,es,"Nuestra habitación tenía unas preciosas vistas al jardín y al volcán, con hamaca y terraza privada. Nos encantó la piscina y sobre todo el jacuzzi, un lujo. La ubicación está bien, en coche a escasos minutos del pueblo y de las aguas termales (andando es más tiempo). El personal fue muy agradable, y disponen de cafetería y sala de juegos común No recomiendo el servicio de lavandería, fue muy caro y no nos aconsejaron irnos a otro lugar. Los tours a través del hotel creemos que también salen más caros y es mejor cogerlos por otra parte",
"Todo perfecto. Ubicación muy buena, senderos preciosos y muy bien cuidados, el entorno es paradisiaco. Buen desayuno. Mencionar especialmente la amabilidad del personal: tuvimos un contratiempo el día de llegada y Elizabeth nos ayudó con toda la paciencia y comprensión del mundo.",5,Hotel Roca Negra del Arenal,alojamiento,booking,es,"Todo perfecto. Ubicación muy buena, senderos preciosos y muy bien cuidados, el entorno es paradisiaco. Buen desayuno. Mencionar especialmente la amabilidad del personal: tuvimos un contratiempo el día de llegada y Elizabeth nos ayudó con toda la paciencia y comprensión del mundo.",
"El hotel es un jardin con casitas individuales para cada huesped, las habitaciones y el baño son grandes.
El desayuno muy bueno
Elisabet de la recepción muy simpatica y te ayuda en todo",5,Hotel Roca Negra del Arenal,alojamiento,booking,es,"El hotel es un jardin con casitas individuales para cada huesped, las habitaciones y el baño son grandes.
El desayuno muy bueno
Elisabet de la recepción muy simpatica y te ayuda en todo",
"Muy verde lleno de flores y pajaros. Habitaciones cómodas. Sala de juegos entretenida. En el
Camino al parque nacional Arenal.",5,Hotel Roca Negra del Arenal,alojamiento,booking,es,"Muy verde lleno de flores y pajaros. Habitaciones cómodas. Sala de juegos entretenida. En el
Camino al parque nacional Arenal.",
"Todo, tiene mucho encanto",5,Hotel Roca Negra del Arenal,alojamiento,booking,es,"Todo, tiene mucho encanto",
"Todo; el ambiente, la atención del personal, las instalaciones, la habitación, el desayuno... todo. He tenido la suerte de poder viajar por muchos países durante muchos años y he de decir que este es sin duda el mejor alojamiento en el que he estado. La cabaña en la que nos alojamos estaba muy bien cuidada; el alojamiento cuenta con zona de juego donde no le faltaba detalle, una zona de cocina donde poder sentarte a disfrutar una taza de café o té, una piscina y jacuzzi con hamacas muy bien cuidadas y por todo el alojamiento cuentas con rincones donde pasar el rato. 
Las chicas que nos atendieron fueron muy amables. 
El alojamiento cuenta con zona muy amplia donde aparcar y ofrecen desayunos que están muy ricos. 
No le pongo más de un 10 porque ese el tope, pero sin duda tendría más si fuera posible. 
Gracias por hacernos sentir como en casa 😊 No hay nada que no nos haya gustado.",5,Hotel Roca Negra del Arenal,alojamiento,booking,es,"Todo; el ambiente, la atención del personal, las instalaciones, la habitación, el desayuno... todo. He tenido la suerte de poder viajar por muchos países durante muchos años y he de decir que este es sin duda el mejor alojamiento en el que he estado. La cabaña en la que nos alojamos estaba muy bien cuidada; el alojamiento cuenta con zona de juego donde no le faltaba detalle, una zona de cocina donde poder sentarte a disfrutar una taza de café o té, una piscina y jacuzzi con hamacas muy bien cuidadas y por todo el alojamiento cuentas con rincones donde pasar el rato. 
Las chicas que nos atendieron fueron muy amables. 
El alojamiento cuenta con zona muy amplia donde aparcar y ofrecen desayunos que están muy ricos. 
No le pongo más de un 10 porque ese el tope, pero sin duda tendría más si fuera posible. 
Gracias por hacernos sentir como en casa  No hay nada que no nos haya gustado.",😊
La piscina,5,Hotel Roca Negra del Arenal,alojamiento,booking,unknown,La piscina,
Es un lugar  acogedor y muy familiar,5,Hotel Roca Negra del Arenal,alojamiento,booking,es,Es un lugar  acogedor y muy familiar,
Un sitio perfecto para disfrutar en familia Nada,5,Hotel Roca Negra del Arenal,alojamiento,booking,es,Un sitio perfecto para disfrutar en familia Nada,
El personal es muy amable y los senderos para las habitaciones e instalaciones están muy bien cuidados. Se puede desayunar en el hotel. Los jardines muy bonitos. El área de piscinas con buen mantenimiento.,5,Hotel Roca Negra del Arenal,alojamiento,booking,es,El personal es muy amable y los senderos para las habitaciones e instalaciones están muy bien cuidados. Se puede desayunar en el hotel. Los jardines muy bonitos. El área de piscinas con buen mantenimiento.,
"El hotel es excepcional. Precioso, tiene una piscina y jacuzzi perfectos. Además viajamos en temporada baja con lo que la teníamos para nosotros solos. El personal del hotel bien. Wifi bien. Del desayuno no puedo opinar pero en frente hay un lugar donde sirven desayunos muy ricos. En la calle principal de la fortuna a una media hora andando al centro. El baño enorme. Tienen un lugar para hacer café o té todo el día. No es raro encontrar colibrís, iguanas, sapos o ranas en el recinto. La sala de juegos, sobre todo el billar necesitaría un poco de mantenimiento, pero esto es un detalle ínfimo. No vimos el volcán por la climatología pero eso no es culpa del hotel. :(",5,Hotel Roca Negra del Arenal,alojamiento,booking,es,"El hotel es excepcional. Precioso, tiene una piscina y jacuzzi perfectos. Además viajamos en temporada baja con lo que la teníamos para nosotros solos. El personal del hotel bien. Wifi bien. Del desayuno no puedo opinar pero en frente hay un lugar donde sirven desayunos muy ricos. En la calle principal de la fortuna a una media hora andando al centro. El baño enorme. Tienen un lugar para hacer café o té todo el día. No es raro encontrar colibrís, iguanas, sapos o ranas en el recinto. La sala de juegos, sobre todo el billar necesitaría un poco de mantenimiento, pero esto es un detalle ínfimo. No vimos el volcán por la climatología pero eso no es culpa del hotel. :(",
Muy limpio y cómodo Nada a destacar,5,Hotel Roca Negra del Arenal,alojamiento,booking,es,Muy limpio y cómodo Nada a destacar,
Ubicación perfecta y super limpio Quizás puede mejorar la conexión de Internet para poder trabajar remoto,5,Hotel Roca Negra del Arenal,alojamiento,booking,es,Ubicación perfecta y super limpio Quizás puede mejorar la conexión de Internet para poder trabajar remoto,
"Es muy limpio todo, muy familiar, rodeado de naturaleza de verdad 10 de 10 en todo y el personal del hotel muy amigables Todo excelente",5,Hotel Roca Negra del Arenal,alojamiento,booking,es,"Es muy limpio todo, muy familiar, rodeado de naturaleza de verdad 10 de 10 en todo y el personal del hotel muy amigables Todo excelente",
"Las instalaciones son muy bonitas, el comedor, la piscina, la sala de juegos etc Todo muy bien",5,Hotel Roca Negra del Arenal,alojamiento,booking,es,"Las instalaciones son muy bonitas, el comedor, la piscina, la sala de juegos etc Todo muy bien",
"Hemos estado solo una noche, pero el hotel es muy bonito y está muy bien cuidado. Habitaciones muy amplias, una especie de casitas con su propio jardín y espacio para dejar el coche. 
Lo que más me gustó fue el baño, enorme y con una ducha super cómoda. Poca oferta gastronómica",5,Hotel Roca Negra del Arenal,alojamiento,booking,es,"Hemos estado solo una noche, pero el hotel es muy bonito y está muy bien cuidado. Habitaciones muy amplias, una especie de casitas con su propio jardín y espacio para dejar el coche. 
Lo que más me gustó fue el baño, enorme y con una ducha super cómoda. Poca oferta gastronómica",
"Excelente para descansar. No avisaron antes que no había datáfono y no andaba efectivo, y escribieron antes de que yo llegara, hubieran avisado que no había Datáfono.
Las almohadas ya muy usadas.",5,Hotel Roca Negra del Arenal,alojamiento,booking,es,"Excelente para descansar. No avisaron antes que no había datáfono y no andaba efectivo, y escribieron antes de que yo llegara, hubieran avisado que no había Datáfono.
Las almohadas ya muy usadas.",
El lugar Todo estuvo bueno,5,Hotel Roca Negra del Arenal,alojamiento,booking,es,El lugar Todo estuvo bueno,
"Tremendo lugar para alojarse en las afueras de La Fortuna, una de las mejores ideas por cierto que puedes tener si te dejas caer por allí. Alojamiento estilo cabaña/bungalow rodeada de exuberantes jardines y con privilegiadas vistas (nubes mediante) al Volcán Arenal. Piscina, aparcamiento privado y desayuno potestativo (sin mucho entusiasmo por que lo elijas). A 20 metros -literal- de la mayor tienda de souvenirs que vimos en nuestro viaje a Costa Rica. Si no encuentras allí lo que buscas, no existe. Se oye un poco el ruido de los camiones que pasan por la carretera, pero teniendo en cuenta la distancia a la que está, poco se oye.",5,Hotel Roca Negra del Arenal,alojamiento,booking,es,"Tremendo lugar para alojarse en las afueras de La Fortuna, una de las mejores ideas por cierto que puedes tener si te dejas caer por allí. Alojamiento estilo cabaña/bungalow rodeada de exuberantes jardines y con privilegiadas vistas (nubes mediante) al Volcán Arenal. Piscina, aparcamiento privado y desayuno potestativo (sin mucho entusiasmo por que lo elijas). A 20 metros -literal- de la mayor tienda de souvenirs que vimos en nuestro viaje a Costa Rica. Si no encuentras allí lo que buscas, no existe. Se oye un poco el ruido de los camiones que pasan por la carretera, pero teniendo en cuenta la distancia a la que está, poco se oye.",
"La habitación muy acogedora y limpia, pero sin duda lo mejor eran las vistas al volcán arenal. La atención del personal de 10, muy amigables y atentas con nosotros durante toda la estancia.",5,Hotel Roca Negra del Arenal,alojamiento,booking,es,"La habitación muy acogedora y limpia, pero sin duda lo mejor eran las vistas al volcán arenal. La atención del personal de 10, muy amigables y atentas con nosotros durante toda la estancia.",
"El lugar es hermosos, si siente como en casa todo bien limpio y las vistas hermosas Nada, todo es perfecto",5,Hotel Roca Negra del Arenal,alojamiento,booking,es,"El lugar es hermosos, si siente como en casa todo bien limpio y las vistas hermosas Nada, todo es perfecto",
No hubo desayuno!,5,Hotel Roca Negra del Arenal,alojamiento,booking,es,No hubo desayuno!,
Las fotos no hacen justicia de la belleza de lugar!!! Es precioso!! Como tica.. diría que el pinto del restaurante podría mejorar…,5,Hotel Roca Negra del Arenal,alojamiento,booking,es,Las fotos no hacen justicia de la belleza de lugar!!! Es precioso!! Como tica.. diría que el pinto del restaurante podría mejorar…,
"Un excelente Lugar para descansar, en medio de la Naturaleza sin nada de Ruido.
Lo recomiendo al 100%",5,Hotel Roca Negra del Arenal,alojamiento,booking,es,"Un excelente Lugar para descansar, en medio de la Naturaleza sin nada de Ruido.
Lo recomiendo al 100%",
"Personal muy amable.
Estupendas vistas al volcan.
Buen desayuno.",5,Hotel Roca Negra del Arenal,alojamiento,booking,es,"Personal muy amable.
Estupendas vistas al volcan.
Buen desayuno.",
"Es precioso y muy cómodo, la señora Elizabeth hace todo lo posible por ayudarte  a tener una buena estancia Sus instalaciones y limpieza",5,Hotel Roca Negra del Arenal,alojamiento,booking,es,"Es precioso y muy cómodo, la señora Elizabeth hace todo lo posible por ayudarte  a tener una buena estancia Sus instalaciones y limpieza",
"La atención del personal de recepción es de 10, muy atentos y amables. Solo estuvimos dos días pero nos habríamos quedado más tiempo: tiene piscina, zona de juegos, billar… Está muy bien situado, cerca de restaurantes y del parque volcán arenal. Los jardines son preciosos. Se respira tranquilidad. Que solo admitieran pago en efectivo.",5,Hotel Roca Negra del Arenal,alojamiento,booking,es,"La atención del personal de recepción es de 10, muy atentos y amables. Solo estuvimos dos días pero nos habríamos quedado más tiempo: tiene piscina, zona de juegos, billar… Está muy bien situado, cerca de restaurantes y del parque volcán arenal. Los jardines son preciosos. Se respira tranquilidad. Que solo admitieran pago en efectivo.",
"Las habitaciones nuevas son una pasada, el entorno del hotel es precioso y el personal muy amable. Un gusto habernos alojado allí La segunda noche cambiamos de habitación y no era de las nuevas y se notaba, aún así era muy buena",5,Hotel Roca Negra del Arenal,alojamiento,booking,es,"Las habitaciones nuevas son una pasada, el entorno del hotel es precioso y el personal muy amable. Un gusto habernos alojado allí La segunda noche cambiamos de habitación y no era de las nuevas y se notaba, aún así era muy buena",
Todo y especialmente la vista  desde la cabaña Las luces blancas en la habitación . Con una iluminación cálida sería más agradable. También estaría bien más iluminación en el espejo del baño,5,Hotel Roca Negra del Arenal,alojamiento,booking,es,Todo y especialmente la vista  desde la cabaña Las luces blancas en la habitación . Con una iluminación cálida sería más agradable. También estaría bien más iluminación en el espejo del baño,
"Excelente lugar, muchas gracias, súper recomendado Todo bien",5,Hotel Roca Negra del Arenal,alojamiento,booking,es,"Excelente lugar, muchas gracias, súper recomendado Todo bien",
"El lugar muy acogedor, limpio, habitacion y baño muy cómodos y amplios. Tenían café y agua caliente para ser utilizado siempre. La piscina y jacuzzi impecables. A una temperatura exquisita",5,Hotel Roca Negra del Arenal,alojamiento,booking,es,"El lugar muy acogedor, limpio, habitacion y baño muy cómodos y amplios. Tenían café y agua caliente para ser utilizado siempre. La piscina y jacuzzi impecables. A una temperatura exquisita",
El trato del personal. La limpieza y las camas Todo me gusto,5,Hotel Roca Negra del Arenal,alojamiento,booking,es,El trato del personal. La limpieza y las camas Todo me gusto,
El trato y la limpieza Todo me gusto,5,Hotel Roca Negra del Arenal,alojamiento,booking,es,El trato y la limpieza Todo me gusto,
Muy buena disposición del personal y hermosa habitación Todo me gustó,5,Hotel Roca Negra del Arenal,alojamiento,booking,es,Muy buena disposición del personal y hermosa habitación Todo me gustó,
"El lugar, las instalaciones y la excelente atención de su personal.",5,Hotel Roca Negra del Arenal,alojamiento,booking,es,"El lugar, las instalaciones y la excelente atención de su personal.",
"Lo amplio de la habitación, ventanales amplios, muy confortable, ropa de cama bien limpia y blanquita al igual que los paños, almohadas cómodas, aire acondicionado, TV, e internet con buen alcance para poder trabajar durante la noche o en la mañana antes de salir a la jornada laboral. Realmente no me disgustó nada… todo estuvo bastante bien. Quizá lo único uniera sido que la tarifa incluyera el desayuno como en otros hoteles de la zona con un precio similar",5,Hotel Roca Negra del Arenal,alojamiento,booking,es,"Lo amplio de la habitación, ventanales amplios, muy confortable, ropa de cama bien limpia y blanquita al igual que los paños, almohadas cómodas, aire acondicionado, TV, e internet con buen alcance para poder trabajar durante la noche o en la mañana antes de salir a la jornada laboral. Realmente no me disgustó nada… todo estuvo bastante bien. Quizá lo único uniera sido que la tarifa incluyera el desayuno como en otros hoteles de la zona con un precio similar",
Ambiente,5,Hotel Roca Negra del Arenal,alojamiento,booking,unknown,Ambiente,
"Todo estuvo muy limpio, desayuno muy rico. .",5,Hotel Roca Negra del Arenal,alojamiento,booking,es,"Todo estuvo muy limpio, desayuno muy rico. .",
La tranquilidad,5,Hotel Roca Negra del Arenal,alojamiento,booking,unknown,La tranquilidad,
"El trato de Elizabeth fue excepcional. La habitación tenía preciosas vistas al volcán, muy espaciosa. El desayuno muy rico. Recinto muy agradable. Tiene parking dentro",5,Hotel Roca Negra del Arenal,alojamiento,booking,es,"El trato de Elizabeth fue excepcional. La habitación tenía preciosas vistas al volcán, muy espaciosa. El desayuno muy rico. Recinto muy agradable. Tiene parking dentro",
"La naturaleza , la amplitud , todas las instalaciones y el jacuzzi",5,Hotel Roca Negra del Arenal,alojamiento,booking,es,"La naturaleza , la amplitud , todas las instalaciones y el jacuzzi",
La tranquilidad del lugar No había gente atendiendo en recepción cuando llegamos,5,Hotel Roca Negra del Arenal,alojamiento,booking,es,La tranquilidad del lugar No había gente atendiendo en recepción cuando llegamos,
"El alojamiento estaba de 10. Fui con mi pareja y no pudimos escoger un mejor sitio. Tranquilo, en el puro centro, precioso por dentro y las trabajadoras encantadoras. Repetiría sin duda. Si queréis ver más del Hotel, tengo un vídeo en TikTok con todos los detalles: @martacumpliido :)",5,Hotel Roca Negra del Arenal,alojamiento,booking,es,"El alojamiento estaba de 10. Fui con mi pareja y no pudimos escoger un mejor sitio. Tranquilo, en el puro centro, precioso por dentro y las trabajadoras encantadoras. Repetiría sin duda. Si queréis ver más del Hotel, tengo un vídeo en TikTok con todos los detalles: @martacumpliido :)",
"Todo, no puedo decir absolutamente nada mal de este lugar. Literalmente es increíble tanto la atención del personal, como la propia dueña como las instalaciones, la limpieza... Osea todo!! Poco de lo que os cuente se podrá comparar con que lo vivas de verdad! Invito a todo el mundo que ni se lo piense y eliga este maravilloso alojamiento. Gracias a Roca negra por tratarnos de manera tan cercana y de calidad!! Este lugar el increíble",5,Hotel Roca Negra del Arenal,alojamiento,booking,es,"Todo, no puedo decir absolutamente nada mal de este lugar. Literalmente es increíble tanto la atención del personal, como la propia dueña como las instalaciones, la limpieza... Osea todo!! Poco de lo que os cuente se podrá comparar con que lo vivas de verdad! Invito a todo el mundo que ni se lo piense y eliga este maravilloso alojamiento. Gracias a Roca negra por tratarnos de manera tan cercana y de calidad!! Este lugar el increíble",
"El complejo es encantador, repartiéndose las habitaciones en casitas desperdigadas por unos bonitos jardines. Piscina y jacuzzi muy apetecibles, además de zona de juegos (billar, futbolín) que vino muy bien. Había varios locales para comer/cenar a muy poca distancia caminando. Persona de atención en recepción encantadora. El desayuno era mejorable",5,Hotel Roca Negra del Arenal,alojamiento,booking,es,"El complejo es encantador, repartiéndose las habitaciones en casitas desperdigadas por unos bonitos jardines. Piscina y jacuzzi muy apetecibles, además de zona de juegos (billar, futbolín) que vino muy bien. Había varios locales para comer/cenar a muy poca distancia caminando. Persona de atención en recepción encantadora. El desayuno era mejorable",
"El hotel muy bonito, bellos jardines, las áreas decoradas con gusto, el hotel es acogedor y muy familiar. No ofrece restaurante, solo desayuno. Solo algunas habitaciones tienen vista al volcán. Tiene piscina y jacuzzi pero no de aguas termales. Buena seguridad, atención al cliente y ubicación.",5,Hotel Roca Negra del Arenal,alojamiento,booking,es,"El hotel muy bonito, bellos jardines, las áreas decoradas con gusto, el hotel es acogedor y muy familiar. No ofrece restaurante, solo desayuno. Solo algunas habitaciones tienen vista al volcán. Tiene piscina y jacuzzi pero no de aguas termales. Buena seguridad, atención al cliente y ubicación.",
"Todo, las habitaciones amplias y limpias. La cama King size!, la piscina el jacuzzi , el personal 10/10 Todo perfecto",5,Hotel Roca Negra del Arenal,alojamiento,booking,es,"Todo, las habitaciones amplias y limpias. La cama King size!, la piscina el jacuzzi , el personal 10/10 Todo perfecto",
"La habitación era privada, cómoda, amplia y muy bien equipada El WiFi no llegaba a la habitación 16",5,Hotel Roca Negra del Arenal,alojamiento,booking,es,"La habitación era privada, cómoda, amplia y muy bien equipada El WiFi no llegaba a la habitación 16",
"Limpio, confortable, relación calidad-precio muy buena, habitación súper amplia con gran cama. La recepcionista nos ayudó con reservas y fue realmente amable en sus sugerencias y explicaciones del funcionamiento del alojamiento,",5,Hotel Roca Negra del Arenal,alojamiento,booking,es,"Limpio, confortable, relación calidad-precio muy buena, habitación súper amplia con gran cama. La recepcionista nos ayudó con reservas y fue realmente amable en sus sugerencias y explicaciones del funcionamiento del alojamiento,",
"Habitaciones muy limpias y grandes, estuvimos 3 días , trato del personal muy agradable, todas las instalaciones muy cuidadas, piscina, sala de juegos...sin duda el mejor alojamiento que hemos tenido en nuestro viaje, cuidan el mínimo detalle , gracias por hacernos sentir como en casa.",5,Hotel Roca Negra del Arenal,alojamiento,booking,es,"Habitaciones muy limpias y grandes, estuvimos 3 días , trato del personal muy agradable, todas las instalaciones muy cuidadas, piscina, sala de juegos...sin duda el mejor alojamiento que hemos tenido en nuestro viaje, cuidan el mínimo detalle , gracias por hacernos sentir como en casa.",
"Una verdadera joya en la fortuna.
Ubicación perfecta, a pocos minutos andando del centro, pero con la relajación de estar lejos del bullicio.
Está en una finca cuidada, con fauna y flora, zonas de relax, zonas ajardinadas con vistas al volcán , mucho más bonito aun que las fotos.
El personal es muy muy muy  amable, nos sentimos como en casa, Elisabeth en especial nos acogió con un trato excepcional.
Limpieza e higiene perfecto, suelos brillantes, sábanas limpias.
Una maravilla, gracias",5,Hotel Roca Negra del Arenal,alojamiento,booking,es,"Una verdadera joya en la fortuna.
Ubicación perfecta, a pocos minutos andando del centro, pero con la relajación de estar lejos del bullicio.
Está en una finca cuidada, con fauna y flora, zonas de relax, zonas ajardinadas con vistas al volcán , mucho más bonito aun que las fotos.
El personal es muy muy muy  amable, nos sentimos como en casa, Elisabeth en especial nos acogió con un trato excepcional.
Limpieza e higiene perfecto, suelos brillantes, sábanas limpias.
Una maravilla, gracias",
"Muy bien situado, no muy lejos de entrada al parque y cerca del pueblo para poder ir a restaurantes, etc. El personal muy atento y dispuesto a ayudar.",5,Hotel Roca Negra del Arenal,alojamiento,booking,es,"Muy bien situado, no muy lejos de entrada al parque y cerca del pueblo para poder ir a restaurantes, etc. El personal muy atento y dispuesto a ayudar.",
"Absolutamente todo. Las instalaciones, la habitación, la limpieza, las camas, el cuarto de baño, las vistas al volcán... Todo en este hotel es maravilloso. Por decir algo, tan solo el tener que pagar el desayuno en efectivo, es un detalle que no encaja con el resto de este hotel.",5,Hotel Roca Negra del Arenal,alojamiento,booking,es,"Absolutamente todo. Las instalaciones, la habitación, la limpieza, las camas, el cuarto de baño, las vistas al volcán... Todo en este hotel es maravilloso. Por decir algo, tan solo el tener que pagar el desayuno en efectivo, es un detalle que no encaja con el resto de este hotel.",
"Es un lugar hermoso a las faldas del Volcán Arenal, rodeado de áreas verdes, pajaritos y muy bien ubicado, nos movilizamos a pie hacia el centro. La atención del personal es increíble, la habitación muy amplia y limpia.  Ademas pudimos disfrutar de su sendero de birdwatching y sala de juegos :).
Sin dudas uno de los mejores alojamientos donde estuvimos en Costa Rica, acogedor y con un exquisito desayuno! Nada, todo fue perfecto",5,Hotel Roca Negra del Arenal,alojamiento,booking,es,"Es un lugar hermoso a las faldas del Volcán Arenal, rodeado de áreas verdes, pajaritos y muy bien ubicado, nos movilizamos a pie hacia el centro. La atención del personal es increíble, la habitación muy amplia y limpia.  Ademas pudimos disfrutar de su sendero de birdwatching y sala de juegos :).
Sin dudas uno de los mejores alojamientos donde estuvimos en Costa Rica, acogedor y con un exquisito desayuno! Nada, todo fue perfecto",
"Destacaría la limpieza de la habitación y la comodidad, el baño está muy nuevo.
Lo lleva una familia y son muy amables, se ofrecieron a hacerlos la colada a un precio razonable. Se puede aparcar el coche dentro de la propiedad. 
También destacar el desayuno, que está muy bien.",5,Hotel Roca Negra del Arenal,alojamiento,booking,es,"Destacaría la limpieza de la habitación y la comodidad, el baño está muy nuevo.
Lo lleva una familia y son muy amables, se ofrecieron a hacerlos la colada a un precio razonable. Se puede aparcar el coche dentro de la propiedad. 
También destacar el desayuno, que está muy bien.",
"Habitación amplia, incluido el baño, personal atento y amplia zona de juegos (piscina, ping pong, billar) Solo se puede pagar en cash/efectivo o PayPal",5,Hotel Roca Negra del Arenal,alojamiento,booking,es,"Habitación amplia, incluido el baño, personal atento y amplia zona de juegos (piscina, ping pong, billar) Solo se puede pagar en cash/efectivo o PayPal",
Todo perfecto,5,Hotel Roca Negra del Arenal,alojamiento,booking,unknown,Todo perfecto,
"La piscina, el espacio común, el confort de las habitaciones",5,Hotel Roca Negra del Arenal,alojamiento,booking,es,"La piscina, el espacio común, el confort de las habitaciones",
"La atencion excelente, el lugar muy lindo y con hermosa vista al volcán, cerca del centro y de restaurantes y balnearios. Lo recomiendo.",5,Hotel Roca Negra del Arenal,alojamiento,booking,es,"La atencion excelente, el lugar muy lindo y con hermosa vista al volcán, cerca del centro y de restaurantes y balnearios. Lo recomiendo.",
"El lugar está en una ubicación privilegiada, cerca de todo. La tranquilidad de salir y entrar al hotel en cualquier momento y sin restricciones. Las zonas verdes son muy hermosas y ni hablar de los animalitos del lugar, todos bien guapos. La cama me pareció incómoda y no había muchos enchufes cerca de las camas",5,Hotel Roca Negra del Arenal,alojamiento,booking,es,"El lugar está en una ubicación privilegiada, cerca de todo. La tranquilidad de salir y entrar al hotel en cualquier momento y sin restricciones. Las zonas verdes son muy hermosas y ni hablar de los animalitos del lugar, todos bien guapos. La cama me pareció incómoda y no había muchos enchufes cerca de las camas",
"Las vistas al volcán, la zona de juegos, la habitación, los colibríes, todo al detalle",5,Hotel Roca Negra del Arenal,alojamiento,booking,es,"Las vistas al volcán, la zona de juegos, la habitación, los colibríes, todo al detalle",
"Bungalows cómodos, nuevos, amplios y con todo lo necesario.Amolio baño muy bien compartimentado. Porche muy agradable con vistas al volcán, aparcamiento al lado de tu bungalow. El wifi no funcionaba dentro del bungalow y en el porche tambien la señal era débil, es cierto que estábamos en el último bungalow.
Se oía sobre todo en la noche el ruido de la carretera débilmente.",5,Hotel Roca Negra del Arenal,alojamiento,booking,es,"Bungalows cómodos, nuevos, amplios y con todo lo necesario.Amolio baño muy bien compartimentado. Porche muy agradable con vistas al volcán, aparcamiento al lado de tu bungalow. El wifi no funcionaba dentro del bungalow y en el porche tambien la señal era débil, es cierto que estábamos en el último bungalow.
Se oía sobre todo en la noche el ruido de la carretera débilmente.",
Ubicación y atención del personal Nada,5,Hotel Roca Negra del Arenal,alojamiento,booking,es,Ubicación y atención del personal Nada,
"La cama enorme y muy comoda. Aire acondicionado, tv plana, nevera, etc. No tienes servicios de comida ni cena.",5,Hotel Roca Negra del Arenal,alojamiento,booking,es,"La cama enorme y muy comoda. Aire acondicionado, tv plana, nevera, etc. No tienes servicios de comida ni cena.",
"Muy limpio y acogedor 
Estuvimos en una cabaña  para 4 y era muy amplia 
Las camas muy cómodas
Es muy bonito el entorno y el personal muy amable Todo correcto quizás q no incluye el desayuno y hay q pagarlo a parte",5,Hotel Roca Negra del Arenal,alojamiento,booking,es,"Muy limpio y acogedor 
Estuvimos en una cabaña  para 4 y era muy amplia 
Las camas muy cómodas
Es muy bonito el entorno y el personal muy amable Todo correcto quizás q no incluye el desayuno y hay q pagarlo a parte",
La vista al volcan Olor a humedad en la habitacion,5,Hotel Roca Negra del Arenal,alojamiento,booking,es,La vista al volcan Olor a humedad en la habitacion,
"El personal de hotel nos trató muy bien, el hotel está súper cuidado, en un entorno maravilloso y con un estilo acorde a la zona. Impresionantes vistas del Volcán Arenal Aunque las habitaciones tienen aire acondicionado que funciona perfectamente. Un ventilador de techo vendría muy bien",5,Hotel Roca Negra del Arenal,alojamiento,booking,es,"El personal de hotel nos trató muy bien, el hotel está súper cuidado, en un entorno maravilloso y con un estilo acorde a la zona. Impresionantes vistas del Volcán Arenal Aunque las habitaciones tienen aire acondicionado que funciona perfectamente. Un ventilador de techo vendría muy bien",
"Piscina muy linda con jacuzzi
Desayuno muy rico (pagando aparte)
Cafe y te de cortesia a la tarde
Quincho con vajilla de uso comun
Vista genial
Habitacion comoda con espacio afuera con silloncitos y hamaca Todo ok",5,Hotel Roca Negra del Arenal,alojamiento,booking,es,"Piscina muy linda con jacuzzi
Desayuno muy rico (pagando aparte)
Cafe y te de cortesia a la tarde
Quincho con vajilla de uso comun
Vista genial
Habitacion comoda con espacio afuera con silloncitos y hamaca Todo ok",
Vistas.intimidad.jacuzzi.dos camas Que hay que pagar todo en efectivo,5,Hotel Roca Negra del Arenal,alojamiento,booking,es,Vistas.intimidad.jacuzzi.dos camas Que hay que pagar todo en efectivo,
Jardines y ubicacion. Vista al volcan. Tener que irme,5,Hotel Roca Negra del Arenal,alojamiento,booking,es,Jardines y ubicacion. Vista al volcan. Tener que irme,
"Vistas, instalaciones y atención personal El ruido de la nevera de la habitación",5,Hotel Roca Negra del Arenal,alojamiento,booking,es,"Vistas, instalaciones y atención personal El ruido de la nevera de la habitación",
Excelente ubicación Que no tuviera el servicio para almuerzos y cenas,5,Hotel Roca Negra del Arenal,alojamiento,booking,es,Excelente ubicación Que no tuviera el servicio para almuerzos y cenas,
"El hotel es increíble.
Todo cuidado al minimo detalle y lleno de vegetación y animales.
El personal super atento, sobretodo Dunia que nos ayudo en todo momento.
Las vistas inigualables,super recomendable.",5,Hotel Roca Negra del Arenal,alojamiento,booking,es,"El hotel es increíble.
Todo cuidado al minimo detalle y lleno de vegetación y animales.
El personal super atento, sobretodo Dunia que nos ayudo en todo momento.
Las vistas inigualables,super recomendable.",
"Tamaño muy grande de la habitación con la plaza de aparcamiento a la puerta. Múltiples colibríes por todos lados, personal muy simpático Los espejos del baño están colgados muy bajos, si eres alto tienes que agacharte para verte la cara. Echamos en falta bollería en el desayuno tipo croissant, magdalenas o bizcocho",5,Hotel Roca Negra del Arenal,alojamiento,booking,es,"Tamaño muy grande de la habitación con la plaza de aparcamiento a la puerta. Múltiples colibríes por todos lados, personal muy simpático Los espejos del baño están colgados muy bajos, si eres alto tienes que agacharte para verte la cara. Echamos en falta bollería en el desayuno tipo croissant, magdalenas o bizcocho",
"la cabaña  q me quedé espectacular, con vista la volcan y la vegetación muy bien cuidada que no me quedé más días jajaja",5,Hotel Roca Negra del Arenal,alojamiento,booking,es,"la cabaña  q me quedé espectacular, con vista la volcan y la vegetación muy bien cuidada que no me quedé más días jajaja",
Lugar y ubicación Q no vendan comidas,5,Hotel Roca Negra del Arenal,alojamiento,booking,es,Lugar y ubicación Q no vendan comidas,
"Buenas habitaciones e instalaciones en general. 
Excelente atención de su personal Ruido de carretera en sector de piscina y comedor",5,Hotel Roca Negra del Arenal,alojamiento,booking,es,"Buenas habitaciones e instalaciones en general. 
Excelente atención de su personal Ruido de carretera en sector de piscina y comedor",
"El lugar muy lindo, tranquilo, limpio con mucha naturaleza al rededor. Está muy cerca del centro de la la fortuna por lo que puedes ir a disfrutar del montón de ofertas gastronómicas que ofrece el lugar. El personal es muy amable y servicial.",5,Hotel Roca Negra del Arenal,alojamiento,booking,es,"El lugar muy lindo, tranquilo, limpio con mucha naturaleza al rededor. Está muy cerca del centro de la la fortuna por lo que puedes ir a disfrutar del montón de ofertas gastronómicas que ofrece el lugar. El personal es muy amable y servicial.",
Divino,5,Hotel Roca Negra del Arenal,alojamiento,booking,unknown,Divino,
"Me encantó la atención del personal, la habitación grande , el baño tenía shampoo y jabon líquidos de buena calidad. La cama super cómoda. Las sillas mesedoras y hamaca de lujo, la privacidad de las habitaciones ya que están separadas y que cuentan con su propio parqueo. Realmente no hubo nada que hiciera quedar mal este alojamiento. Ah y la vista de la habitación qué me tocó hacia en volcan estuvo 10000 /10 Quizá sería bueno que en cada habitación haya estación de café /tes ya que estaba lejos de la zona de te que ofrecen para los huéspedes 🙏 por decir algo.",5,Hotel Roca Negra del Arenal,alojamiento,booking,es,"Me encantó la atención del personal, la habitación grande , el baño tenía shampoo y jabon líquidos de buena calidad. La cama super cómoda. Las sillas mesedoras y hamaca de lujo, la privacidad de las habitaciones ya que están separadas y que cuentan con su propio parqueo. Realmente no hubo nada que hiciera quedar mal este alojamiento. Ah y la vista de la habitación qué me tocó hacia en volcan estuvo 10000 /10 Quizá sería bueno que en cada habitación haya estación de café /tes ya que estaba lejos de la zona de te que ofrecen para los huéspedes  por decir algo.",🙏
"Las cabañas son muy comodas, tranquilas y muy espaciosas. La atención de los empleados y forma de ayudar fue satisfactorio. La limpieza estuvo muy bien. Las chicas de la cocina (desayuno)muy atentas hasta me cantaron el día de mi cumpleaños. No aceptan tarjeta de crédito. Solo efectivo o PayPal.",5,Hotel Roca Negra del Arenal,alojamiento,booking,es,"Las cabañas son muy comodas, tranquilas y muy espaciosas. La atención de los empleados y forma de ayudar fue satisfactorio. La limpieza estuvo muy bien. Las chicas de la cocina (desayuno)muy atentas hasta me cantaron el día de mi cumpleaños. No aceptan tarjeta de crédito. Solo efectivo o PayPal.",
Todas las instalaciones en perfecto estado y la combinación de la naturaleza y las habitaciones ya que lo hacen muy privado e ideal para el descanso Realmente todo del hotel me gusto,5,Hotel Roca Negra del Arenal,alojamiento,booking,es,Todas las instalaciones en perfecto estado y la combinación de la naturaleza y las habitaciones ya que lo hacen muy privado e ideal para el descanso Realmente todo del hotel me gusto,
"Es un sitio precioso con una atención de 10. Nos hicieron sentir como en casa y nos proporcionaron todo lo que necesitábamos. Al llegar por la noche nos tenían preparado hasta el jacuzzi, vamos trato de 10. El desayuno también espectacular. Por ponerle un pero, nos hubiera gustado que tuvieran servicio de cenas para poder disfrutar más de las instalaciones sin tener que salir.",5,Hotel Roca Negra del Arenal,alojamiento,booking,es,"Es un sitio precioso con una atención de 10. Nos hicieron sentir como en casa y nos proporcionaron todo lo que necesitábamos. Al llegar por la noche nos tenían preparado hasta el jacuzzi, vamos trato de 10. El desayuno también espectacular. Por ponerle un pero, nos hubiera gustado que tuvieran servicio de cenas para poder disfrutar más de las instalaciones sin tener que salir.",
todo en general Que haya que pagar en efectivo cuando en todos sitios admiten ya tarjeta,5,Hotel Roca Negra del Arenal,alojamiento,booking,es,todo en general Que haya que pagar en efectivo cuando en todos sitios admiten ya tarjeta,
"Excelente lugar, bien cuidado y atendido. La conexión de wifi",5,Hotel Roca Negra del Arenal,alojamiento,booking,es,"Excelente lugar, bien cuidado y atendido. La conexión de wifi",
"Habitación. 
Exteriores muy cuidados.",5,Hotel Roca Negra del Arenal,alojamiento,booking,es,"Habitación. 
Exteriores muy cuidados.",
"Excepcional, excelente atención. Eugenia siempre dispuesta a responder las inquietudes. Las instalaciones son muy confortables y el entorno más bello que las publicadas.",5,Hotel Roca Negra del Arenal,alojamiento,booking,es,"Excepcional, excelente atención. Eugenia siempre dispuesta a responder las inquietudes. Las instalaciones son muy confortables y el entorno más bello que las publicadas.",
Su ubicación y la atención del personal Nada,5,Hotel Roca Negra del Arenal,alojamiento,booking,es,Su ubicación y la atención del personal Nada,
"Me gustó el jacuzzi y las vistas al volcan desde jardin Me gustaría más arreglado, un poco dejado en general",5,Hotel Roca Negra del Arenal,alojamiento,booking,es,"Me gustó el jacuzzi y las vistas al volcan desde jardin Me gustaría más arreglado, un poco dejado en general",
"La habitación muy bonita, limpia y cómoda.  El entorno maravilloso, pero sobre todo destacar la amabilidad de las chicas de la recepción. Nos ayudaron en todo, a contratar transporte para el día siguiente, con las entradas de las termas, en fin lo que pidiéramos. Todo perfecto",5,Hotel Roca Negra del Arenal,alojamiento,booking,es,"La habitación muy bonita, limpia y cómoda.  El entorno maravilloso, pero sobre todo destacar la amabilidad de las chicas de la recepción. Nos ayudaron en todo, a contratar transporte para el día siguiente, con las entradas de las termas, en fin lo que pidiéramos. Todo perfecto",
"Realmente bonito, limpio y 💚 verde
La atención muy buena y cálida
Si volvería El desayuno",5,Hotel Roca Negra del Arenal,alojamiento,booking,es,"Realmente bonito, limpio y  verde
La atención muy buena y cálida
Si volvería El desayuno",💚
Instalaciones,5,Hotel Roca Negra del Arenal,alojamiento,booking,unknown,Instalaciones,
"El complejo es precioso, rebosante de vegetación y con unas vistas al volcán Arenal increíbles. La piscina y el jacuzzi son una maravilla! 
Los bungalows son muy agradables, de buen tamaño y en el baño resulta bastante práctico que el inodoro esté separado.",5,Hotel Roca Negra del Arenal,alojamiento,booking,es,"El complejo es precioso, rebosante de vegetación y con unas vistas al volcán Arenal increíbles. La piscina y el jacuzzi son una maravilla! 
Los bungalows son muy agradables, de buen tamaño y en el baño resulta bastante práctico que el inodoro esté separado.",
"Todo. Es un lugar maravilloso. Jardín muy cuidado con muchas flores y colibrís. La cabaña está bien equipada y cuidada. Las camas son cómodas. Ducha caliente con buena presión. Hay conexión wifi en todo el reciento. Y terminar el día con un baño en el jacuzzi calentito, es una gran experiencia. Volveríamos sin dudarlo.
Sin tener que coger coche hay acceso a algunos restaurantes y tiendas.
También destacar la gran atención recibida por parte de Elisa y todo el equipo. Desayuno fantástico y recién hecho. Quizás que no tiene restaurante para cenar. Y le añadiríamos una cortina o mampara a la ducha. Aún así, la experiencia fue de 10.",5,Hotel Roca Negra del Arenal,alojamiento,booking,es,"Todo. Es un lugar maravilloso. Jardín muy cuidado con muchas flores y colibrís. La cabaña está bien equipada y cuidada. Las camas son cómodas. Ducha caliente con buena presión. Hay conexión wifi en todo el reciento. Y terminar el día con un baño en el jacuzzi calentito, es una gran experiencia. Volveríamos sin dudarlo.
Sin tener que coger coche hay acceso a algunos restaurantes y tiendas.
También destacar la gran atención recibida por parte de Elisa y todo el equipo. Desayuno fantástico y recién hecho. Quizás que no tiene restaurante para cenar. Y le añadiríamos una cortina o mampara a la ducha. Aún así, la experiencia fue de 10.",
Los juegos que tenia junto a la piscina WiFi...,5,Hotel Roca Negra del Arenal,alojamiento,booking,es,Los juegos que tenia junto a la piscina WiFi...,
"La verdad quede encantado con el Hotel.
El personal muy amable y ni hablar de las instalaciones que esta rodeado de naturaleza. Deberían tener servicio de comida de almuerzo y cena",5,Hotel Roca Negra del Arenal,alojamiento,booking,es,"La verdad quede encantado con el Hotel.
El personal muy amable y ni hablar de las instalaciones que esta rodeado de naturaleza. Deberían tener servicio de comida de almuerzo y cena",
"El buen rollo y la tranquilidad que se percibía en ese hotel. Está situado a mitad camino en la carretera y es cómodo sino para desplazarse incluso andando porque tiene restaurantes buenos alrededor. A un camino corto del volcán y las termas. La recepción fue súper divertida. Llegamos cansados y la persona que nos atendio, nos recibió con muchísima alegría y se notaba su intención de ahcermls sentir cómodos. Hasta nos bailó cantando una canción! Las habitaciones no son del todo modernas. Muy tradicionales pero espaciosas.",5,Hotel Roca Negra del Arenal,alojamiento,booking,es,"El buen rollo y la tranquilidad que se percibía en ese hotel. Está situado a mitad camino en la carretera y es cómodo sino para desplazarse incluso andando porque tiene restaurantes buenos alrededor. A un camino corto del volcán y las termas. La recepción fue súper divertida. Llegamos cansados y la persona que nos atendio, nos recibió con muchísima alegría y se notaba su intención de ahcermls sentir cómodos. Hasta nos bailó cantando una canción! Las habitaciones no son del todo modernas. Muy tradicionales pero espaciosas.",
"Excelente instalaciones, habitación amplia, camas muy cómodas el baño es excepcional cómodo amplio y moderno. Los jardines muy bien cuidados, suficientes implementos de aseo toalla y jabón. Piscina y área de juegos muy bien y el premio el jacuzzi.",5,Hotel Roca Negra del Arenal,alojamiento,booking,es,"Excelente instalaciones, habitación amplia, camas muy cómodas el baño es excepcional cómodo amplio y moderno. Los jardines muy bien cuidados, suficientes implementos de aseo toalla y jabón. Piscina y área de juegos muy bien y el premio el jacuzzi.",
"Es un hotel precioso, tiene vista directa al Volcán Arenal, sus habitaciones tienen estilo como de cabaña con una entrada que ofrece cierto sentido de privacidad. Tiene mucha área verde, con plantas hermosas, un jardín muy cuidado y que permite el avistamiento de especies animales propias del país. Las habitaciones son muy bonitas, el baños también, se encuentra todo muy limpio y su personal es de lo más agradable, resuelven dudas, son muy amigables. Cuenta con área de té, en donde los huéspedes pueden sentarse jugar juegos me mesa o platicar mientras toman café o té, cortesía del hotel. Cuenta con alberca y tina de hidromasaje, también con un área para descansar y jugar. No le cambiaría nada, es perfecto :)",5,Hotel Roca Negra del Arenal,alojamiento,booking,es,"Es un hotel precioso, tiene vista directa al Volcán Arenal, sus habitaciones tienen estilo como de cabaña con una entrada que ofrece cierto sentido de privacidad. Tiene mucha área verde, con plantas hermosas, un jardín muy cuidado y que permite el avistamiento de especies animales propias del país. Las habitaciones son muy bonitas, el baños también, se encuentra todo muy limpio y su personal es de lo más agradable, resuelven dudas, son muy amigables. Cuenta con área de té, en donde los huéspedes pueden sentarse jugar juegos me mesa o platicar mientras toman café o té, cortesía del hotel. Cuenta con alberca y tina de hidromasaje, también con un área para descansar y jugar. No le cambiaría nada, es perfecto :)",
"Nos ha gustado todo, las instalaciones impresionantes, las vistas aunque no tuvimos suerte por estar el volcán cubierto son espectaculares, la habitación preciosa y espaciosa. La posibilidad de pagar con tarjeta y que no se informa ni por parte del alojamiento ni Booking que la moneda para pagar tiene que ser o Colones o Dolares, no se aceptan Euros",5,Hotel Roca Negra del Arenal,alojamiento,booking,es,"Nos ha gustado todo, las instalaciones impresionantes, las vistas aunque no tuvimos suerte por estar el volcán cubierto son espectaculares, la habitación preciosa y espaciosa. La posibilidad de pagar con tarjeta y que no se informa ni por parte del alojamiento ni Booking que la moneda para pagar tiene que ser o Colones o Dolares, no se aceptan Euros",
Maravilloso jardín repleto de colibrís y aves de colores. Buena atención por parte de Eugenia y Elisabeth. Fueron muy amables y nos facilitaron mucho la estancia. Muy recomendable,5,Hotel Roca Negra del Arenal,alojamiento,booking,es,Maravilloso jardín repleto de colibrís y aves de colores. Buena atención por parte de Eugenia y Elisabeth. Fueron muy amables y nos facilitaron mucho la estancia. Muy recomendable,
"Una localización espectacular, con unas vistas al volcán inmejorable. Habitaciones tipo casitas individuales con terraza individual. No habia opción de desayuno porque estaban de vaciones. Como al alternativa cafe ( sin leche) y té para autoservicio.",5,Hotel Roca Negra del Arenal,alojamiento,booking,es,"Una localización espectacular, con unas vistas al volcán inmejorable. Habitaciones tipo casitas individuales con terraza individual. No habia opción de desayuno porque estaban de vaciones. Como al alternativa cafe ( sin leche) y té para autoservicio.",
"Cómoda habitación con aire acondicionado, muy lindo Se notaba un poco forzado la disponibilidad de la señorita de recepción",5,Hotel Roca Negra del Arenal,alojamiento,booking,es,"Cómoda habitación con aire acondicionado, muy lindo Se notaba un poco forzado la disponibilidad de la señorita de recepción",
El mejor alojamiento en el que me he quedado en Costa Rica. El wifi de la piscina no funcionaba muy bien.,5,Hotel Roca Negra del Arenal,alojamiento,booking,es,El mejor alojamiento en el que me he quedado en Costa Rica. El wifi de la piscina no funcionaba muy bien.,
"Los alrededores de la casita de madera que nos dieron. La privacidad y las vistas al volcán . Habitación amplia y bonita con porche privado.
La atención de María Eugenia un 10, nos hizo sentir cómodos y como en casa. Que no se pueda pagar con tarjeta y sólo sea en efectivo. Lo bueno es q nos facilito como resolverlo.",5,Hotel Roca Negra del Arenal,alojamiento,booking,es,"Los alrededores de la casita de madera que nos dieron. La privacidad y las vistas al volcán . Habitación amplia y bonita con porche privado.
La atención de María Eugenia un 10, nos hizo sentir cómodos y como en casa. Que no se pueda pagar con tarjeta y sólo sea en efectivo. Lo bueno es q nos facilito como resolverlo.",
La amabilidad del personal y lo bien cuidado que tenían todo. Nada. Todo estaba perfecto,5,Hotel Roca Negra del Arenal,alojamiento,booking,es,La amabilidad del personal y lo bien cuidado que tenían todo. Nada. Todo estaba perfecto,
"Las habitaciones eran grandes, cómodas, limpias y con unas vistas estupendas. El resto de instalaciones también fueron buenas sobre todo la piscina y el jacuzzi. Pero lo que cabe destacar es la atención de Eugenia que hizo que la estancia mejorara más si cabe.",5,Hotel Roca Negra del Arenal,alojamiento,booking,es,"Las habitaciones eran grandes, cómodas, limpias y con unas vistas estupendas. El resto de instalaciones también fueron buenas sobre todo la piscina y el jacuzzi. Pero lo que cabe destacar es la atención de Eugenia que hizo que la estancia mejorara más si cabe.",
"La atención por parte de Doña Eugenia fue excelente. Las instalaciones estan muy bonitas. La calidad relación precio es muy buena y el lugar está muy cerca del centro y de otras termales.
A pesar que el lugar no cuenta con termales, tiene una piscina muy bonita y un área de juegos Super linda con mesa billar y con ping pong. La habitación era muy grande, estaba limpia y el baño estaba muy bonito y ampio. Nada. Todo excelente.",5,Hotel Roca Negra del Arenal,alojamiento,booking,es,"La atención por parte de Doña Eugenia fue excelente. Las instalaciones estan muy bonitas. La calidad relación precio es muy buena y el lugar está muy cerca del centro y de otras termales.
A pesar que el lugar no cuenta con termales, tiene una piscina muy bonita y un área de juegos Super linda con mesa billar y con ping pong. La habitación era muy grande, estaba limpia y el baño estaba muy bonito y ampio. Nada. Todo excelente.",
"La ubicación del alojamiento es estupenda, muy cerca de todos los servicios del pueblo y con vistas al volcán. El hotel es simplemente inmejorable, increíbles instalaciones y habitaciones muy amplias, limpias y cómodas. El servicio del personal es muy cercano y amable, estuvimos conversando y nos contaban curiosidades sobre el país y la zona. Nos ofrecieron el baño en el jacuzzi para relajarnos y fue alucinante.",5,Hotel Roca Negra del Arenal,alojamiento,booking,es,"La ubicación del alojamiento es estupenda, muy cerca de todos los servicios del pueblo y con vistas al volcán. El hotel es simplemente inmejorable, increíbles instalaciones y habitaciones muy amplias, limpias y cómodas. El servicio del personal es muy cercano y amable, estuvimos conversando y nos contaban curiosidades sobre el país y la zona. Nos ofrecieron el baño en el jacuzzi para relajarnos y fue alucinante.",
"Un lugar acogedor, tranquilo y excelente para descansar",5,Hotel Roca Negra del Arenal,alojamiento,booking,es,"Un lugar acogedor, tranquilo y excelente para descansar",
"Nos gusto todo. Nos ofrecieron otro alojamiento de categoría superior porque en el nuestro quizá notaríamos demasiado ruido de las casas cercanas.
El personal muy amable. 
Para tardes lluviosas viene muy bien el espacio conjunto con billar, Ping pong, etc.",5,Hotel Roca Negra del Arenal,alojamiento,booking,es,"Nos gusto todo. Nos ofrecieron otro alojamiento de categoría superior porque en el nuestro quizá notaríamos demasiado ruido de las casas cercanas.
El personal muy amable. 
Para tardes lluviosas viene muy bien el espacio conjunto con billar, Ping pong, etc.",
"Me encantó el hotel, supero mis expectativas. La habitación muy cómoda y linda y el establecimiento en general, hermoso. El personal de 10, particularmente Eugenia que me ayudó en todo lo que necesité",5,Hotel Roca Negra del Arenal,alojamiento,booking,es,"Me encantó el hotel, supero mis expectativas. La habitación muy cómoda y linda y el establecimiento en general, hermoso. El personal de 10, particularmente Eugenia que me ayudó en todo lo que necesité",
"Muy buen servicio y buena ubicación Hay pocas facilidades en las instalaciones,  sin embargo la relación  con respecto al precio  está  bastante  bien.  Recomendación, cambiar el proveedores de televisión ya que la oferta de canales es muy limitada.",5,Hotel Roca Negra del Arenal,alojamiento,booking,es,"Muy buen servicio y buena ubicación Hay pocas facilidades en las instalaciones,  sin embargo la relación  con respecto al precio  está  bastante  bien.  Recomendación, cambiar el proveedores de televisión ya que la oferta de canales es muy limitada.",
Las instalaciones y la limpieza,5,Hotel Roca Negra del Arenal,alojamiento,booking,es,Las instalaciones y la limpieza,
El lugar tiene muchos espacios comunes y zonas verdes hermosas 😍 Todo estuvo perfecto,5,Hotel Roca Negra del Arenal,alojamiento,booking,es,El lugar tiene muchos espacios comunes y zonas verdes hermosas  Todo estuvo perfecto,😍
El jardín es hermoso.,5,Hotel Roca Negra del Arenal,alojamiento,booking,es,El jardín es hermoso.,
"Está cerca a todo, desde la habitación se puede ver el volcán y todo está rodeado de naturaleza y animales hermoso. Un lugar donde me encantaría volver con mis padres. Gracias Eugenia por hacer nuestra estancia Tan especial!",5,Hotel Roca Negra del Arenal,alojamiento,booking,es,"Está cerca a todo, desde la habitación se puede ver el volcán y todo está rodeado de naturaleza y animales hermoso. Un lugar donde me encantaría volver con mis padres. Gracias Eugenia por hacer nuestra estancia Tan especial!",
"La ubicación muy buena, cerca del Parque Nacional, en lugar tranquilo para poder descansar pero con muchos restaurantes cerca. 
La habitación espectacular, muy grande, nueva, con vistas increíbles al volcan Arenal. Además el WiFi funcionaba muy bien en todo el hotel.  
Las zonas comunes muy buenas. 
La persona de recepción encantadora y muy simpática, nos atendió genial. Nada! Fue todo genial.",5,Hotel Roca Negra del Arenal,alojamiento,booking,es,"La ubicación muy buena, cerca del Parque Nacional, en lugar tranquilo para poder descansar pero con muchos restaurantes cerca. 
La habitación espectacular, muy grande, nueva, con vistas increíbles al volcan Arenal. Además el WiFi funcionaba muy bien en todo el hotel.  
Las zonas comunes muy buenas. 
La persona de recepción encantadora y muy simpática, nos atendió genial. Nada! Fue todo genial.",
"Nos gustó todo y especialmente el trato excepcional  de Elisabeth, estaba en cada momento y nos hizo muy buenas recomendaciones. Nada",5,Hotel Roca Negra del Arenal,alojamiento,booking,es,"Nos gustó todo y especialmente el trato excepcional  de Elisabeth, estaba en cada momento y nos hizo muy buenas recomendaciones. Nada",
"Es perfecto, la intimidad de cada apartamento, la limpieza, cama increíble, la piscina, rodeados de naturaleza. El trato es super amable en todo momento. Y buena relación calidad precio. Super recomendable.",5,Hotel Roca Negra del Arenal,alojamiento,booking,es,"Es perfecto, la intimidad de cada apartamento, la limpieza, cama increíble, la piscina, rodeados de naturaleza. El trato es super amable en todo momento. Y buena relación calidad precio. Super recomendable.",
"La piscina , la ubicación o lo bien que estaba cuidado el recinto. Nada",5,Hotel Roca Negra del Arenal,alojamiento,booking,es,"La piscina , la ubicación o lo bien que estaba cuidado el recinto. Nada",
"- El trato de Elizabeth fue estupendo. Nos recomendó muchas cosas con muy buen criterio, y ha dado un plus a nuestra estancia

-sala de juegos piscina y jacuzzi

- la cama y almohadas 

- la ducha

- el porche privado",5,Hotel Roca Negra del Arenal,alojamiento,booking,es,"- El trato de Elizabeth fue estupendo. Nos recomendó muchas cosas con muy buen criterio, y ha dado un plus a nuestra estancia

-sala de juegos piscina y jacuzzi

- la cama y almohadas 

- la ducha

- el porche privado",
"Ernesto el propietario, fue sumamente amable y nos atendio fenomenal.",5,Hotel Roca Negra del Arenal,alojamiento,booking,es,"Ernesto el propietario, fue sumamente amable y nos atendio fenomenal.",
Nos encantó el lugar y las instalaciones. Con una ubicación perfecta y el personal muy amable. La nevera no estaba operativa.,5,Hotel Roca Negra del Arenal,alojamiento,booking,es,Nos encantó el lugar y las instalaciones. Con una ubicación perfecta y el personal muy amable. La nevera no estaba operativa.,
"Las habitaciones son bonitas, grandes y limpias. Tiene una ubicación muy buena y la piscina es agradable. Le falta un bar para poder tomar algún cocktail o refresco. Todo hay que pagarlo en cash lo que obliga a llevar mucho efectivo encima.",5,Hotel Roca Negra del Arenal,alojamiento,booking,es,"Las habitaciones son bonitas, grandes y limpias. Tiene una ubicación muy buena y la piscina es agradable. Le falta un bar para poder tomar algún cocktail o refresco. Todo hay que pagarlo en cash lo que obliga a llevar mucho efectivo encima.",
Habitaciones muy limpias y camas muy cómodas,5,Hotel Roca Negra del Arenal,alojamiento,booking,es,Habitaciones muy limpias y camas muy cómodas,
"La habitacion estaba bien, la cama era enorme!! y super comoda, la nevera funcionaba perfectamente y el baño genial tambien. Con una terracita en la entrada, perfecta con vistar al volcan!! el lugar perfecto. El precio, un poco caro, para que no entrara desayuno, y la habitacion en si, es muy pequeña, no habia casi hueco para poner las maletas. Otro punto negativo que hay que tener en cuenta, es que hay que pagar en efectivo al llegar alli, en colones o dolares...y el cambio a colones no es muy bueno. (lo especifican)",5,Hotel Roca Negra del Arenal,alojamiento,booking,es,"La habitacion estaba bien, la cama era enorme!! y super comoda, la nevera funcionaba perfectamente y el baño genial tambien. Con una terracita en la entrada, perfecta con vistar al volcan!! el lugar perfecto. El precio, un poco caro, para que no entrara desayuno, y la habitacion en si, es muy pequeña, no habia casi hueco para poner las maletas. Otro punto negativo que hay que tener en cuenta, es que hay que pagar en efectivo al llegar alli, en colones o dolares...y el cambio a colones no es muy bueno. (lo especifican)",
El hotel tiene excelente ubicación. Falta de comunicación en lo que me indicaba booking y lo que me indicaron en el hotel. Seguí las instrucciones de booking y el personal me indicó que lo enviado por booking no era correcto. Personal no cumplió las expectativas de atención esperado. Un cuarto se mojaba se le indicó y no hicieron nada al respecto.,3,Hotel Roca Negra del Arenal,alojamiento,booking,es,El hotel tiene excelente ubicación. Falta de comunicación en lo que me indicaba booking y lo que me indicaron en el hotel. Seguí las instrucciones de booking y el personal me indicó que lo enviado por booking no era correcto. Personal no cumplió las expectativas de atención esperado. Un cuarto se mojaba se le indicó y no hicieron nada al respecto.,
El precio de booking no fue el que me pidieron abonar al llegar.,1,Hotel Roca Negra del Arenal,alojamiento,booking,es,El precio de booking no fue el que me pidieron abonar al llegar.,
"La ubicación es muy estratégica El aire acondicionado de la habitación no enfriaba bien, y la recepcionista era muy tediosa",3,Hotel Roca Negra del Arenal,alojamiento,booking,es,"La ubicación es muy estratégica El aire acondicionado de la habitación no enfriaba bien, y la recepcionista era muy tediosa",
No había tv,4,Hotel Roca Negra del Arenal,alojamiento,booking,vi,No había tv,
"El lugar con aves de diferentes especies, la pileta aunque la usamos poco. no tiene desayuno incluido y debe ser pago en efectivo como tambien la estadia, una noche nos invadieron gran cantidad de hormigas en la cama donde tuvimos que bañarnos y lavar la ropa, no nos cambiaron de habitacion para darnos tranquilidad.",3,Hotel Roca Negra del Arenal,alojamiento,booking,es,"El lugar con aves de diferentes especies, la pileta aunque la usamos poco. no tiene desayuno incluido y debe ser pago en efectivo como tambien la estadia, una noche nos invadieron gran cantidad de hormigas en la cama donde tuvimos que bañarnos y lavar la ropa, no nos cambiaron de habitacion para darnos tranquilidad.",
La ubicación sin duda es excelente.,4,Hotel Roca Negra del Arenal,alojamiento,booking,es,La ubicación sin duda es excelente.,
El paisaje solamente La linpiesa alberca niel desayuno,3,Hotel Roca Negra del Arenal,alojamiento,booking,es,El paisaje solamente La linpiesa alberca niel desayuno,
La piscina del hotel estaba muy bien y el hotel quedaba relativamente cerca del centro del pueblo. El lavabo era pequeño y con poca luz.,4,Hotel Roca Negra del Arenal,alojamiento,booking,es,La piscina del hotel estaba muy bien y el hotel quedaba relativamente cerca del centro del pueblo. El lavabo era pequeño y con poca luz.,
"Lots to keep the kids entertained, with the swimming pool and jacuzzi area, pool table and table tennis. Had a lovely stay, thanks team Nothing",5,Hotel Roca Negra del Arenal,alojamiento,booking,en,"Hay mucho para entretener a los niños, con piscina y área de jacuzzi, mesa de billar y tenis de mesa. Tuve una estancia maravillosa, gracias equipo. Nada.",
"A real gem! We stayed in a large king size room with a wonderful porch, complete with rocking chairs and a hammock, overlooking the beautiful gardens. The pool area was perfect at the end of the day and our teenagers loved the games area. A really wonderful experience. Nothing!",5,Hotel Roca Negra del Arenal,alojamiento,booking,en,"¡Una verdadera joya! Nos alojamos en una habitación grande de tamaño king con un maravilloso porche, completo con mecedoras y una hamaca, con vistas a los hermosos jardines. La zona de la piscina era perfecta al final del día y a nuestros adolescentes les encantó la zona de juegos. Una experiencia realmente maravillosa. ¡Nada!",
"Breakfast was great, really good.  Reception staff friendly and welcoming.  Very good value for money.",5,Hotel Roca Negra del Arenal,alojamiento,booking,en,"El desayuno era genial, realmente bueno.  El personal de recepción es amable y acogedor.  Muy buena relación calidad-precio.",
"Free coffee, privacy of room, ac and bathroom The turf was kinda gross",5,Hotel Roca Negra del Arenal,alojamiento,booking,en,"Café gratis, privacidad de la habitación, aire acondicionado y baño. El césped era un poco asqueroso.",
"Clean room, great view of the volcano from the room. Overall the breakfast was good but could be better.",5,Hotel Roca Negra del Arenal,alojamiento,booking,en,"Habitación limpia, gran vista del volcán desde la habitación. En general el desayuno estuvo bien pero podría ser mejor.",
"The view of Arenal Volcano from our room was amazing. We loved watching the hummingbirds in the garden, and the entire property was beautifully maintained and thoughtfully organized to make our stay comfortable. We enjoyed the ping-pong table, pool table, and the complimentary coffee and tea in the common area. The staff were exceptionally friendly, and our daughter especially loved visiting the mini farm on the hotel grounds. The hotel is also conveniently located near many attractions, restaurants, and tour departure points. The jacuzzi wasn't quite warm enough for my taste, although my 9-year-old daughter actually preferred the temperature. The resident peacocks could be a bit noisy from time to time.",5,Hotel Roca Negra del Arenal,alojamiento,booking,en,"La vista del Volcán Arenal desde nuestra habitación era increíble. Nos encantó observar los colibríes en el jardín, y toda la propiedad estaba hermosamente mantenida y cuidadosamente organizada para que nuestra estadía fuera cómoda. Disfrutamos de la mesa de ping-pong, la mesa de billar y el café y té de cortesía en el área común. El personal fue excepcionalmente amable y a nuestra hija le encantó especialmente visitar la mini granja en los terrenos del hotel. El hotel también está convenientemente ubicado cerca de muchas atracciones, restaurantes y puntos de partida de excursiones. El jacuzzi no estaba lo suficientemente caliente para mi gusto, aunque mi hija de 9 años prefería la temperatura. Los pavos reales residentes pueden hacer un poco de ruido de vez en cuando.",
This is a great spot just outside the main strip in La Fortuna. We loved the lush gardens and the walking paths on the hotel grounds. You can tell a lot of thought went into designing this place. The staff was exceptionally helpful. We also loved the various animals that live on the property. The pool was great for an afternoon swim. You can book excursions through the front desk. Great view of the volcano on a clear day. The property is very secure. We loved sitting on the porch of our cabana and watching the afternoon rain. Easy walk to everything in La Fortuna. The breakfast severed at the hotel is great and Red Frog Coffee just down the street is another great breakfast option.,5,Hotel Roca Negra del Arenal,alojamiento,booking,en,Este es un gran lugar a las afueras de la avenida principal de La Fortuna. Nos encantaron los exuberantes jardines y los senderos para caminar en los terrenos del hotel. Se nota que se pensó mucho en diseñar este lugar. El personal fue excepcionalmente servicial. También nos encantaron los distintos animales que viven en la propiedad. La piscina era genial para nadar por la tarde. Puede reservar excursiones a través de la recepción. Gran vista del volcán en un día despejado. La propiedad es muy segura. Nos encantaba sentarnos en el porche de nuestra cabaña y contemplar la lluvia de la tarde. Fácil acceso a pie a todo en La Fortuna. El desayuno servido en el hotel es excelente y Red Frog Coffee justo al final de la calle es otra excelente opción de desayuno.,
Great location. Great staff and customer service!,5,Hotel Roca Negra del Arenal,alojamiento,booking,en,Excelente ubicación. ¡Excelente personal y servicio al cliente!,
"Everything . the receptionist the best . she guided us through our stay .  Location super convenient to all the best parks and attractions . next to this property best place for souvenirs ""highly recommended it .. I forget to mention breakfast delicious and fresh and super clean every where you go inside to the property . i love MAFALDA by the pool its adorable . Definitely we will back with family i like everything about it , i can suggest to offer some snacks (Sandwich, empanadas ) if you are coming late at night. it will be tactfully",5,Hotel Roca Negra del Arenal,alojamiento,booking,en,"Todo . la recepcionista la mejor. ella nos guió durante nuestra estancia.  Ubicación muy conveniente para los mejores parques y atracciones. ""Al lado de esta propiedad, el mejor lugar para comprar souvenirs. Lo recomiendo mucho. Me olvido de mencionar el desayuno delicioso, fresco y súper limpio en todos los lugares donde entras a la propiedad. Me encanta MAFALDA junto a la piscina, es adorable. Definitivamente regresaremos con la familia. Me gusta todo. Puedo sugerir que ofrezcas algunos bocadillos (sándwich, empanadas) si vienes tarde en la noche. Será con mucho tacto.",
"This beautiful boutique hotel is a living paradise..   The gardens are magnificent.   Lucha, dense, well thought out, well maintained.  The room is spacious (cabin) very clean.",5,Hotel Roca Negra del Arenal,alojamiento,booking,en,"Este hermoso hotel boutique es un paraíso viviente. Los jardines son magníficos.   Lucha, densa, bien pensada, bien mantenida.  La habitación es espaciosa (cabaña) muy limpia.",
Super kind staff and very nice cottages! You can see the volcano from the garden Everything was great,5,Hotel Roca Negra del Arenal,alojamiento,booking,en,Personal super amable y cabañas muy bonitas! Puedes ver el volcán desde el jardín. Todo estuvo genial.,
"The breakfast was delicious, rooms were very cleanly and the added porch space was nice to get out of the room and surrounded by nature. My favorite part was the walking path toward back of the property. Water pressure in the shower a bit less than expected, but not a deal breaker or anything at all.",5,Hotel Roca Negra del Arenal,alojamiento,booking,en,"El desayuno era delicioso, las habitaciones estaban muy limpias y el espacio adicional del porche era agradable para salir de la habitación y estar rodeado de naturaleza. Mi parte favorita fue el sendero para caminar hacia la parte trasera de la propiedad. La presión del agua en la ducha es un poco menor de lo esperado, pero no es un factor decisivo ni nada por el estilo.",
"Beautiful gardens, amazing rooms The breakfast is provided by a separate team and they are not the friendliest couple, and portions were a bit small",5,Hotel Roca Negra del Arenal,alojamiento,booking,en,"Hermosos jardines, habitaciones increíbles. El desayuno lo proporciona un equipo separado y no son la pareja más amigable, y las porciones eran un poco pequeñas.",
"The whole hotel is a week kept garden, Volcano views, lots of birds and nature. Also has a little pool, jacuzzi, and there is a place for children with ping-pong, board soccer, and tables around to enjoy coffee and tea surrounded by nature Nothing, I liked all !",5,Hotel Roca Negra del Arenal,alojamiento,booking,en,"Todo el hotel es un jardín cuidado durante una semana, vistas al volcán, muchas aves y naturaleza. También tiene una pequeña piscina, jacuzzi y hay un lugar para niños con ping-pong, futbolín y mesas alrededor para disfrutar de café y té rodeados de naturaleza. ¡Nada, me gustó todo!",
"Generous spaces, beautiful gardens and friendly staff",5,Hotel Roca Negra del Arenal,alojamiento,booking,en,"Amplios espacios, hermosos jardines y personal amable.",
Everything!! The mattress felt too soft for my liking.,5,Hotel Roca Negra del Arenal,alojamiento,booking,en,¡¡Todo!! El colchón me pareció demasiado blando para mi gusto.,
"great staff, great overall location and facilities. great parking. the base of the doors had a gap that could let in bugs, used a towel to block it which worked great. super minor detail.",5,Hotel Roca Negra del Arenal,alojamiento,booking,en,"Excelente personal, excelente ubicación e instalaciones en general. gran aparcamiento. la base de las puertas tenía un espacio por el que podían entrar insectos, usé una toalla para bloquearlo, lo cual funcionó muy bien. Detalle súper menor.",
"Fabulous staff very very friendly! The pool was lovely and soothing after a day of adventure and right next to it was an area for playing games. The breakfast was delicious, good price and the ladies in the kitchen were very kind. It was amazing for bird watching and seeing animals. Nothing!",5,Hotel Roca Negra del Arenal,alojamiento,booking,en,"Personal fabuloso muy, muy amable! La piscina era encantadora y relajante después de un día de aventuras y justo al lado había un área para jugar. El desayuno estuvo delicioso, buen precio y las señoras de la cocina fueron muy amables. Fue increíble observar aves y animales. ¡Nada!",
"Clean, friendly, beautiful grounds, great staff! Delicious Breakfast and free tea and coffee!",5,Hotel Roca Negra del Arenal,alojamiento,booking,en,"Limpio, amigable, hermosos jardines, excelente personal. ¡Delicioso desayuno y té y café gratis!",
"Everything was good - lovely green place. Amazing nature around the hostel. Jacuzzi is nice, breakfast was good. Everything was good",5,Hotel Roca Negra del Arenal,alojamiento,booking,en,"Todo estuvo bien, un hermoso lugar verde. Naturaleza increíble alrededor del albergue. El jacuzzi es agradable, el desayuno era bueno. todo estuvo bien",
Beautiful grounds and great location. Nice pool!,5,Hotel Roca Negra del Arenal,alojamiento,booking,en,Hermosos jardines y excelente ubicación. ¡Bonita piscina!,
Staff were friendly and helpful. The grounds are beautiful and well kept. The rooms are nice and have air conditioning. They come with cute hammocks outside too,5,Hotel Roca Negra del Arenal,alojamiento,booking,en,El personal fue amable y servicial. Los jardines son hermosos y están bien cuidados. Las habitaciones son bonitas y tienen aire acondicionado. También vienen con lindas hamacas afuera.,
Rooms were well cleaned.  Property was gorgeous!  Pool and hot tub lovely.  $8 breakfast was amazing and tasty.,5,Hotel Roca Negra del Arenal,alojamiento,booking,en,Las habitaciones estaban bien limpias.  ¡La propiedad era preciosa!  Piscina y jacuzzi encantadores.  El desayuno de $8 era increíble y sabroso.,
"Nature all over. The upgraded the property so it was easier to walk around, less gravel. But this was my second stay. Second time was better",5,Hotel Roca Negra del Arenal,alojamiento,booking,en,"Naturaleza por todas partes. Mejoraron la propiedad para que fuera más fácil caminar, menos grava. Pero esta fue mi segunda estancia. La segunda vez fue mejor.",
"Lovely pool, communal games area, kitchen, and gardens. Staff were very generous. A bit outside La Fortuna (which was good) with a nice soda opposite. Rooms included a private patio with rocking chairs and a hammock. Rooms are a little dark and dated. Not very soundproof and the road is a little noisy. However we would recommend a stay here!",5,Hotel Roca Negra del Arenal,alojamiento,booking,en,"Preciosa piscina, zona de juegos comunitaria, cocina y jardines. El personal fue muy generoso. Un poco fuera de La Fortuna (que estaba bien) con un buen refresco enfrente. Las habitaciones incluían un patio privado con mecedoras y una hamaca. Las habitaciones son un poco oscuras y anticuadas. No muy insonorizado y la carretera es un poco ruidosa. Sin embargo, recomendamos alojarse aquí.",
Noisy A/C unit that only worked in high (noisy) fan speed,5,Hotel Roca Negra del Arenal,alojamiento,booking,en,Unidad de aire acondicionado ruidosa que solo funcionaba a velocidad alta (ruidosa) del ventilador,
Everything was great.  We thoroughly enjoyed our stay,5,Hotel Roca Negra del Arenal,alojamiento,booking,en,Todo fue genial.  Disfrutamos mucho de nuestra estancia.,
They had a nice pool with jacuzzi and also a ping pong table!,5,Hotel Roca Negra del Arenal,alojamiento,booking,en,¡Tenían una bonita piscina con jacuzzi y también una mesa de ping pong!,
"We enjoyed the beautiful plants, comfortable king bed, great A/C, potable water, big bathroom, nice pool and jacuzzi,  and the cute front porch area. And the animals on the property are fun! The location is also nice, not too far from town but with some nearby options. The walls are a little thin, but there are standalone cabin options I believe. Ours was #7 on the side, so we only had noise from one side. Nbd tho!",5,Hotel Roca Negra del Arenal,alojamiento,booking,en,"Disfrutamos de las hermosas plantas, la cómoda cama tamaño king, el excelente aire acondicionado, el agua potable, el baño grande, la bonita piscina y el jacuzzi, y el lindo porche delantero. ¡Y los animales de la propiedad son divertidos! La ubicación también es buena, no muy lejos de la ciudad pero con algunas opciones cercanas. Las paredes son un poco delgadas, pero creo que hay opciones de cabañas independientes. El nuestro era el número 7 en el costado, por lo que solo teníamos ruido de un lado. ¡No importa!",
"Only one night here but a lovely property. Communal spaces are great and encourage travellers to chat - hostel vibe but for grown ups! Stunning view of the volcano from our room. Very convenient for local tours to coffee and cacao (North Fields) and hot springs (Eco Termales). Entertaining wildlife on site e.g. hummingbirds. Breakfast was basic but welcome.
Cash payment on arrival for room means having to be prepared for this!",5,Hotel Roca Negra del Arenal,alojamiento,booking,en,"Sólo una noche aquí pero una propiedad encantadora. Los espacios comunes son fantásticos y animan a los viajeros a charlar: ¡ambiente de albergue, pero para adultos! Impresionante vista del volcán desde nuestra habitación. Muy conveniente para tours locales a café y cacao (Campos del Norte) y aguas termales (Eco Termales). Entretener la vida silvestre en el sitio, p. colibríes. El desayuno era básico pero bienvenido.
El pago en efectivo a la llegada de la habitación significa tener que estar preparado para ello.",
"Stunning, not glamorous but very pretty, lots to see, very nice pool and amazing staff It was perfect for the price and great value. Nothing to complain about, we'll stay again",5,Hotel Roca Negra del Arenal,alojamiento,booking,en,"Impresionante, no glamuroso pero sí muy bonito, hay mucho que ver, una piscina muy bonita y un personal increíble. Fue perfecto por el precio y la excelente relación calidad-precio. Nada de qué quejarse, nos quedaremos de nuevo.",
"Private, super comfortable rooms. Wonderful grounds and location. Host was friendly and breakfast/coffee was  convenient and delicious. Nothing!",5,Hotel Roca Negra del Arenal,alojamiento,booking,en,"Habitaciones privadas, súper cómodas. Maravillosos jardines y ubicación. El anfitrión fue amable y el desayuno/café fue conveniente y delicioso. ¡Nada!",
It’s close to both the volcano and downtown. Rooms are very spacious and have everything we need. Coffee corner + pool for our 5 year old covered our basic needs There was dog poop scattered around and we dog it in our shoes twice.,5,Hotel Roca Negra del Arenal,alojamiento,booking,en,Está cerca tanto del volcán como del centro. Las habitaciones son muy amplias y tienen todo lo que necesitamos. El rincón de café + piscina para nuestro hijo de 5 años cubrió nuestras necesidades básicas. Había excremento de perro esparcido por todas partes y lo perseguimos en nuestros zapatos dos veces.,
This place was so so pretty! The grounds are well kept and the pool was lovely. So many birds due to all of the bushes and trees on the property! It was a wonderful stay and I would highly recommend! Coffee to go!,5,Hotel Roca Negra del Arenal,alojamiento,booking,en,¡Este lugar era tan bonito! Los jardines están bien cuidados y la piscina era preciosa. ¡Tantas aves debido a todos los arbustos y árboles de la propiedad! ¡Fue una estancia maravillosa y lo recomendaría encarecidamente! ¡Café para llevar!,
"Very goodocation just 400m from a massive souvenir shop and pizza restaurant, and 2 km from the Baldi hot Springs. Although next to the main road, very quiet inside the room. Enchanting garden, and the view to the volcano, superb (if the clouds are playing game!). The price for which we booked the rood was challenged by the reception staff, who added 13% as tax which seemingly is not disclosed by booking.com. Rather difficult to believe.",5,Hotel Roca Negra del Arenal,alojamiento,booking,en,"Muy buena ubicación, a sólo 400 m de una enorme tienda de souvenirs y una pizzería, y a 2 km de las aguas termales de Baldi. Aunque al lado de la carretera principal, la habitación es muy tranquila dentro. Encantador jardín y la vista al volcán, magnífica (¡si las nubes juegan!). El precio por el que reservamos la habitación fue cuestionado por el personal de recepción, que agregó un 13% como impuesto que aparentemente no se revela en booking.com. Bastante difícil de creer.",
Site is beautiful and bed was very comfortable Staff were not all that friendly upon checking in. We had a small blanket and could have used a larger one.,5,Hotel Roca Negra del Arenal,alojamiento,booking,en,El sitio es hermoso y la cama era muy cómoda. El personal no fue tan amable al registrarse. Teníamos una manta pequeña y nos hubiera venido bien una más grande.,
Staff is very friendly.  Very clean room. Great pool. There are some noises from the cars from the road.  I cannot think of anything else,5,Hotel Roca Negra del Arenal,alojamiento,booking,en,El personal es muy amable.  Habitación muy limpia. Gran piscina. Se oyen algunos ruidos de los coches en la carretera.  no puedo pensar en nada más,
"Elizabeth greeted us and was fun, informative,
and always available when we had questions. The property is beautiful, secluded, yet convenient to major attractions.",5,Hotel Roca Negra del Arenal,alojamiento,booking,en,"Elizabeth nos saludó y fue divertida, informativa.
y siempre disponible cuando teníamos preguntas. La propiedad es hermosa, aislada pero conveniente para las principales atracciones.",
Lovely place with volcano view. Great to relax. Good brekkie.,5,Hotel Roca Negra del Arenal,alojamiento,booking,en,Precioso lugar con vista al volcán. Genial para relajarse. Buen desayuno.,
The property offered amazing views of the volcano.  It was close to shops and restaurants.  The rooms were clean.  Elizabeth at the front desk was amazing and so helpful.  We will definitely be back!,5,Hotel Roca Negra del Arenal,alojamiento,booking,en,La propiedad ofrecía impresionantes vistas del volcán.  Estaba cerca de tiendas y restaurantes.  Las habitaciones estaban limpias.  Elizabeth en la recepción fue increíble y muy servicial.  ¡Definitivamente regresaremos!,
It was good,5,Hotel Roca Negra del Arenal,alojamiento,booking,en,Estuvo bien,
Does not accept credit card,5,Hotel Roca Negra del Arenal,alojamiento,booking,ro,No acepta tarjeta de crédito,
"Hotel Roca Negra was a great place to stay! Beautiful gardens, great birds watching all day long! Jacuzzi, pool game area just wonderful. Very helpful and friendly staff. We had amazing stay. Nothing",5,Hotel Roca Negra del Arenal,alojamiento,booking,en,"Hotel Roca Negra fue un gran lugar para alojarse! Hermosos jardines, excelente observación de aves durante todo el día. Jacuzzi, área de juegos en la piscina simplemente maravilloso. Personal muy servicial y amable. Tuvimos una estancia increíble. Nada",
Loved the grounds.  So much beautiful flora and lots of beautiful birds.  I got some excellent photos.  The girls are the front desk were great.  It’s also a short drive into town. No complaints.  It would’ve been nice to have a coffee machine in our unit.,5,Hotel Roca Negra del Arenal,alojamiento,booking,en,Me encantaron los jardines.  Tanta flora hermosa y muchas aves hermosas.  Conseguí unas fotos excelentes.  Las chicas de recepción fueron geniales.  También está a poca distancia en coche de la ciudad. No hay quejas.  Hubiera sido bueno tener una máquina de café en nuestra unidad.,
"Celebrated my 40th here. It’s a great mid range hotel. Pics do not do it justice. Beautiful, well maintained property, lush gardens and animals running around. Great bird watching early am and evening. Pool, jacuzzi, game area. Loved the porch seating/hammock in front of every room. Beds very comfy, friendly staff, we had an amazing stay.",5,Hotel Roca Negra del Arenal,alojamiento,booking,en,"Celebré mi 40 aquí. Es un gran hotel de gama media. Las fotos no le hacen justicia. Hermosa propiedad bien mantenida, exuberantes jardines y animales corriendo. Gran observación de aves temprano en la mañana y en la tarde. Piscina, jacuzzi, área de juegos. Me encantaron los asientos del porche/hamaca frente a cada habitación. Camas muy cómodas, personal amable, tuvimos una estancia increíble.",
"This was a well-located property close to the center but situated in a quiet garden and with security gates for safety. The gardens and farm birds (chooks, turkeys, peacocks) made it feel very relaxing. The pool was great, and I loved having views of the volcano from our front door! We had parking at our door too, which was handy! The room was clean and comfortable with a fridge but no tea-coffee making facilities in the room - that is available in a shared area. We needed to leave early in the morning and the gate wouldn't let us out! Not sure if the code was wrong or what? In the end one of our party had to jump the gate and enter the code from the other side",5,Hotel Roca Negra del Arenal,alojamiento,booking,en,"Esta era una propiedad bien ubicada cerca del centro pero situada en un jardín tranquilo y con puertas de seguridad para mayor seguridad. Los jardines y las aves de granja (gallinas, pavos, pavos reales) lo hicieron sentir muy relajante. La piscina era genial y me encantó tener vistas del volcán desde nuestra puerta principal. También teníamos estacionamiento en nuestra puerta, ¡lo cual fue útil! La habitación estaba limpia y era cómoda, con nevera, pero no había menaje para preparar té y café, que está disponible en una zona compartida. ¡Necesitábamos salir temprano en la mañana y la puerta no nos dejaba salir! ¿No estás seguro si el código era incorrecto o qué? Al final, uno de nuestro grupo tuvo que saltar la puerta e ingresar el código desde el otro lado.",
"Gardens were gorgeous, birding was amazing, staff friendly, room spacious and comfortable with genius bathroom 
layout , excellent A/C hot tub wasn't warm",5,Hotel Roca Negra del Arenal,alojamiento,booking,en,"Los jardines eran preciosos, la observación de aves era increíble, el personal era amable, la habitación era espaciosa y cómoda y tenía un baño genial. 
diseño, excelente aire acondicionado, el jacuzzi no estaba caliente",
"This was an excellent little hotel!  It exceeded all our expectations- the rooms are huge, comfortable, super clean and the bathroom was also really big and clean.  Beds are super comfy.  Absolutely loved the front patio with the rocking chairs with views of the volcano!  The swimming pool area is beautiful!",5,Hotel Roca Negra del Arenal,alojamiento,booking,en,"¡Este fue un pequeño hotel excelente!  Superó todas nuestras expectativas: las habitaciones son enormes, cómodas, súper limpias y el baño también era muy grande y limpio.  Las camas son súper cómodas.  ¡Me encantó el patio delantero con mecedoras con vistas al volcán!  ¡El área de la piscina es hermosa!",
Beautiful apartments a bit outside of the city center. They should include the breakfast in the stay.,5,Hotel Roca Negra del Arenal,alojamiento,booking,en,Preciosos apartamentos un poco fuera del centro de la ciudad. Deberían incluir el desayuno en la estancia.,
"Beautiful furnished resort. Lots of plants which makes it feel natural. Nice pool and some entertainment, pool table , table tennis and more. Breakfast facility was very good. Very friendly and helpful staff. Apartments close to each other however due to layout and decoration still feels private.",5,Hotel Roca Negra del Arenal,alojamiento,booking,en,"Hermoso complejo amueblado. Muchas plantas lo que lo hace sentir natural. Bonita piscina y algo de entretenimiento, mesa de billar, tenis de mesa y más. El desayuno era muy bueno. Personal muy amable y servicial. Los apartamentos que están cerca unos de otros, sin embargo, debido a su diseño y decoración, aún se sienten privados.",
"Beautiful grounds, great location and amazing breakfast. Nothing",5,Hotel Roca Negra del Arenal,alojamiento,booking,en,"Hermosos jardines, excelente ubicación y desayuno increíble. Nada",
"- Perfect Location for La Fortuna area
- very friendly staff Breakfast can be Improvisation",5,Hotel Roca Negra del Arenal,alojamiento,booking,en,"- Ubicación perfecta para el área de La Fortuna.
- personal muy amable El desayuno puede ser improvisación",
"- Last Bungalow no 16 is the perfect Location. 
- nice friendly staff - breakfast can be Improvisation",5,Hotel Roca Negra del Arenal,alojamiento,booking,en,"- El último bungalow nº 16 es la ubicación perfecta. 
- personal amable y agradable - el desayuno puede ser una improvisación",
"The rooms are comfortable and clean, surrounded by nature and animals, and the service is generally good. The only issue we had was with breakfast, which was served very slowly even though the restaurant wasn't crowded, and some parts of the breakfast (the bread, for example) were served long after the rest.",5,Hotel Roca Negra del Arenal,alojamiento,booking,en,"Las habitaciones son cómodas y limpias, rodeadas de naturaleza y animales, y el servicio en general es bueno. El único problema que tuvimos fue con el desayuno, que se sirvió muy lentamente a pesar de que el restaurante no estaba lleno, y algunas partes del desayuno (el pan, por ejemplo) se sirvieron mucho después que el resto.",
"Beautiful grounds, friendly staff, nice pool",5,Hotel Roca Negra del Arenal,alojamiento,booking,en,"Hermosos jardines, personal amable, bonita piscina.",
"The property is beautiful — lushly packed with plants and wildlife — and the host and staff are so friendly and sweet. A truly peaceful and special getaway. Each unit feels just secluded enough from all the others. The onsite breakfast is delicious. You pay for your stay in cash (either colones or USD) at the start or end of your time there. Close to EVERYTHING. The property's gate access code had recently changed and so what we received in our confirmation email was incorrect. We arrived in the dark and could not get in after a long day of travel. Thankfully, another guest pulled up behind us and let us in as we were pulling up the property's phone number to call. I have no doubt they would have resolved the matter immediately. But just to be sure, would consider confirming your gate code via a call or email ahead of time.",5,Hotel Roca Negra del Arenal,alojamiento,booking,en,"La propiedad es hermosa, repleta de plantas y vida silvestre, y el anfitrión y el personal son muy amables y dulces. Una escapada verdaderamente tranquila y especial. Cada unidad se siente lo suficientemente aislada de todas las demás. El desayuno en el lugar es delicioso. Pagas tu estadía en efectivo (ya sea colones o USD) al inicio o al final de tu estadía allí. Cerca de TODO. El código de acceso a la puerta de la propiedad había cambiado recientemente, por lo que lo que recibimos en nuestro correo electrónico de confirmación era incorrecto. Llegamos en la oscuridad y no pudimos entrar después de un largo día de viaje. Afortunadamente, otro huésped se detuvo detrás de nosotros y nos dejó entrar mientras buscábamos el número de teléfono de la propiedad para llamar. No tengo ninguna duda de que habrían resuelto el asunto inmediatamente. Pero solo para estar seguro, consideraría confirmar su código de puerta mediante una llamada o un correo electrónico con anticipación.",
Probably the best views of the volcano if you are lucky enough to be there with sunny weather and an amazing garden. Don’t expect luxury or modern equipment but it’s a nice Costa Rica style hotel and each room has its own small terrace/garden with a hammock. Breakfast was basic quality wise but fair for the price…,5,Hotel Roca Negra del Arenal,alojamiento,booking,en,"Probablemente las mejores vistas del volcán si tienes la suerte de estar allí con un clima soleado y un jardín increíble. No espere lujo ni equipamiento moderno, pero es un bonito hotel al estilo de Costa Rica y cada habitación tiene su propia pequeña terraza/jardín con hamaca. El desayuno era básico en cuanto a calidad pero justo por el precio…",
"The hotel is close enough to town yet feels quiet and private. The self service area for coffee and tea is great and everyone was helpful and friendly (thanks Elizabeth!).

We made the right choice by staying here and would stay there again without a doubt.",5,Hotel Roca Negra del Arenal,alojamiento,booking,en,"El hotel está lo suficientemente cerca de la ciudad pero se siente tranquilo y privado. El área de autoservicio para café y té es excelente y todos fueron serviciales y amables (¡gracias Elizabeth!).

Tomamos la decisión correcta al hospedarnos aquí y nos hospedaríamos allí nuevamente sin lugar a dudas.",
"The rooms were spacious and clean. The property had great places to lounge, including a coffee area and a place by the pool. The kids loved the games area. The staff were always helpful.",5,Hotel Roca Negra del Arenal,alojamiento,booking,en,"Las habitaciones eran espaciosas y limpias. La propiedad tenía excelentes lugares para descansar, incluida una zona de café y un lugar junto a la piscina. A los niños les encantó la zona de juegos. El personal siempre fue servicial.",
Beautiful property with great facilities and very friendly and helpful staff. Our villa was perfect and very clean. Enjoyed the nature trails and animals on the property. Especially the view of the volcano from our patio. We enjoyed our tea and morning walks. The pool and jacuzzi were very nice. There’s nothing we didn’t love about this property. We’d definitely stay again!,5,Hotel Roca Negra del Arenal,alojamiento,booking,en,Hermosa propiedad con excelentes instalaciones y un personal muy amable y servicial. Nuestra villa era perfecta y muy limpia. Disfruté de los senderos naturales y los animales en la propiedad. Especialmente la vista del volcán desde nuestro patio. Disfrutamos de nuestro té y paseos matutinos. La piscina y el jacuzzi estaban muy bien. No hay nada que no nos haya gustado de esta propiedad. ¡Definitivamente nos quedaríamos de nuevo!,
The rooms were super clean and very large.  The view of the volcano from the front patio was stunning.  So enjoyed sitting in the rocking chairs and looking at that view and hearing the birds in the morning. Pool area was lovely too! Duna at front desk was so very helpful- she was the best ever!,5,Hotel Roca Negra del Arenal,alojamiento,booking,en,Las habitaciones estaban súper limpias y eran muy grandes.  La vista del volcán desde el patio delantero era impresionante.  Disfruté mucho sentándome en las mecedoras y contemplando esa vista y escuchando los pájaros por la mañana. La zona de la piscina también era preciosa! Duna en la recepción fue muy servicial: ¡fue la mejor de todas!,
"It’s like stepping into a jungle paradise. I came to see birds. The layout of cottages are woven through pathways of jungle foliage that is beautiful and maintained. Each cottage has the feel of privacy the way they are staggered. I came in 2 days before my adult children to rest up a bit. Neither my husband nor I wanted to leave the property. From my porch we enjoyed seeing a large variety of birds. Our registration person walked us to our cottage and showed us a path through the property we could walk. We loved the path. Beautiful plants, cicada is calling and more birds! 
This is the nicest surprise place to stay I’ve ever chosen in my many years of travel. The breakfast is delicious. The price is 1/2 to 1/3 of what I would pay anywhere else. Great coffee and the presentation on the plate is just adorable. I highly recommend. I also think I’m coming back because of this place. We also had a beautiful view of the volcano right from our cottage.",5,Hotel Roca Negra del Arenal,alojamiento,booking,en,"Es como entrar en un paraíso selvático. Vine a ver pájaros. El diseño de las cabañas está tejido a través de senderos de follaje selvático que son hermosos y mantenidos. Cada cabaña tiene la sensación de privacidad por la forma en que están escalonadas. Llegué 2 días antes que mis hijos adultos para descansar un poco. Ni mi marido ni yo queríamos abandonar la propiedad. Desde mi porche disfrutamos viendo una gran variedad de aves. Nuestra persona de registro nos acompañó hasta nuestra cabaña y nos mostró un camino a través de la propiedad por el que podíamos caminar. Nos encantó el camino. ¡Hermosas plantas, cigarras cantando y más pájaros! 
Este es el lugar sorpresa más agradable que he elegido en mis muchos años de viaje. El desayuno es delicioso. El precio es entre 1/2 y 1/3 de lo que pagaría en cualquier otro sitio. Excelente café y la presentación en el plato es simplemente adorable. Lo recomiendo mucho. También creo que volveré por este lugar. También teníamos una hermosa vista del volcán desde nuestra cabaña.",
Beautiful garden and volcano views. Lovely porch,5,Hotel Roca Negra del Arenal,alojamiento,booking,en,Hermosas vistas al jardín y al volcán. Precioso porche,
"Gorgeous property with well maintained private villas.  Shared areas include a pool/hot tub, a games area and an outdoor kitchen with complimentary tea/coffee.  

Our villa had a covered outdoor area with comfortable furniture and a hammock. Inside was spacious, clean and comfortable.  

The gardens were the highlight of this property. Hummingbirds, butterflies and small wildlife throughout.  Bonus points for the chickens, geese and turkeys! 

Easy walking distance to amenities and close to major attractions.",5,Hotel Roca Negra del Arenal,alojamiento,booking,en,"Preciosa propiedad con villas privadas bien mantenidas.  Las zonas compartidas incluyen una piscina/bañera de hidromasaje, una zona de juegos y una cocina al aire libre con té y café gratuitos.  

Nuestra villa tenía una zona exterior cubierta con muebles cómodos y una hamaca. El interior era espacioso, limpio y cómodo.  

Los jardines fueron lo más destacado de esta propiedad. Colibríes, mariposas y pequeños animales salvajes por todas partes.  ¡Puntos de bonificación para las gallinas, gansos y pavos! 

A poca distancia de los servicios y cerca de las principales atracciones.",
"I loved the front desk staff, she was so funny and great with my kids. Loved the little common coffee area and the grounds. Pool and games area was really fun for the kids. Location was excellent. I loved everything! Loved it all.",5,Hotel Roca Negra del Arenal,alojamiento,booking,en,"Me encantó el personal de recepción, fue muy divertida y genial con mis hijos. Me encantó la pequeña zona común de café y los jardines. La piscina y la zona de juegos fueron muy divertidas para los niños. La ubicación era excelente. ¡Me encantó todo! Me encantó todo.",
"Overall a great place to stay, easy to find and well located to travel around la Fortuna, room was spacious, clean and matched the description. The gardens are lovely and the outdoor seating area outside our room area offered a superb view on the volcano. It was nice to sit outside and watch the birds, we weren't lucky enough to see a toucan there but saw plenty of hummingbirds. The swimming pool was nice and in good condition albeit a bit cold, we didn't use the recreation area but it seemed nice as well. A few days into our stay I realized that the hammock outside our room was barely hanging on the wall by one screw, I notified reception and asked if it could be fixed as our children loved it but unfortunately nothing was done.

The breakfast : it is more than average, overpriced and mainly it took a full hour to get served ...",5,Hotel Roca Negra del Arenal,alojamiento,booking,en,"En general, es un excelente lugar para hospedarse, fácil de encontrar y bien ubicado para viajar por La Fortuna, la habitación era espaciosa, limpia y coincidía con la descripción. Los jardines son preciosos y la zona para sentarse al aire libre fuera de nuestra habitación ofrecía una vista magnífica del volcán. Fue agradable sentarse afuera y observar los pájaros, no tuvimos la suerte de ver un tucán allí, pero vimos muchos colibríes. La piscina era bonita y estaba en buenas condiciones aunque un poco fría, no utilizamos el área de recreación pero también parecía agradable. A los pocos días de nuestra estadía me di cuenta de que la hamaca afuera de nuestra habitación apenas colgaba de la pared con un tornillo, notifiqué a recepción y pregunté si podían arreglarla ya que a nuestros hijos les encantó, pero desafortunadamente no se hizo nada.

El desayuno: es más que el promedio, demasiado caro y principalmente tomó una hora completa para que lo sirvieran.",
This property has amazing vegetation and wildlife.  Breakfast was wonderful!Pool and spa and game room also very nice.   We especially like the hammocks in front of every room.  Perfect way to end the day.  Pura   Vida!!,5,Hotel Roca Negra del Arenal,alojamiento,booking,en,"Esta propiedad cuenta con increíble vegetación y vida silvestre.  El desayuno era maravilloso! La piscina, el spa y la sala de juegos también eran muy agradables.   Nos gustan especialmente las hamacas frente a cada habitación.  Manera perfecta de terminar el día.  Pura Vida!!",
"Beautiful gardens, rooms were comfortable. The staff were extremely helpful and friendly. Nothing",5,Hotel Roca Negra del Arenal,alojamiento,booking,en,"Hermosos jardines, las habitaciones eran cómodas. El personal fue extremadamente servicial y amable. Nada",
"The hotel is very bice. Excellent  location. Very nice staff. Beautiful vegetation. Ecellent services for guests The fact that they take only cash, is a burden.",5,Hotel Roca Negra del Arenal,alojamiento,booking,en,El hotel es muy bonito. Excelente ubicación. Personal muy agradable. Hermosa vegetación. Excelentes servicios para los huéspedes El hecho de que solo acepten efectivo es una carga.,
Room was very nice.  Grounds beautiful.  Staff very friendly and helpful.  Breakfast was reasonable and very tasty.  Very much enjoyed our stay.,5,Hotel Roca Negra del Arenal,alojamiento,booking,en,La habitación era muy bonita.  Hermosos jardines.  El personal es muy amable y servicial.  El desayuno era razonable y muy sabroso.  Disfrutamos mucho de nuestra estancia.,
"Breakfast (paid separately) was really good, we liked the coffee area, pool, views. 
It’s a bit outside of the main town, but it was actually good for us as it was calmer and there was a cheap great restaurant just nearby It was a bit cold",5,Hotel Roca Negra del Arenal,alojamiento,booking,en,"El desayuno (se paga por separado) fue realmente bueno, nos gustó la zona de café, la piscina y las vistas. 
Está un poco fuera de la ciudad principal, pero en realidad fue bueno para nosotros porque estaba más tranquilo y había un excelente restaurante barato cerca. Hacía un poco de frío.",
"We enjoyed our stay, the room was comfy and quiet, the breakfast was great, a good way to start the day. The grounds of hotel were well maintained, inviting to walk about and observe the wildlife and birds. The staff was friendly and accommodating, helping us to arrange tours of the surrounding sites.",5,Hotel Roca Negra del Arenal,alojamiento,booking,en,"Disfrutamos de nuestra estancia, la habitación era cómoda y tranquila, el desayuno era fantástico, una buena manera de empezar el día. Los terrenos del hotel estaban bien mantenidos, invitando a caminar y observar la vida silvestre y las aves. El personal fue amable y servicial, y nos ayudó a organizar recorridos por los sitios de los alrededores.",
"The little cabins where very nice and large with a giant bathroom and big shower.  There property is gorgeous with so many plants and flowers.  A small walking trail at the back of the property that is a must to see some creatures. We hiked it at night a couple times and saw frogs, armadillo, spiders, birds, leaf cutter ants.   I live the peacocks ducks, chickens and geese that wander the property.  And a friendly cat named Sophia.",5,Hotel Roca Negra del Arenal,alojamiento,booking,en,"Las pequeñas cabañas eran muy bonitas y grandes, con un baño gigante y una ducha grande.  La propiedad es preciosa con tantas plantas y flores.  Un pequeño sendero para caminar en la parte trasera de la propiedad que es imprescindible para ver algunas criaturas. Caminamos por la noche un par de veces y vimos ranas, armadillos, arañas, pájaros y hormigas cortadoras de hojas.   Vivo los pavos reales, patos, gallinas y gansos que deambulan por la propiedad.  Y una simpática gata llamada Sophia.",
"hot tub, privacy, landscaping, good WiFi, location, breakfast breakfast staff was not particularly friendly, but everyone else was. I prefer a door on the shower so the floor doesn't get wet and it's warmer.",5,Hotel Roca Negra del Arenal,alojamiento,booking,en,"bañera de hidromasaje, privacidad, jardines, buena conexión WiFi, ubicación, desayuno, el personal del desayuno no fue particularmente amable, pero todos los demás sí lo fueron. Prefiero una puerta en la ducha para que el suelo no se moje y esté más cálido.",
"Close to town, great rate, loved the breakfast We were cold but the weather was colder than they normally get so all good",5,Hotel Roca Negra del Arenal,alojamiento,booking,en,"Cerca de la ciudad, excelente precio, me encantó el desayuno. Teníamos frío pero el clima era más frío de lo normal, así que todo bien.",
"It was a nice quaint family business, Lots of wildlife and animals, great for kids. Close to town. Pancakes were great, but other breakfasts could use a little more for the cost.",5,Hotel Roca Negra del Arenal,alojamiento,booking,en,"Era un negocio familiar agradable y pintoresco, con mucha vida silvestre y animales, ideal para niños. Cerca de la ciudad. Los panqueques eran geniales, pero a otros desayunos les vendría bien un poco más por el costo.",
The staff is very helpful but my suggestion to them is they should be very clear that they only take USD and Colons. We made the mistake to bring Canadian. Getting money exchanged is difficult and time wasting. The only other thing was the very soft bed. Otherwise this is a fantastic place to stay.,5,Hotel Roca Negra del Arenal,alojamiento,booking,en,"El personal es muy servicial, pero mi sugerencia es que tengan muy claro que solo aceptan USD y colones. Cometimos el error de traer canadiense. Cambiar dinero es difícil y una pérdida de tiempo. La única otra cosa era la cama muy blanda. De lo contrario, este es un lugar fantástico para quedarse.",
"Everything! Gardens were amazing! Super clean! Breakfast was delicious! Five star staff, provided five star services! Nothing that we didn’t like.",5,Hotel Roca Negra del Arenal,alojamiento,booking,en,"¡Todo! ¡Los jardines eran increíbles! ¡Súper limpio! ¡El desayuno estuvo delicioso! ¡Personal de cinco estrellas, brindó servicios de cinco estrellas! Nada que no nos haya gustado.",
"Nice Garden, very calm and beautiful area!!",5,Hotel Roca Negra del Arenal,alojamiento,booking,en,"¡Bonito jardín, zona muy tranquila y hermosa!",
"Location is great, very close/convenient to town but far enough to miss the noise. Excellent staff. Fantastic rooms (private standalone bungalows), peaceful / beautiful grounds. Comfy beds. Towels need replacing - extremely rough. If you want coffee, you need to leave your room and walk to the designated covered area outside. Coffee machine inside each bungalow would be nice upgrade.

Oh and they only accept cash. This is a big miss.",5,Hotel Roca Negra del Arenal,alojamiento,booking,en,"La ubicación es excelente, muy cerca/conveniente de la ciudad pero lo suficientemente lejos como para perderse el ruido. Excelente personal. Fantásticas habitaciones (bungalows privados independientes), tranquilos y hermosos jardines. Camas cómodas. Es necesario cambiar las toallas, extremadamente ásperas. Si quiere café, debe salir de su habitación y caminar hasta el área cubierta designada afuera. Una máquina de café dentro de cada bungalow sería una buena mejora.

Ah, y solo aceptan efectivo. Este es un gran error.",
"Excellent breakfast, very well maintained gardens, nice pool area and game room Our room had a minimal supply of hot water so showers had to be VERY fast",5,Hotel Roca Negra del Arenal,alojamiento,booking,en,"Excelente desayuno, jardines muy bien cuidados, bonita zona de piscina y sala de juegos. Nuestra habitación tenía un suministro mínimo de agua caliente, por lo que las duchas tenían que ser MUY rápidas.",
"The hotel has an excellent location with a great view of the volcano. The garden is beautifully designed, and you can spot many birds, including hummingbirds. There were only a few power outlets available, and the outdoor seating area was not well lit.",5,Hotel Roca Negra del Arenal,alojamiento,booking,en,"El hotel tiene una excelente ubicación con una gran vista del volcán. El jardín está bellamente diseñado y se pueden observar muchas aves, incluidos colibríes. Sólo había unos pocos enchufes disponibles y la zona de asientos al aire libre no estaba bien iluminada.",
"Great location near restaurants. Most rooms are set back from road, so relatively quiet. Huge room and a beautiful property. Pool was very nice. Close to town and other nearby adventures. Birds all over the property in the early morning. Nice volcano views. Nothing. I'd stay here again in a heartbeat.",5,Hotel Roca Negra del Arenal,alojamiento,booking,en,"Excelente ubicación cerca de restaurantes. La mayoría de las habitaciones están alejadas de la carretera, por lo que son relativamente tranquilas. Habitación enorme y una hermosa propiedad. La piscina era muy bonita. Cerca de la ciudad y otras aventuras cercanas. Aves por toda la propiedad temprano en la mañana. Bonitas vistas al volcán. Nada. Me alojaría aquí de nuevo en un abrir y cerrar de ojos.",
The hostess ?Elvira? Was exceptionally nice Pancakes were soso,5,Hotel Roca Negra del Arenal,alojamiento,booking,en,La anfitriona ?Elvira? Fue excepcionalmente agradable. Los panqueques estaban soso.,
"Gorgeous plants, trees, flowers. Pool and hot tub clean and pretty surroundings. 
Loved our room, esp the huge bathroom,
Comfy beds, and front patio area.  Truly well thought out rooms, everything so handy and convenient. Staff were super friendly. Great breakfast if you wanted, reasonably priced. Noise from the very busy road in front of hotel.  It wasn’t too bad where are room was located tho.  
Having to pay in cash was a hassle.",5,Hotel Roca Negra del Arenal,alojamiento,booking,en,"Hermosas plantas, árboles, flores. Piscina y jacuzzi limpios y bonitos alrededores. 
Me encantó nuestra habitación, especialmente el enorme baño.
Camas cómodas y patio delantero.  Habitaciones realmente bien pensadas, todo muy práctico y conveniente. El personal fue muy amable. Gran desayuno si lo deseas, a un precio razonable. Ruido de la calle muy transitada frente al hotel.  Aunque no estaba tan mal dónde estaba ubicada la habitación.  
Tener que pagar en efectivo fue una molestia.",
Beautiful grounds.  Nice comfortable apartments close to many attractions.  Nice pool.   Quiet despite being on a main road   Well laid out to keep the highway noise away from the guests Everything was good but the toast at breakfast more toasting and some butter,5,Hotel Roca Negra del Arenal,alojamiento,booking,en,"Hermosos jardines.  Bonitos y confortables apartamentos cerca de muchas atracciones.  Bonita piscina.   Tranquilo a pesar de estar en una carretera principal. Bien diseñado para mantener el ruido de la carretera alejado de los invitados. Todo estuvo bien, pero las tostadas del desayuno eran más tostadas y un poco de mantequilla.",
Personnel was very friendly. Also the accommodation was beautiful with a wonderful patio with a view on the Vulcano. Rooms are clean and modern!,5,Hotel Roca Negra del Arenal,alojamiento,booking,en,"El personal fue muy amable. Además, el alojamiento era precioso, con un maravilloso patio con vistas al volcán. Las habitaciones son limpias y modernas.",
"Elizabeth at the main ‘desk’ who helped us over and over. Also the beautiful landscaping, the birds, the pool and hot tub, the whole place amazing.",5,Hotel Roca Negra del Arenal,alojamiento,booking,en,"Elizabeth en el ""escritorio"" principal que nos ayudó una y otra vez. También el hermoso paisaje, las aves, la piscina y el jacuzzi, todo el lugar es increíble.",
"Fantastic comfortable room with a personal garden space, hammock, porch and rocking chairs where hummingbirds regularly visit. The pool and jacuzzi were great. Lovely breakfast, and great views. Having space to chop fruit and unlimited tea and coffee was a really nice bonus. It's a bit out of town and there's not much pavement for walking, so if you don't have a car you might want to consider this. Having said that, it's easy to call Ubers and there's a great souvenir shop next door and a soda 30 yards away.",5,Hotel Roca Negra del Arenal,alojamiento,booking,en,"Fantástica y cómoda habitación con un espacio de jardín personal, hamaca, porche y mecedoras donde los colibríes visitan regularmente. La piscina y el jacuzzi eran geniales. Desayuno encantador y vistas estupendas. Tener espacio para cortar fruta y té y café ilimitados fue una gran ventaja. Está un poco alejado de la ciudad y no hay mucho pavimento para caminar, por lo que si no tienes coche quizás quieras considerar esto. Dicho esto, es fácil llamar a Ubers y hay una excelente tienda de souvenirs al lado y un refresco a 30 metros de distancia.",
"Wonderful, beautiful grounds and lovely cabins. Great front porch with rocking chairs on each unit. View of Arenal volcano and walking distance to many good restaurants. The staff was friendly and helpful! We loved it all.",5,Hotel Roca Negra del Arenal,alojamiento,booking,en,Maravillosos y hermosos jardines y preciosas cabañas. Gran porche delantero con mecedoras en cada unidad. Vista del volcán Arenal y a poca distancia de muchos buenos restaurantes. El personal fue amable y servicial. Nos encantó todo.,
"Good location, helpful staff and very nice surrounding area. I saw humming birds every morning which was amazing.",5,Hotel Roca Negra del Arenal,alojamiento,booking,en,"Buena ubicación, personal servicial y zona circundante muy agradable. Vi colibríes todas las mañanas, lo cual fue increíble.",
"Beautiful and comfortable place! Very well appointed. The games and pool area are a nice touch, and each room has a nice porch area to relax on.",5,Hotel Roca Negra del Arenal,alojamiento,booking,en,"Hermoso y cómodo lugar! Muy bien equipado. Los juegos y el área de la piscina son un buen toque, y cada habitación tiene un agradable porche para relajarse.",
Loved it. What a great facility. The cabanas were huge and beautiful. Loved the porch. Great location with lots of places to eat right outside the gate. Would recommend staying here. Pool was cold.,5,Hotel Roca Negra del Arenal,alojamiento,booking,en,Me encantó. Qué gran instalación. Las cabañas eran enormes y hermosas. Me encantó el porche. Excelente ubicación con muchos lugares para comer justo afuera de la puerta. Recomendaría alojarse aquí. La piscina estaba fría.,
"Great service,our",5,Hotel Roca Negra del Arenal,alojamiento,booking,unknown,"Great service,our",
The hotel was situated in the most amazing gardens. The rooms were nice with a private deck. The swimming pool and spa were fun.,5,Hotel Roca Negra del Arenal,alojamiento,booking,en,El hotel estaba situado en los jardines más impresionantes. Las habitaciones eran bonitas con una terraza privada. La piscina y el spa fueron divertidos.,
"We liked Roca Negra a lot. Our room was great. We love that it's a free-standing bungalow room. I loved the coffee bar and the hot tub/pool. The garden surrounds are very pleasant and maintained well. Elisabeth was so funny and friendly/always joking around. Lots of restaurants and attractions near by. Easy parking. The hot tub is only on for part of the day/eve, But we get it. It must be expensive to run.",5,Hotel Roca Negra del Arenal,alojamiento,booking,en,"Nos gustó mucho Roca Negra. Nuestra habitación era genial. Nos encanta que sea una habitación tipo bungalow independiente. Me encantó la cafetería y el jacuzzi/piscina. Los alrededores del jardín son muy agradables y están bien mantenidos. Elisabeth era muy divertida y amigable y siempre bromeaba. Hay muchos restaurantes y atracciones cerca. Fácil aparcamiento. La bañera de hidromasaje solo está encendida parte del día/víspera, pero lo entendemos. Debe ser costoso ejecutarlo.",
"Lovely, friendly place in an amazing garden. Very helpful staff",5,Hotel Roca Negra del Arenal,alojamiento,booking,en,Lugar encantador y acogedor en un jardín increíble. Personal muy servicial,
"Comfortable and large rooms setup with amazing porches with beautiful views of the gardens and volcano.  Nice game area setup next to the pool with billiards, ping pong, foosball. Needing to bring a large amount of cash to pay with since they don't take credit cards.",5,Hotel Roca Negra del Arenal,alojamiento,booking,en,"Cómodas y amplias habitaciones con impresionantes porches con hermosas vistas a los jardines y al volcán.  Bonita zona de juegos junto a la piscina con billar, ping pong y futbolín. Necesidad de traer una gran cantidad de efectivo para pagar ya que no aceptan tarjetas de crédito.",
"Beautiful room with high ceiling, big bed and large bathroom. Wonderful view on the volcano from the room. 
Good location. Good parking spot. Good breakfast The fake green grass everywhere in the common parts.
Breakfast could be a bit bigger.",5,Hotel Roca Negra del Arenal,alojamiento,booking,en,"Preciosa habitación con techo alto, cama grande y baño grande. Maravillosa vista al volcán desde la habitación. 
Buena ubicación. Buen lugar de aparcamiento. Buen desayuno El pasto verde falso por todas partes en las partes comunes.
El desayuno podría ser un poco más grande.",
"Public kitchen was quite ok, very clean Only Cash payments possible",5,Hotel Roca Negra del Arenal,alojamiento,booking,en,"La cocina pública estaba bastante bien, muy limpia. Solo se pueden pagar en efectivo.",
Super place to stay in Fortuna. Wonderful bungalows set in beautiful gardens with lots of birds around. Nice breakfast. Clean. Recommended It was a little cooler weather during our stay. An additional heavier blanket for the bedding would be good but that’s my personal ask. Place is still great.,5,Hotel Roca Negra del Arenal,alojamiento,booking,en,"Súper lugar para alojarse en Fortuna. Maravillosos bungalows rodeados de hermosos jardines con muchas aves alrededor. Buen desayuno. Limpio. Recomendado Hacía un tiempo un poco más fresco durante nuestra estancia. Una manta adicional más pesada para la ropa de cama estaría bien, pero esa es mi petición personal. El lugar sigue siendo genial.",
"Stunning garden settings - our room had nice and private patio with volcano views (if not cloudy). The rooms were very nice and comfortable, quality shower, comfy bed, grean linens and towels. They have a little kitchen area where you can make coffee and tea near the pool. 
Lots of birds on the property, and I want to re-emphasize - amazing gardens. I loved being in the middle of all vegeration. The pool and hot tub are too close to the road so it is noisy there - but we didn't really need these facilities as we were doing around nature all day, not staying by the pool. If you want a resort where you can chill by a pool all day probably the road proximity would be too annoying. The rooms were far enough from the road and didn't bother us. 

The other thing I didn't like is that it was cash only - it is buried in the small print but we came to realize the day of departure, so we had to run to the bank last minute. No receipt.",5,Hotel Roca Negra del Arenal,alojamiento,booking,en,"Impresionantes entornos de jardín: nuestra habitación tenía un patio bonito y privado con vistas al volcán (si no estaba nublado). Las habitaciones eran muy bonitas y cómodas, ducha de calidad, cama cómoda, ropa de cama y toallas excelentes. Tienen una pequeña zona de cocina donde puedes preparar café y té cerca de la piscina. 
Hay muchas aves en la propiedad y quiero volver a enfatizar: jardines increíbles. Me encantaba estar en medio de toda la vegetación. La piscina y el jacuzzi están demasiado cerca de la carretera, por lo que hay mucho ruido allí, pero realmente no necesitábamos estas instalaciones ya que estábamos en la naturaleza todo el día, sin quedarnos junto a la piscina. Si desea un resort donde pueda relajarse junto a una piscina todo el día, probablemente la proximidad de la carretera sería demasiado molesta. Las habitaciones estaban lo suficientemente lejos de la carretera y no nos molestaron. 

La otra cosa que no me gustó es que era sólo efectivo; está escondido en la letra pequeña, pero nos dimos cuenta del día de salida, así que tuvimos que correr al banco en el último minuto. Sin recibo.",
"The garden is super. There are so many beautiful tropical plants which attract birds and make the morning stroll very pleasant. It’s interesting to see chickens, geese and peacocks wandering around the ground. Kids love that. The room is spacious and clean. We could see the top of Arenal volcano on the bed through the window. Beds and pillows are comfortable. The waterfall, Baldi hot springs and arenal volcano NP are within short driving distance. The room is a little bit dark.",5,Hotel Roca Negra del Arenal,alojamiento,booking,en,"El jardín es estupendo. Hay tantas hermosas plantas tropicales que atraen a los pájaros y hacen que el paseo matutino sea muy agradable. Es interesante ver gallinas, gansos y pavos reales deambulando por el suelo. A los niños les encanta eso. La habitación es espaciosa y limpia. Podíamos ver la cima del volcán Arenal en la cama a través de la ventana. Las camas y las almohadas son cómodas. La cascada, las aguas termales de Baldi y el Parque Nacional Volcán Arenal se encuentran a poca distancia en automóvil. La habitación está un poco oscura.",
"Great location, very comfortable, lovely staff and games activities. The breakfast was excellent!",5,Hotel Roca Negra del Arenal,alojamiento,booking,en,"Excelente ubicación, muy cómodo, personal encantador y actividades de juegos. ¡El desayuno fue excelente!",
"Loads of birds in the garden, nice views to el Arenal. Walking in the vicinity can -as in all Costa Rica- only be done on the paved routes / in the parks",5,Hotel Roca Negra del Arenal,alojamiento,booking,en,"Un montón de pájaros en el jardín, bonitas vistas al Arenal. Caminar por los alrededores -como en toda Costa Rica- sólo se puede realizar en las rutas pavimentadas/en los parques.",
"Great nature, comfy rooms with great views of the volcano. Good location Breakfast is not recommended",5,Hotel Roca Negra del Arenal,alojamiento,booking,en,"Gran naturaleza, cómodas habitaciones con excelentes vistas al volcán. Buena ubicación No se recomienda el desayuno.",
"Beautiful garden surroundings, and we really appreciated the private patio at our cottage.",5,Hotel Roca Negra del Arenal,alojamiento,booking,en,"Hermoso entorno de jardín, y realmente apreciamos el patio privado de nuestra cabaña.",
"Beautiful,  clean, well maintained,  friendly Nothing",5,Hotel Roca Negra del Arenal,alojamiento,booking,en,"Hermoso, limpio, bien mantenido, amigable Nada",
"The location was perfect close enough to the town center yet peacefully overlooking the volcano. I had one of the best rooms with a direct volcano view. The hotel is beautifully set in the middle of the jungle, with stunning views of the volcano 🌋. The jacuzzi was exceptional and the perfect place to relax and unwind after a long, activity filled day. Nothing , everything was great",5,Hotel Roca Negra del Arenal,alojamiento,booking,en,"La ubicación era perfecta, lo suficientemente cerca del centro de la ciudad pero con vistas tranquilas al volcán. Tuve una de las mejores habitaciones con vista directa al volcán. El hotel está bellamente ubicado en medio de la selva, con impresionantes vistas del volcán . El jacuzzi era excepcional y el lugar perfecto para relajarse y descansar después de un día largo y lleno de actividad. Nada, todo estuvo genial.",🌋
"We stayed in a ""Deluxe King Room"" which is one of the newer cabins.  It was clean and smart, with a lovely covered terrace.  These cabins are a sufficient distance from the main road thus avoiding traffic noise. It was also a benefit to be able to park our rental car right outside the cabin.
The gardens were beautiful, attracting loads of birds (especially Hummingbirds) which we could watch from our terrace.
There were several restaurants within walking distance and it was only a short drive to the Volcan Arenal National Park Shame that payment had to be in cash.  Would have been easier if they accepted credit cards. Otherwise nothing to criticise.",5,Hotel Roca Negra del Arenal,alojamiento,booking,en,"Nos alojamos en una ""Habitación King Deluxe"", que es una de las cabañas más nuevas.  Estaba limpio y elegante, con una preciosa terraza cubierta.  Estas cabañas se encuentran a una distancia suficiente de la vía principal evitando así el ruido del tráfico. También fue un beneficio poder estacionar nuestro auto de alquiler justo afuera de la cabina.
Los jardines eran hermosos y atraían a muchas aves (especialmente colibríes) que podíamos observar desde nuestra terraza.
Había varios restaurantes a poca distancia y estaba a solo un corto trayecto en auto hasta el Parque Nacional Volcán Arenal. Lástima que el pago tuviera que ser en efectivo.  Hubiera sido más fácil si aceptaran tarjetas de crédito. Por lo demás, nada que criticar.",
"The location is perfect and the hotel offers a spacious room with a comfortable bathroom and a lot of shelf space. The setting is very private with a large covered deck overlooking a manicured grounds. We even watched many times an armadillo busy searching for food a meter away from us. A beautiful swimming pool and a hot tub was a nice addition and the self-serve bar with coffee and tea provided us with some refreshments. There is also a pool table and  table tennis for the rainy days.  A very affordable Soda el Turnito is just across the road for a delicious meal. 
Elizabeth from the reception showed us a beautiful garden in the back of the property. She is very caring and funny! All in all, we had a very relaxing time here and can whole heartedly recommend to others. Nothing",5,Hotel Roca Negra del Arenal,alojamiento,booking,en,"La ubicación es perfecta y el hotel ofrece una habitación espaciosa con un baño cómodo y mucho espacio en las estanterías. El entorno es muy privado con una gran terraza cubierta con vista a un terreno bien cuidado. Incluso vimos muchas veces a un armadillo ocupado buscando comida a un metro de nosotros. Una hermosa piscina y una bañera de hidromasaje fueron una buena adición y el bar de autoservicio con café y té nos proporcionó algunos refrigerios. También hay una mesa de billar y de ping-pong para los días de lluvia.  Un Soda el Turnito muy asequible está al otro lado de la calle para disfrutar de una comida deliciosa. 
Elizabeth, de la recepción, nos mostró un hermoso jardín en la parte trasera de la propiedad. ¡Es muy cariñosa y divertida! En general, pasamos un tiempo muy relajante aquí y podemos recomendarlo de todo corazón a otros. Nada",
"Flowery garden with lotsa trees, flowers, hummingbirds and other types of birds, breakfast area surrounded by flowery vegetation, common area with coffee maker and hotpot appropriately stocked, can't tell what not to like!!! Friendly staff. Hi Dunya! Will be back if opportunity rises. Cash only policy.",5,Hotel Roca Negra del Arenal,alojamiento,booking,en,"Jardín florido con muchos árboles, flores, colibríes y otros tipos de aves, área de desayuno rodeada de vegetación florida, área común con cafetera y estofado adecuadamente abastecido, ¡¡¡no sé qué no te gusta!!! Personal amable. Hola Dunya! Volveremos si surge la oportunidad. Póliza sólo efectivo.",
"Beautiful area, and flora surrounding the rooms",5,Hotel Roca Negra del Arenal,alojamiento,booking,en,Hermosa zona y flora que rodea las habitaciones.,
"Beautiful property, very friendly staff. Bed very comfortable and the gardens are stunning. We loved our stay.",5,Hotel Roca Negra del Arenal,alojamiento,booking,en,"Hermosa propiedad, personal muy amable. Cama muy cómoda y los jardines son impresionantes. Nos encantó nuestra estancia.",
"The breakfast was wonderful, very reasonably priced, fresh fruit and coffee with every entree
The rooms were extremely clean, spacious, comfortable 
The grounds were enchanting with beautiful gardens filled with birds and animals, the pool and hot tub wonderful, a games room that the teens enjoyed (pool table, air hockey, etc) totally terrific, highly recommend , close to area restaurants, short uber ride into center of town and area attractions, porches with chairs and hammocks delightful! Staff warm and friendly! Only dislike (primarily by my grown daughter) was road noise at night …. Not a major problem for the rest of us",5,Hotel Roca Negra del Arenal,alojamiento,booking,en,"El desayuno fue maravilloso, a un precio muy razonable, fruta fresca y café en cada plato principal.
Las habitaciones estaban extremadamente limpias, espaciosas y cómodas. 
Los jardines eran encantadores, con hermosos jardines llenos de pájaros y animales, la piscina y el jacuzzi maravillosos, una sala de juegos que los adolescentes disfrutaron (mesa de billar, air hockey, etc.) totalmente fantástico, muy recomendable, cerca de los restaurantes de la zona, un corto viaje en Uber al centro de la ciudad y las atracciones de la zona, porches con sillas y hamacas encantadores. Personal cálido y amable. Lo único que no me gustó (principalmente por parte de mi hija mayor) fue el ruido de la carretera por la noche... No es un problema importante para el resto de nosotros.",
"Small 14 room/cabin lodge,  beautiful grounds- so many birds and plants. Relaxing. Great porch with amazing views. Nothing",5,Hotel Roca Negra del Arenal,alojamiento,booking,en,"Pequeño albergue de 14 habitaciones/cabaña, hermosos jardines, muchas aves y plantas. Relajante. Gran porche con impresionantes vistas. Nada",
All,5,Hotel Roca Negra del Arenal,alojamiento,booking,unknown,All,
"Absolutely amazing place! Very nice, spacious and spotless clean room with super comfortable bed. The garden and the view were fabulous. We enjoyed listening to the sounds from garden (crickets, birds and other animals) in the evening and early morning. Food at the hotel’s restaurant was tasty. It was nice that restaurants and shops were walking distance and everything else was close by. The staff working at this property was very welcoming and friendly. I almost never rate any hotel on booking.com higher than 9 but here we are! Absolutely nothing!",5,Hotel Roca Negra del Arenal,alojamiento,booking,en,"¡Un lugar absolutamente increíble! Habitación muy bonita, espaciosa y limpia, con cama súper cómoda. El jardín y la vista eran fabulosos. Disfrutamos escuchando los sonidos del jardín (grillos, pájaros y otros animales) por la tarde y temprano en la mañana. La comida en el restaurante del hotel era deliciosa. Fue agradable que los restaurantes y las tiendas estuvieran a poca distancia y todo lo demás estuviera cerca. El personal que trabajaba en esta propiedad fue muy acogedor y amable. Casi nunca califico ningún hotel en booking.com con más de 9, ¡pero aquí estamos! ¡Absolutamente nada!",
Everything. There was nothing to not like.,5,Hotel Roca Negra del Arenal,alojamiento,booking,en,Todo. No había nada que no me gustara.,
The birds and the trees. You feel like inside the jungle and near the city center Only you have breakfast and for lunch or dinner you need to go out,5,Hotel Roca Negra del Arenal,alojamiento,booking,en,Los pájaros y los árboles. Te sientes como dentro de la selva y cerca del centro de la ciudad Solo desayunas y para almorzar o cenar necesitas salir,
"Comfortable room, beautiful gardens and pool area as well as very friendly and helpful staff. There are views of Volcan Arenal from the property and many birds to see in the gardens. Breakfast was delicious and good value. There are restaurants, sodas and groceries within walking distance and a short drive into town. Expect some road noise by the pool area which is near the road into town (we didn’t mind it too much).",5,Hotel Roca Negra del Arenal,alojamiento,booking,en,"Habitación cómoda, hermosos jardines y área de piscina, además de un personal muy amable y servicial. Hay vistas del Volcán Arenal desde la propiedad y muchas aves para observar en los jardines. El desayuno era delicioso y con una buena relación calidad-precio. Hay restaurantes, refrescos y comestibles a poca distancia y a poca distancia en coche de la ciudad. Espere algo de ruido de la carretera en el área de la piscina que está cerca de la carretera hacia la ciudad (no nos importó demasiado).",
Excellent location and property,5,Hotel Roca Negra del Arenal,alojamiento,booking,en,Excelente ubicación y propiedad.,
"Very spacious and clean room with great outdoor deck to sit on, surrounded by beautiful gardens. Great pool. Great local restaurant across the road.",5,Hotel Roca Negra del Arenal,alojamiento,booking,en,"Habitación muy espaciosa y limpia con una gran terraza al aire libre para sentarse, rodeada de hermosos jardines. Gran piscina. Gran restaurante local al otro lado de la calle.",
"Location, garden, room Nothing",5,Hotel Roca Negra del Arenal,alojamiento,booking,en,"Ubicación, jardín, habitación Nada",
"We loved sitting in front of our accommodation with on rocking chairs with a view of the volcano. It rained a bit, but we were well entertained by the common areas, including the pool table and table tennis. Paola and Elizabeth from reception were very kind, helpful and informative.",5,Hotel Roca Negra del Arenal,alojamiento,booking,en,"Nos encantó sentarnos frente a nuestro alojamiento en mecedoras con vista al volcán. Llovió un poco, pero estuvimos muy entretenidos en las zonas comunes, incluida la mesa de billar y el ping-pong. Paola y Elizabeth de recepción fueron muy amables, serviciales e informativas.",
"Beautiful, lush, green property with a pretty pool/jacuzzi, great breakfast area, and lovely room!",5,Hotel Roca Negra del Arenal,alojamiento,booking,en,"Hermosa, exuberante y verde propiedad con una bonita piscina/jacuzzi, excelente área de desayuno y una hermosa habitación.",
Loved the staff and the room was great!,5,Hotel Roca Negra del Arenal,alojamiento,booking,en,Me encantó el personal y la habitación era genial!,
"It is a gorgeous property in walking distance to great restaurants very nearby and town not too far away. The pool, hot tub, and game area were a hit for our family. Coffee all day, very friendly and helpful staff. Pay for breakfast.",5,Hotel Roca Negra del Arenal,alojamiento,booking,en,"Es una propiedad preciosa a poca distancia de excelentes restaurantes muy cerca y de la ciudad no muy lejos. La piscina, el jacuzzi y el área de juegos fueron un éxito para nuestra familia. Café todo el día, personal muy amable y servicial. Paga el desayuno.",
"Very friendly staff, helps in any regards. Room, location, scenery great.",5,Hotel Roca Negra del Arenal,alojamiento,booking,en,"El personal muy amable, ayuda en cualquier aspecto. Habitación, ubicación, paisaje genial.",
Service and environment. Nice nature around Nothing I noticed,5,Hotel Roca Negra del Arenal,alojamiento,booking,en,Servicio y entorno. Bonita naturaleza alrededor. Nada que noté.,
"Personnel was very welcoming, the pool area qas great, also to play with other kids while the parents sat in the jacuzzi ;) nice relaxing garden surroundings, lots of birds passing by (not only chickens and goose). location is very central, could drive to la fortuna easily to have dinner. nothing",5,Hotel Roca Negra del Arenal,alojamiento,booking,en,"El personal fue muy acogedor, el área de la piscina era excelente, también para jugar con otros niños mientras los padres se sentaban en el jacuzzi;) un jardín agradable y relajante, pasaban muchos pájaros (no solo gallinas y gansos). La ubicación es muy céntrica, se puede conducir fácilmente hasta La Fortuna para cenar. nada",
"Beautiful grounds and accommodation. We (2 adults and 2 children) were in room 16, furthest away from the gate,  and it looked very new, modern and was very spacious.
Sitting on the rocking chairs and hammock on the veranda, watching the birds (especially the humming birds).
Delicious pancakes at breakfast.
The games area, which has a pool table, fooseball, table tennis and shuffle board. The fact that you have to pay by cash. We had to drive into town in a torrential downpour, specifically to get cash out.",5,Hotel Roca Negra del Arenal,alojamiento,booking,en,"Hermosos jardines y alojamiento. Nosotros (2 adultos y 2 niños) estábamos en la habitación 16, la más alejada de la puerta, y parecía muy nueva, moderna y muy espaciosa.
Sentarse en las mecedoras y la hamaca en la terraza, observar los pájaros (especialmente los colibríes).
Deliciosos panqueques en el desayuno.
La zona de juegos, que cuenta con mesa de billar, futbolín, ping-pong y tejo. El hecho de que tengas que pagar en efectivo. Tuvimos que conducir hasta la ciudad bajo un aguacero torrencial, específicamente para sacar dinero en efectivo.",
"Beautiful surroundings. Friendly staff. Lovely breakfast. Great location for visiting places and walk to good places to eat. The chickens, geese , turkey and peacock were interesting and beautiful to observe. Nothing really just sometimes the lorries were noisy going past but easy location and beautiful gardens and wildlife made up from this.",5,Hotel Roca Negra del Arenal,alojamiento,booking,en,"Hermoso entorno. Personal amable. Desayuno encantador. Excelente ubicación para visitar lugares y caminar a buenos lugares para comer. Las gallinas, los gansos, el pavo y el pavo real fueron interesantes y hermosos de observar. En realidad, nada, solo que a veces los camiones hacían ruido al pasar, pero la ubicación era fácil y los hermosos jardines y la vida silvestre se hacían a partir de esto.",
"The property here is beautiful - I truly felt like we were living in the rainforest. There was nothing quite like reading on the patio, listening to the rain come down and watching tropical birds fly in and out of trees. The staff was also amazing - always so willing to help. We also liked the location. It wasn’t walkable to La Fortuna, but it was a 5 minute drive - incredibly easy. Plus, there’s so many attractions within minutes. We never got bored! I wish the rooms had a bit more storage - for a family, we struggled to find room for all the stuff we had. I’d also love the opportunity to book a 1 or 2 bedroom room. The cabin was beautiful, but we’d love a bit more space.",5,Hotel Roca Negra del Arenal,alojamiento,booking,en,"La propiedad aquí es hermosa; realmente sentí que estábamos viviendo en la selva tropical. No había nada como leer en el patio, escuchar la lluvia caer y observar los pájaros tropicales volar dentro y fuera de los árboles. El personal también fue increíble, siempre muy dispuesto a ayudar. También nos gustó la ubicación. No se podía caminar hasta La Fortuna, pero estaba a 5 minutos en auto, increíblemente fácil. Además, hay muchísimas atracciones en cuestión de minutos. ¡Nunca nos aburrimos! Ojalá las habitaciones tuvieran un poco más de almacenamiento; para una familia, nos costó encontrar espacio para todas las cosas que teníamos. También me encantaría tener la oportunidad de reservar una habitación de 1 o 2 dormitorios. La cabaña era hermosa, pero nos encantaría tener un poco más de espacio.",
"Flowers, breakfast nook with coffee, bed, a/c, staff Breakfast (not included) wasn’t very good.",5,Hotel Roca Negra del Arenal,alojamiento,booking,en,"Flores, desayunador con café, cama, aire acondicionado, personal. El desayuno (no incluido) no fue muy bueno.",
"Located very close to a ton of hot springs and hiking. Feels like you’re in the jungle with all the trees and animals around. The game room has ping pong, shuffle board, pool and foos ball which were fun. And the hot tub was great after a long hike. The hot tub is only heated after 3pm which makes sense since the days are hot but it would have been nice to use in the morning.",5,Hotel Roca Negra del Arenal,alojamiento,booking,en,"Ubicado muy cerca de un montón de aguas termales y caminatas. Te sientes como si estuvieras en la jungla con todos los árboles y animales a tu alrededor. La sala de juegos tiene ping pong, tejo, billar y futbolín, que fueron divertidos. Y el jacuzzi era genial después de una larga caminata. La bañera de hidromasaje solo se calienta después de las 3:00 p. m., lo cual tiene sentido ya que los días son calurosos, pero hubiera sido bueno usarlo por la mañana.",
"Loved having the pool and hot tub and the accomodation was very comfortable and welcoming, a lovely verandah with rocking chairs and hammock to sit out and listen to the birds. We looked forward to getting back after our daily trips out. Really lovely staff. WiFi was very useful but not the best. But then who needs WiFi when you’re relaxing in Costa Rica!",5,Hotel Roca Negra del Arenal,alojamiento,booking,en,"Me encantó tener la piscina y el jacuzzi y el alojamiento era muy cómodo y acogedor, una hermosa terraza con mecedoras y una hamaca para sentarse y escuchar a los pájaros. Teníamos muchas ganas de volver después de nuestros viajes diarios. Personal realmente encantador. El WiFi fue muy útil pero no el mejor. Pero entonces, ¿quién necesita WiFi cuando te relajas en Costa Rica?",
Great pool for the kids. Rooms were big and beds comfortable. Nothing,5,Hotel Roca Negra del Arenal,alojamiento,booking,en,Gran piscina para los niños. Las habitaciones eran grandes y las camas cómodas. Nada,
"Felt private and less noisy being on the edge of la fortuna suburb, but also very conveniently located by some local sodas and a market. The staff was very friendly. Elisa let us help pick eggs in the chicken coop. Lots of butterflies and hummingbirds and beautiful plants and flowers. Breakfast was extra but cheap and a good value.",5,Hotel Roca Negra del Arenal,alojamiento,booking,en,"Me sentí privado y menos ruidoso al estar en las afueras del suburbio de la fortuna, pero también muy convenientemente ubicado cerca de algunos refrescos locales y un mercado. El personal fue muy amable. Elisa nos dejó ayudar a recoger huevos en el gallinero. Muchas mariposas, colibríes y hermosas plantas y flores. El desayuno era extra pero barato y con una buena relación calidad-precio.",
"The room was clean, the porch with the garden and view of the volcano was beautiful. Paula was very kind and helpful. The pool was beautiful and clean. There was lots of outdoor space and it never felt crowded. It’s a 40 minute walk to the main town. We struggled with the key which frustrated one of the staff. Breakfast was not included.",5,Hotel Roca Negra del Arenal,alojamiento,booking,en,"La habitación estaba limpia, el porche con jardín y vista al volcán era hermoso. Paula fue muy amable y servicial. La piscina era hermosa y limpia. Había mucho espacio al aire libre y nunca se sentía abarrotado. Está a 40 minutos a pie de la ciudad principal. Luchamos con la llave, lo que frustró a uno de los miembros del personal. El desayuno no estaba incluido.",
"This was the best place we stayed during our 10-day vacation in Costa Rica. Absolutely beautiful grounds, delicious breakfast, sweet staff, and loved having our own cabana and private patio.",5,Hotel Roca Negra del Arenal,alojamiento,booking,en,"Este fue el mejor lugar en el que nos hospedamos durante nuestras vacaciones de 10 días en Costa Rica. Jardines absolutamente hermosos, desayuno delicioso, personal amable y nos encantó tener nuestra propia cabaña y patio privado.",
"The location, breakfast, grounds and room were all great. The payment process is cash only for breakfast and the stay. However, after working through things, they do take PayPal.",5,Hotel Roca Negra del Arenal,alojamiento,booking,en,"La ubicación, el desayuno, los jardines y la habitación eran geniales. El proceso de pago es en efectivo únicamente para el desayuno y la estadía. Sin embargo, después de resolver las cosas, aceptan PayPal.",
It was beautiful. The staff were so friendly and helpful. The garden setting was so well kept. We loved that there was a/c in the room. It was walking g distance to town.,5,Hotel Roca Negra del Arenal,alojamiento,booking,en,Fue hermoso. El personal fue muy amable y servicial. El jardín estaba muy bien cuidado. Nos encantó que hubiera aire acondicionado en la habitación. Estaba caminando a una corta distancia de la ciudad.,
"Wonderful experience at hotel roca negra! Beautiful gardens, as well as small kitchenette area for making complimentary tea or coffee, and pool and jacuzzi! Theres also chicken coop with peacocks. Communication with staff was great- they were very helpful in arranging taxis and volcano tour. Breakfast was delicious and everyday we saw animals we had never seen before! The walls were a little thin so you did hear your neighbors. You will hear the rooster or peacock each morning However. Would still stay again!",5,Hotel Roca Negra del Arenal,alojamiento,booking,en,"¡Maravillosa experiencia en el hotel roca negra! Hermosos jardines, así como una pequeña área de cocina para preparar té o café de cortesía, ¡y piscina y jacuzzi! También hay un gallinero con pavos reales. La comunicación con el personal fue excelente: fueron de gran ayuda para organizar taxis y recorridos por el volcán. El desayuno era delicioso y todos los días veíamos animales que nunca habíamos visto antes. Las paredes eran un poco delgadas, por lo que escuchabas a tus vecinos. Sin embargo, escucharás el gallo o el pavo real todas las mañanas. ¡Aún me quedaría otra vez!",
"Loved the location and the gardens, the terrace was just perfect with the hammock and rocking chairs. We used the outdoor jacuzzi every day during rainy spells and the staff were so lovely to us! Would recommend to anyone.",5,Hotel Roca Negra del Arenal,alojamiento,booking,en,"Me encantó la ubicación y los jardines, la terraza era perfecta con la hamaca y las mecedoras. Usamos el jacuzzi al aire libre todos los días durante los períodos de lluvia y el personal fue muy amable con nosotros. Se lo recomendaría a cualquiera.",
"Beautiful flora and fauna on the property, a great view of Arenal, comfortable lounge chairs and hammock, and a nice pool and jacuzzi!",5,Hotel Roca Negra del Arenal,alojamiento,booking,en,"Hermosa flora y fauna en la propiedad, una excelente vista del Arenal, cómodos sillones y hamacas, y una linda piscina y jacuzzi.",
"- They upgraded us to a better room 
- The entire space is incredible: a lot of nature and animals and the view from the room was spectacular
- Breakfast was delicious
- Most of the staff is super nice and willing to help
- Room was super spacious and clean 
- The hot tub after a long day hiking was amazing - Some people in the staff weren’t that nice",5,Hotel Roca Negra del Arenal,alojamiento,booking,en,"- Nos pasaron a una habitación mejor. 
- Todo el espacio es increíble: mucha naturaleza y animales y la vista desde la habitación era espectacular.
- El desayuno estaba delicioso.
- La mayoría del personal es súper amable y está dispuesto a ayudar.
- La habitación era súper espaciosa y limpia. 
- El jacuzzi después de un largo día de caminata fue increíble - Algunas personas del personal no fueron tan amables",
It’s close to town. It’s small and beautiful. The beds need more blankets. Pillows are a little stiff.,5,Hotel Roca Negra del Arenal,alojamiento,booking,en,Está cerca de la ciudad. Es pequeño y hermoso. Las camas necesitan más mantas. Las almohadas son un poco duras.,
"Beautiful gardens, friendly and helpful staff, we enjoyed all the animals on the property, the pool, and game area. On site breakfast was very good. Rooms felt private and were very clean with nice covered porches to enjoy being outside. Good view of Arenal Volcano when clouds cooperated. Beds could be a bit more comfortable. Lots of sound from road, even though it is not visible while on property.",5,Hotel Roca Negra del Arenal,alojamiento,booking,en,"Hermosos jardines, personal amable y servicial, disfrutamos de todos los animales en la propiedad, la piscina y el área de juegos. El desayuno en el lugar era muy bueno. Las habitaciones parecían privadas y estaban muy limpias, con bonitos porches cubiertos para disfrutar del aire libre. Buena vista del Volcán Arenal cuando las nubes cooperaron. Las camas podrían ser un poco más cómodas. Mucho sonido procedente de la carretera, aunque no es visible en la propiedad.",
The staff was extremely helpful and attentive! The room was comfortable and clean! The property was in excellent conditions!  Very well maintained. 10 out of 10!,5,Hotel Roca Negra del Arenal,alojamiento,booking,en,El personal fue extremadamente servicial y atento. La habitación era cómoda y limpia. ¡La propiedad estaba en excelentes condiciones!  Muy bien mantenido. ¡10 de 10!,
Warm welcome. Views were outstanding. We had a problem with our AC which was dealt with efficiently. Great pool area and good to have tea and coffee making facilities.,5,Hotel Roca Negra del Arenal,alojamiento,booking,en,Cálida bienvenida. Las vistas eran excepcionales. Tuvimos un problema con nuestro aire acondicionado que se solucionó de manera eficiente. Gran zona de piscina y bueno para tener menaje para preparar té y café.,
The property is lush and tropical attracting all sorts of birds. The rooms have a fabulous view of the volcano and it’s a short drive or longer walk to town. The rooms are cleaned daily. The staff are very helpful and kind. There’s a shared tea / coffee area and pool. Really great value. We loved our stay here. Nothing we didn’t like,5,Hotel Roca Negra del Arenal,alojamiento,booking,en,La propiedad es exuberante y tropical y atrae todo tipo de aves. Las habitaciones tienen una vista fabulosa del volcán y está a un corto trayecto en auto o a una caminata más larga de la ciudad. Las habitaciones se limpian a diario. El personal es muy servicial y amable. Hay una zona compartida para preparar té y café y una piscina. Realmente un gran valor. Nos encantó nuestra estancia aquí. Nada que no nos haya gustado,
"Very sweet, kind, and friendly staff who offered a complimentary upgrade for our room as we were celebrating a special occasion! Beautiful gardens/grounds with a nice pool and jacuzzi. Walking distance/close to several restaurants too - we enjoyed Pizzeria La Cava. An added bonus were some animals - chickens, turkeys, and a peacock! The breakfast was canceled as the attendant had a personal issue/conflict.",5,Hotel Roca Negra del Arenal,alojamiento,booking,en,"¡Personal muy dulce, amable y amigable que ofreció una mejora de cortesía para nuestra habitación mientras estábamos celebrando una ocasión especial! Hermosos jardines/terrenos con una bonita piscina y jacuzzi. A poca distancia/cerca de varios restaurantes también: disfrutamos de Pizzeria La Cava. Una ventaja adicional fueron algunos animales: gallinas, pavos y un pavo real. El desayuno fue cancelado porque el asistente tenía un problema/conflicto personal.",
"Lovely little hotel, upgraded our room.which was great. Excellent facilities. We didn't use.the pool or games room but both looked nice. Lots of restaurants nearby..They had umbrellas you good use which proved essential!! A bit of a walk.to town (30 minutes) along busy road..",5,Hotel Roca Negra del Arenal,alojamiento,booking,en,"Pequeño y encantador hotel, mejoraron nuestra habitación, lo cual fue genial. Excelentes instalaciones. No utilizamos la piscina ni la sala de juegos, pero ambas se veían bien. Hay muchos restaurantes cerca. ¡Tenían sombrillas que usabas bien y resultaron esenciales! Un pequeño paseo hasta la ciudad (30 minutos) por una carretera muy transitada.",
"Amazing property!  Gorgeous grounds.  Safe.  Clean.  Pool and spa  were amazing.  Pool table.  Ping pong and more!   

Staff were super friendly and courteous.  They even found a pair of sunglasses we left and are working to ship them back to us.  Amazing!

Highly recommend. Nothing.  All perfect!",5,Hotel Roca Negra del Arenal,alojamiento,booking,en,"Propiedad increíble!  Preciosos jardines.  Seguro.  Limpio.  La piscina y el spa eran increíbles.  Mesa de billar.  ¡Ping pong y más!   

El personal fue muy amable y cortés.  Incluso encontraron un par de gafas de sol que dejamos y están trabajando para enviárnoslas.  ¡Asombroso!

Altamente recomendado. Nada.  ¡Todo perfecto!",
I loved how nature is part of the experience.,5,Hotel Roca Negra del Arenal,alojamiento,booking,en,Me encantó cómo la naturaleza es parte de la experiencia.,
"Magical grounds with gorgeous lush green vegetation, beautifully kept.
Great location on the edge of town, so minutes from restaurants (recommend Red Frog coffee roasters), but quiet.
Hilarious ducks, chickens, peacock.
Cute little pool area. Great pool room.
Room was perfect.
Loved everything about the place.  Highly recommend. Having to leave.",5,Hotel Roca Negra del Arenal,alojamiento,booking,en,"Terrenos mágicos con una hermosa y exuberante vegetación, bellamente cuidados.
Excelente ubicación en las afueras de la ciudad, a minutos de restaurantes (recomiendo tostadores de café Red Frog), pero tranquilo.
Divertidísimos patos, gallinas y pavos reales.
Linda y pequeña área de piscina. Gran sala de billar.
La habitación era perfecta.
Me encantó todo sobre el lugar.  Altamente recomendado. Tener que irse.",
"The moment we arrived, Elizabeth welcomed us and made us feel like this was home for the next three days. She was funny, kind and helpful in every way! We also had everything we needed to relax and enjoy every moment. First world problem…not much hot water and a/c in the kid’s room never worked great. But, they helped with the a/c as much as possible and it was just fine!!",5,Hotel Roca Negra del Arenal,alojamiento,booking,en,"En el momento en que llegamos, Elizabeth nos recibió y nos hizo sentir como si estuviéramos en casa durante los siguientes tres días. ¡Era divertida, amable y servicial en todos los sentidos! También teníamos todo lo necesario para relajarnos y disfrutar de cada momento. Problema del primer mundo... no había mucha agua caliente y el aire acondicionado en la habitación de los niños nunca funcionó muy bien. Pero ayudaron con el aire acondicionado tanto como fue posible y ¡estuvo bien!",
We loved the beautiful grounds. So many birds and gorgeous flowers. The receptionist (Eugenia?) was the most joyful person I have ever met. She embodied “pura vida”! We lived having the pool table there as well. The WiFi signal was weak.,5,Hotel Roca Negra del Arenal,alojamiento,booking,en,Nos encantaron los hermosos jardines. Tantos pájaros y hermosas flores. La recepcionista (¿Eugenia?) fue la persona más alegre que he conocido. ¡Ella encarnaba “pura vida”! Vivíamos teniendo la mesa de billar allí también. La señal WiFi era débil.,
"The property is beautiful, well kept, and great views of the Arenal Volcano. Perfect location near everything in La Fortuna. The bed was a little hard",5,Hotel Roca Negra del Arenal,alojamiento,booking,en,"La propiedad es hermosa, bien mantenida y con excelentes vistas del Volcán Arenal. Ubicación perfecta cerca de todo en La Fortuna. La cama era un poco dura.",
"The gardens were beautiful and well kept. The location was close to town but secluded enough to not hear all the city noises.
The best was the big covered front porch. Just sitting on the porch to just watch the rainfall and be out of the rain was awesome Only complaint was that one day the breakfast was down",5,Hotel Roca Negra del Arenal,alojamiento,booking,en,"Los jardines eran preciosos y estaban bien cuidados. La ubicación estaba cerca de la ciudad pero lo suficientemente aislada como para no escuchar todos los ruidos de la ciudad.
Lo mejor fue el gran porche cubierto. Simplemente sentarse en el porche para ver la lluvia y estar fuera de la lluvia fue increíble. La única queja fue que un día el desayuno se acabó.",
"Fabulous gardens and privacy between cabins, spotlessly clean and super friendly staff. wi-fi wasn't great anywhere on the property and the pool was a bit chilly",5,Hotel Roca Negra del Arenal,alojamiento,booking,en,"Jardines fabulosos y privacidad entre cabañas, impecablemente limpio y personal súper amable. El wifi no era excelente en ningún lugar de la propiedad y la piscina estaba un poco fría.",
"The hotel was beautiful with a very friendly staff, 24 hour coffee and tea, delicious breakfast, lovely pool and jacuzzi and plenty of games, sitting areas and walking trail. I would definitely come back!",5,Hotel Roca Negra del Arenal,alojamiento,booking,en,"El hotel era hermoso, con un personal muy amable, café y té las 24 horas, un delicioso desayuno, una hermosa piscina y jacuzzi y muchos juegos, áreas para sentarse y un sendero para caminar. ¡Definitivamente regresaría!",
"this hotel was very nice, big room and bathroom, nice terrace, parking next to the cottage. the swimming pool and jacuzzi were so great.
we can really recommend this hotel to everyone visiting la Fortuna next to the swimming pool, you can hear the road a little, but not really an issue
the cottage are more in the back and very silent there.
some restaurants at walking distance but we took the car to the centre (about 1-1.5km) with more options.",5,Hotel Roca Negra del Arenal,alojamiento,booking,en,"Este hotel era muy bonito, habitación y baño grandes, bonita terraza y aparcamiento al lado de la cabaña. La piscina y el jacuzzi eran geniales.
Realmente podemos recomendar este hotel a todos los que visiten La Fortuna al lado de la piscina, se puede escuchar un poco la carretera, pero no es realmente un problema.
La cabaña está más atrás y es muy silenciosa allí.
algunos restaurantes a poca distancia, pero cogimos el coche hasta el centro (aproximadamente 1-1,5 km) con más opciones.",
"Very friendly staff, an amazing immaculate spacious room and an easy walk to good restaurants and supermarket. The grounds were kept perfectly with amazing plants and a nice path with places to sit. All under the towering Volcano. The free kitchen with coffee and tea was a nice touch and the pool was great. Nothing",5,Hotel Roca Negra del Arenal,alojamiento,booking,en,"Personal muy amable, una habitación increíblemente espaciosa e impecable y a poca distancia a pie de buenos restaurantes y supermercados. Los jardines se mantuvieron perfectamente con plantas increíbles y un bonito sendero con lugares para sentarse. Todo bajo el imponente Volcán. La cocina gratuita con café y té fue un buen toque y la piscina era genial. Nada",
"Very friendly ,  rooms casitas were nice, clean They only accept cash was in prepared
To pay with cash when I booked it on booking.com
Beds were okay not super comfy .  Breakfast just okay . Not included",5,Hotel Roca Negra del Arenal,alojamiento,booking,en,"Muy amable, las habitaciones casitas eran agradables, limpias. Solo aceptan efectivo. Estaba preparado.
Para pagar en efectivo cuando lo reservé en booking.com
Las camas estaban bien, no muy cómodas.  El desayuno está bien. No incluido",
Breakfast excellent. Atmosphere friendly and relaxed. Gardens beautiful,5,Hotel Roca Negra del Arenal,alojamiento,booking,en,Desayuno excelente. Ambiente amigable y relajado. Jardines hermosos,
It’s beautiful and feels like you get a little closer to the jungle vibes The breakfast part was confusing us. We didn’t book breakfast and wanted to do it separately but there was some confusion about it.,5,Hotel Roca Negra del Arenal,alojamiento,booking,en,"Es hermoso y parece que te acercas un poco más a las vibraciones de la jungla. La parte del desayuno nos confundió. No reservamos el desayuno y queríamos hacerlo por separado, pero hubo cierta confusión al respecto.",
"Beautiful gardens and facilities.
Loved the pool. 
Breakfast on site (additional 8$/pp) was lovely.
Staff were all exceptionally friendly and kind. 
Free coffee/tea station. 
Soda el Turnito across the road was great for dinner. There’s a bit of road noise but didn’t bother us at all.",5,Hotel Roca Negra del Arenal,alojamiento,booking,en,"Hermosos jardines e instalaciones.
Me encantó la piscina. 
El desayuno en el lugar (8$ adicionales/pp) era encantador.
Todo el personal fue excepcionalmente amable y amable. 
Estación de café/té gratuita. 
Soda el Turnito al otro lado de la calle fue genial para la cena. Se oye un poco de ruido de la carretera pero no nos molestó en absoluto.",
Everything!! Beautiful rooms and grounds. Elizabeth at reception was friendly and funny. coffee or tea available 24hours I loved everything!,5,Hotel Roca Negra del Arenal,alojamiento,booking,en,¡¡Todo!! Hermosas habitaciones y jardines. Elizabeth en la recepción fue amable y divertida. café o té disponible las 24 horas ¡Me encantó todo!,
"Very nice property especially for families with children. We liked all of it, especially the beautiful garden and swimming pool. Noisy because on the main road to Arenal.",5,Hotel Roca Negra del Arenal,alojamiento,booking,en,"Muy bonita propiedad especialmente para familias con niños. Nos gustó todo, especialmente el precioso jardín y la piscina. Ruidoso porque en la carretera principal al Arenal.",
We loved staying at Hotel Roca Negra. It has lots of beautiful plants and some chickens. We didn’t get to use the pool or spa but loved that we had the option to! You can get breakfast on site for an extra fee. Our room was very comfortable and loved that it felt like a little bungalow. The staff was so friendly and helpful throughout our entire stay. Just be prepared to pay cash for your stay and breakfast.,5,Hotel Roca Negra del Arenal,alojamiento,booking,en,"Nos encantó alojarnos en el Hotel Roca Negra. Tiene muchas plantas hermosas y algunas gallinas. No pudimos usar la piscina ni el spa, ¡pero nos encantó tener la opción de hacerlo! Puedes desayunar en el establecimiento por un suplemento. Nuestra habitación era muy cómoda y nos encantó que se sentía como un pequeño bungalow. El personal fue muy amable y servicial durante toda nuestra estancia. Solo prepárate para pagar en efectivo tu estadía y desayuno.",
"Good location , cleanliness . everything was good.",5,Hotel Roca Negra del Arenal,alojamiento,booking,en,"Buena ubicación, limpieza. todo estuvo bien.",
"Great location, beautiful garden, nice staff No coffee machine in the room, but they have a coffee room for everyone, so no big deal",5,Hotel Roca Negra del Arenal,alojamiento,booking,en,"Excelente ubicación, hermoso jardín, personal agradable. No hay cafetera en la habitación, pero tienen una sala de café para todos, así que no es gran cosa.",
"The front porch hammock, gardens and game room Paying cash",5,Hotel Roca Negra del Arenal,alojamiento,booking,en,"Hamaca en el porche delantero, jardines y sala de juegos. Pago en efectivo.",
"The place is quiet and you're surrounded by nature. The room was perfect and we loved our terrace. Coffee and tea avilable 24 hours. The room has an amazing size and everything was very clean. The staff was welcoming and friendly. It was a bit pricey, but the prices in La Fortuna are like that everywhere.",5,Hotel Roca Negra del Arenal,alojamiento,booking,en,"El lugar es tranquilo y estás rodeado de naturaleza. La habitación era perfecta y nos encantó nuestra terraza. Café y té disponibles las 24 horas. La habitación tiene un tamaño increíble y todo estaba muy limpio. El personal fue acogedor y amable. Era un poco caro, pero los precios en La Fortuna son así en todas partes.",
Beautifully cared for complex with friendly staff. Everything was super clean. Lovely gardens and great view of the volcano. Nothing.,5,Hotel Roca Negra del Arenal,alojamiento,booking,en,Complejo bellamente cuidado con personal amable. Todo estaba súper limpio. Preciosos jardines y gran vista del volcán. Nada.,
"Location, Arenal volcano views, clean and private rooms.",5,Hotel Roca Negra del Arenal,alojamiento,booking,en,"Ubicación, vistas al volcán Arenal, habitaciones limpias y privadas.",
"Super friendly, super clean, private, secure, very beautiful and well maintained grounds.  Peacocks, chickens, ducks and turkeys were an unexpected delight.  The view of the volcano was really cool. Overall, a great experience! Could hear some of the highway noise from the pool, but not an issue at all in our room.",5,Hotel Roca Negra del Arenal,alojamiento,booking,en,"Terrenos súper amigables, súper limpios, privados, seguros, muy hermosos y bien mantenidos.  Pavos reales, gallinas, patos y pavos fueron una delicia inesperada.  La vista del volcán era realmente genial. En general, ¡una gran experiencia! Podía escuchar algo del ruido de la autopista desde la piscina, pero no fue un problema en absoluto en nuestra habitación.",
"The location was excellent. The best was that we could see the volcano from our front porch 
A beautiful garden with flowers and an easy path to walk on The beautiful garden with plants and birds and a boeie of the property. 
We saw Tulane flying over from the property 
It was a little paradise",5,Hotel Roca Negra del Arenal,alojamiento,booking,en,"La ubicación fue excelente. Lo mejor fue que pudimos ver el volcán desde nuestro porche. 
Un hermoso jardín con flores y un sendero fácil para caminar El hermoso jardín con plantas y pájaros y una boeie de la propiedad. 
Vimos a Tulane volando desde la propiedad. 
era un pequeño paraíso",
"Great comfortable place to hang out.  Good pool and great gardens.  Staff were friendly with interesting individual personalities.  Breakfast was additional and was fine. Room was very clean and bathroom was very big. Decking area outside room with a good view of Arenal. Great view of birds in the property. I hadn't noticed that this hotel was cash only and we got a poor conversion for the dollar. ( it does state cash only in the details ....).
A little bit outside the town so not great if walking only but good restaurants / shops within walking distance.",5,Hotel Roca Negra del Arenal,alojamiento,booking,en,"Gran lugar cómodo para pasar el rato.  Buena piscina y grandes jardines.  El personal era amable y tenía personalidades individuales interesantes.  El desayuno era adicional y estaba bien. La habitación estaba muy limpia y el baño era muy grande. Área de terraza fuera de la habitación con una buena vista del Arenal. Gran vista de aves en la propiedad. No me había dado cuenta de que en este hotel solo se pagaba en efectivo y obtuvimos una mala conversión del dólar. (indica efectivo sólo en los detalles...).
Un poco fuera de la ciudad, por lo que no es genial si solo caminas, pero hay buenos restaurantes y tiendas a poca distancia.",
"Breakfast ok, location ok. 
Peaceful and relaxing Slight lack of communication on transfer to Tortuguero. 
We paid $135 and got dropped at Guapiles and had to pay $65 for 2 taxis to get us to Pavona!
We were told the $135 would take us straight to Guapiles, so quite disappointed and caused slight stress",5,Hotel Roca Negra del Arenal,alojamiento,booking,en,"El desayuno está bien, la ubicación está bien. 
Tranquilo y relajante. Ligera falta de comunicación en el traslado a Tortuguero. 
Pagamos $135 y nos dejaron en Guápiles y tuvimos que pagar $65 por 2 taxis para llevarnos a Pavona.
Nos dijeron que los $ 135 nos llevarían directamente a Guápiles, por lo que nos decepcionó bastante y nos causó un ligero estrés.",
"Great shower, spacious, quiet, helpful staff. Having to pay in cash",5,Hotel Roca Negra del Arenal,alojamiento,booking,en,"Gran ducha, personal espacioso, tranquilo y servicial. Tener que pagar en efectivo",
"This is like a garden with some cabins in it. The cabin is usually shared by two rooms, but they are well separated. It's pleasant just walking around the garden trails, listening to birds chirping. There is a swimming pool, table tennis, and pool. Birds could be too many for some people, and they will probably wake you up in the morning. They only take cash (USD or Colones). Breakfast is ok, $7/person, cash only too, and they are separate from the hotel. You may better go to the restaurant across the street for meals.",5,Hotel Roca Negra del Arenal,alojamiento,booking,en,"Esto es como un jardín con algunas cabañas. La cabaña suele ser compartida por dos habitaciones, pero están bien separadas. Es agradable simplemente caminar por los senderos del jardín y escuchar el canto de los pájaros. Hay una piscina, tenis de mesa y billar. Los pájaros pueden ser demasiados para algunas personas y probablemente te despertarán por la mañana. Sólo aceptan efectivo (USD o Colones). El desayuno está bien, $ 7 por persona, solo en efectivo también y están separados del hotel. Será mejor que vayas al restaurante de enfrente para comer.",
Staff was very friendly. Grounds were beautiful. Hotel was very clean. WiFi connection was not great. AC stopped a couple of times.,5,Hotel Roca Negra del Arenal,alojamiento,booking,en,El personal fue muy amable. Los jardines eran hermosos. El hotel estaba muy limpio. La conexión WiFi no era buena. El aire acondicionado se detuvo un par de veces.,
Very pretty and convenient to all attractions.,5,Hotel Roca Negra del Arenal,alojamiento,booking,en,Muy bonito y conveniente para todas las atracciones.,
Great location with view of Arenal volcano. And our cabin was perfect for a family. Beautiful gardens and handy to have a pool and games area. Staff were really friendly and helpful.,5,Hotel Roca Negra del Arenal,alojamiento,booking,en,Excelente ubicación con vista al volcán Arenal. Y nuestra cabaña era perfecta para una familia. Hermosos jardines y práctico para tener piscina y área de juegos. El personal fue realmente amable y servicial.,
"What a great hotel! The beautifull garden, the pool and the spacious and clean room/house we had. It was one off the best stays we had in Costa Rica! Also a nice breakfast and a good location!",5,Hotel Roca Negra del Arenal,alojamiento,booking,en,"¡Qué gran hotel! El hermoso jardín, la piscina y la habitación/casa espaciosa y limpia que teníamos. ¡Fue una de las mejores estadías que tuvimos en Costa Rica! ¡También un buen desayuno y una buena ubicación!",
"I had a great stay at Roca Negra. The room was lovely - very comfortable, spacious and clean. The location is really handy - a short car journey into central Fortuna and also close to activities such as the volcano etc. they offer breakfast for a small extra fee which was lovely. You can see lots of wildlife just sitting on your patio and the pool and hot tub was an extra perk! Thank you!",5,Hotel Roca Negra del Arenal,alojamiento,booking,en,"Tuve una estancia estupenda en Roca Negra. La habitación era preciosa, muy cómoda, espaciosa y limpia. La ubicación es realmente práctica: un corto viaje en automóvil hasta el centro de Fortuna y también cerca de actividades como el volcán, etc. Ofrecen desayuno por una pequeña tarifa adicional, lo cual fue encantador. Puedes ver mucha vida silvestre simplemente sentado en tu patio y la piscina y el jacuzzi fueron una ventaja adicional. ¡Gracias!",
"Very nice, spacious and clean room in a bungalow. The outside of the hotel is fantastic with a lot of plants, a nice Pool and a lot a little corners to sit in the garden (where you can see hummingbirds and other beautiful birds). A bit outside of la Fortuna but super easy to reach with a uber. The staff was extremely nice and funny, and super helpful to book tours. Maybe just the fact that we can only pay cash. And the breakfast is not great (no fresh juice and a small choice of options), to be paid extra,  and you have to wait quite a bit so to be taken into account if you have an early tour.",5,Hotel Roca Negra del Arenal,alojamiento,booking,en,"Habitación muy bonita, espaciosa y limpia en un bungalow. El exterior del hotel es fantástico, con muchas plantas, una bonita piscina y muchos rincones para sentarse en el jardín (donde se pueden ver colibríes y otras hermosas aves). Un poco fuera de la Fortuna pero muy fácil de llegar con un súper. El personal fue extremadamente amable y divertido, y muy útil para reservar excursiones. Quizás simplemente el hecho de que sólo podemos pagar en efectivo. Y el desayuno no es excelente (no hay jugo fresco y una pequeña variedad de opciones), se paga extra y hay que esperar bastante para que lo tomen en cuenta si tiene un recorrido temprano.",
The property is absolutely beautiful. Great care is taken to maintain all indoor and outdoor areas.,5,Hotel Roca Negra del Arenal,alojamiento,booking,en,La propiedad es absolutamente hermosa. Se tiene mucho cuidado en mantener todas las áreas interiores y exteriores.,
"Beautiful location, very near to the volcano so we had amazing view. A bit out of busy La Fortuna but still there were shops and restaurants, it was more quiet and I love that. The garden was very pretty and full of birds, though I liked more wild gardens than so well organized ;). The room and bathroom were huge and very comfy. Strong wifi. Very friendly staff. Nice jaccuzzi :).",5,Hotel Roca Negra del Arenal,alojamiento,booking,en,"Hermosa ubicación, muy cerca del volcán, así que teníamos una vista increíble. Un poco alejado de La Fortuna, pero todavía había tiendas y restaurantes, era más tranquilo y eso me encanta. El jardín era muy bonito y estaba lleno de pájaros, aunque me gustaban más los jardines salvajes que los tan bien organizados ;). La habitación y el baño eran enormes y muy cómodos. Wifi fuerte. Personal muy amable. Bonito jacuzzi :).",
"This was the only hotel in our long trip where we got towels dried on a rope and not in a clothes dryer. They were terrible.

Oh and please install a $300 reverse osmosis system in the coffee/tea area for all the guests to use.",5,Hotel Roca Negra del Arenal,alojamiento,booking,en,"Este fue el único hotel en nuestro largo viaje donde secamos las toallas con una cuerda y no en una secadora. Fueron terribles.

Ah, e instale un sistema de ósmosis inversa de $ 300 en el área de café y té para que lo utilicen todos los invitados.",
"Staff are friendly and always willing to help with booking tours in the erea.
Recommended some really nice restaurants to pick from.

Showers could use a little more water  pressure.
Breakfast could use a few more items on the menue.",5,Hotel Roca Negra del Arenal,alojamiento,booking,en,"El personal es amable y siempre está dispuesto a ayudar con la reserva de excursiones en la zona.
Recomendé algunos restaurantes realmente agradables para elegir.

A las duchas les vendría bien un poco más de presión de agua.
Al desayuno le vendrían bien algunos platos más del menú.",
Charming!,5,Hotel Roca Negra del Arenal,alojamiento,booking,unknown,Charming!,
"This was our family’s favorite hotel of this vacation. It was very clean, relaxing and the location was perfect",5,Hotel Roca Negra del Arenal,alojamiento,booking,en,"Este fue el hotel favorito de nuestra familia durante estas vacaciones. Estaba muy limpio, relajante y la ubicación era perfecta.",
"The hostess at the front desk was amazingly helpful and so it's cheerful. She really made our stay great and showed us all of the facilities. The land is beautiful and had a really cool farm like ambience on one area that the kids love to explore, and then it had great recreational space, beautiful landscaping and a pool (it truly felt like our own personal pool since there was nobody else at it the entire time we were there). The location was great, and we had a decent discount to the Baldi Springs nearby, which was a fabulous experience. There were 14 people in our group, and we would all go back!",5,Hotel Roca Negra del Arenal,alojamiento,booking,en,"La anfitriona de la recepción fue increíblemente servicial y por eso es alegre. Ella realmente hizo que nuestra estancia fuera estupenda y nos mostró todas las instalaciones. El terreno es hermoso y tenía un ambiente de granja realmente genial en un área que a los niños les encanta explorar, y luego tenía un gran espacio recreativo, hermosos paisajes y una piscina (realmente se sentía como nuestra propia piscina personal ya que no había nadie más en ella durante todo el tiempo que estuvimos allí). La ubicación era estupenda y tuvimos un descuento decente en el cercano Baldi Springs, lo cual fue una experiencia fabulosa. Éramos 14 personas en nuestro grupo y ¡todos regresaríamos!",
Room was better than expected. Hotel facilities are very nice. We liked the fact that there was a lot of 'green' all over the place. We also liked the free coffee station. That we stayed just one night and would love to spend more time there.,5,Hotel Roca Negra del Arenal,alojamiento,booking,en,"La habitación era mejor de lo esperado. Las instalaciones del hotel son muy bonitas. Nos gustó el hecho de que había mucho ""verde"" por todas partes. También nos gustó la estación de café gratis. Que nos quedamos solo una noche y nos encantaría pasar más tiempo allí.",
"The grounds, rooms and staff were exceptional. The shower head was not sized correctly for the shower and cause water to get outside the shower itself.  Our only minor concern.",5,Hotel Roca Negra del Arenal,alojamiento,booking,en,"Los jardines, las habitaciones y el personal fueron excepcionales. El cabezal de la ducha no tenía el tamaño correcto para la ducha y provocaba que el agua saliera de la ducha.  Nuestra única preocupación menor.",
We really enjoyed the room. The shower was amazing The layout was different but beautiful. The staff was always attentive and helpful. We had trouble with the electronics and we're taken care if quickly. Beautiful grounds with the most amazing view from the porch of the volcano. Nothing,5,Hotel Roca Negra del Arenal,alojamiento,booking,en,Realmente disfrutamos de la habitación. La ducha era increíble. El diseño era diferente pero hermoso. El personal siempre fue atento y servicial. Tuvimos problemas con la electrónica y nos solucionaron rápidamente. Hermosos terrenos con la vista más sorprendente desde el pórtico del volcán. Nada,
"Everything was excellent! The room was very clean, the amenities were great and the staff were excellent and very attentive. We had a fantastic stay!",5,Hotel Roca Negra del Arenal,alojamiento,booking,en,"¡Todo fue excelente! La habitación estaba muy limpia, las comodidades eran estupendas y el personal era excelente y muy atento. ¡Tuvimos una estancia fantástica!",
Loved everything about this hotel! That we only had one night to stay here. Would like to have stayed a few days here.,5,Hotel Roca Negra del Arenal,alojamiento,booking,en,¡Me encantó todo acerca de este hotel! Que solo tuvimos una noche para quedarnos aquí. Me hubiera gustado quedarme unos días aquí.,
"The property was really lovely.  Beautiful plantings, very natural.  Pleasant pool and hot tub.   Very nice staff.",5,Hotel Roca Negra del Arenal,alojamiento,booking,en,"La propiedad era realmente encantadora.  Hermosas plantaciones, muy naturales.  Agradable piscina y jacuzzi.   Personal muy agradable.",
Staff treated us as family. I loved that they had security gate that closes after 5 pm.  I felt secure and safe,5,Hotel Roca Negra del Arenal,alojamiento,booking,en,El personal nos trató como a una familia. Me encantó que tuvieran puerta de seguridad que cierra después de las 5 pm.  Me sentí seguro y protegido,
The cabins were very comfortable and private. Could have coffee makers in the cabins.,5,Hotel Roca Negra del Arenal,alojamiento,booking,en,Las cabañas eran muy cómodas y privadas. Podría haber cafeteras en las cabañas.,
Clearly well maintained and clean . Birdlife and gardens were wonderful. Volcano view was exceptional from our room. Staff friendly and courteous.  Pool was excellent and relaxing.,5,Hotel Roca Negra del Arenal,alojamiento,booking,en,Claramente bien mantenido y limpio. Las aves y los jardines eran maravillosos. La vista del volcán era excepcional desde nuestra habitación. Personal amable y cortés.  La piscina era excelente y relajante.,
"The views of Arenal Volcano from our private veranda were amazing! The hotel is very welcoming. It has a shared coffee/tea area where you can make drinks whenever you wish. The pool and jacuzzi area were lovely, the gardens were well-maintained and the games area was a bonus. There are lots of restaurants and grocery shops within walking distance and the centre of La Fortuna is a short journey by Uber. The standard room was fine if a little small. The bed was comfortable and the air con was effective. I loved watching the hummingbirds from the veranda. Highly recommend visiting the Bogarin Trail (guided tour), North Fields Coffee Tour, La Fortuna Waterfall, and Mirador el Silencio.",5,Hotel Roca Negra del Arenal,alojamiento,booking,en,"¡Las vistas del Volcán Arenal desde nuestra terraza privada fueron increíbles! El hotel es muy acogedor. Tiene una zona compartida de café/té donde podrás preparar bebidas cuando lo desees. La zona de la piscina y el jacuzzi eran preciosas, los jardines estaban bien cuidados y la zona de juegos era una ventaja. Hay muchos restaurantes y tiendas de comestibles a poca distancia y el centro de La Fortuna está a un corto trayecto en Uber. La habitación estándar estaba bien aunque un poco pequeña. La cama era cómoda y el aire acondicionado era eficaz. Me encantaba observar los colibríes desde la terraza. Recomiendo ampliamente visitar el Sendero Bogarín (visita guiada), el Tour de Café North Fields, la Catarata La Fortuna y el Mirador el Silencio.",
We loved it! Very clean and well maintained! The houses are clean and spacious! With a beautiful view of the volcano. Staff was very friendly and helpful! We enjoyed our time!,5,Hotel Roca Negra del Arenal,alojamiento,booking,en,¡Nos encantó! Muy limpio y bien mantenido! ¡Las casas son limpias y espaciosas! Con una hermosa vista al volcán. El personal fue muy amable y servicial. ¡Disfrutamos nuestro tiempo!,
The staff were amazing! Very friendly and helpful. The location and atmosphere was relaxing. Breakfast was good and the property was beautiful. We liked everything about our stay here.,5,Hotel Roca Negra del Arenal,alojamiento,booking,en,¡El personal fue increíble! Muy amable y servicial. La ubicación y el ambiente eran relajantes. El desayuno era bueno y la propiedad era hermosa. Nos gustó todo acerca de nuestra estancia aquí.,
"Absolutely stunning!! The amenities are perfect, there is a gorgeous view of the vulcano and a jungle feeling. It's conviently located and the staff are wonderful, the beds comfortable, the pool amazing. Loved it and cannot wait to come back All payments must be done in cash only",5,Hotel Roca Negra del Arenal,alojamiento,booking,en,"¡¡Absolutamente impresionante!! Las comodidades son perfectas, hay una hermosa vista del volcán y una sensación de jungla. Está convenientemente ubicado y el personal es maravilloso, las camas cómodas y la piscina increíble. Me encantó y no puedo esperar a volver. Todos los pagos deben realizarse únicamente en efectivo.",
"The garden is stunning and teeming with birds. If you enjoy birdwatching, this is an excellent place to stay. The WiFi signal in the room at night is barely usable, and the data signal in La Fortuna is also weak. I needed to handle something online at night and had to go out into the garden to find a better WiFi spot.",5,Hotel Roca Negra del Arenal,alojamiento,booking,en,"El jardín es impresionante y está repleto de pájaros. Si le gusta la observación de aves, este es un excelente lugar para quedarse. La señal WiFi en la habitación por la noche apenas se puede utilizar y la señal de datos en La Fortuna también es débil. Necesitaba manejar algo en línea por la noche y tuve que salir al jardín para encontrar un mejor lugar con WiFi.",
"This place is a lovely charming refuge that is within walking distance of downtown Fortuna. Staff were delightful. Rooms were spotless. Breakfast fast and delicious with great choices. Sheets smooth, cool and soft. Bed was perfect for me. The grounds were a huge selling point when I shopped for accommodations and they did not disappoint. Lush tropical oasis full of birds and color. Fully walled and gated was a nice surprise. Highly recommend! Only suggestion: the door to my cottage could not be set to an unlock position. My traveling companion locked herself out of the room about five times.",5,Hotel Roca Negra del Arenal,alojamiento,booking,en,"Este lugar es un encantador refugio encantador que se encuentra a poca distancia del centro de Fortuna. El personal fue encantador. Las habitaciones estaban impecables. Desayuno rápido y delicioso con excelentes opciones. Sábanas lisas, frescas y suaves. La cama era perfecta para mí. Los terrenos fueron un gran punto de venta cuando compré alojamiento y no me decepcionaron. Exuberante oasis tropical lleno de pájaros y color. Completamente amurallado y cerrado fue una agradable sorpresa. ¡Muy recomendable! Sólo sugerencia: la puerta de mi cabaña no se pudo configurar en la posición de desbloqueo. Mi compañera de viaje se encerró fuera de la habitación unas cinco veces.",
"Good location - out of the busy streets of la fortuna but close to everything and good restaurant options nearby. Spacious room, nice bed, nice shower. The high chair's harness was broken, so for little kids like ours you have to be super careful that they won't slide out of it. A new harness would make dinner time more relaxed :-) 

Also more place to hang your wet clothes / towels would be handy",5,Hotel Roca Negra del Arenal,alojamiento,booking,en,"Buena ubicación, lejos de las concurridas calles de la fortuna pero cerca de todo y buenas opciones de restaurantes cerca. Habitación espaciosa, buena cama, buena ducha. El arnés de la trona estaba roto, así que para niños pequeños como el nuestro hay que tener mucho cuidado de que no se salgan. Un nuevo arnés haría que la hora de la cena fuera más relajada :-) 

También sería útil tener más lugar para colgar la ropa o toallas mojadas.",
"Great location. Beautiful cabin with everything you need. Clean and peaceful. The breakfast was ok, not great.",5,Hotel Roca Negra del Arenal,alojamiento,booking,en,"Excelente ubicación. Hermosa cabaña con todo lo necesario. Limpio y pacífico. El desayuno estaba bien, no genial.",
"Clean and quiet, near places to eat and enjoy. No complaints",5,Hotel Roca Negra del Arenal,alojamiento,booking,en,"Limpio y tranquilo, cerca de lugares para comer y disfrutar. Sin quejas",
"Our room had a beautiful view of the volcano and hotel gardens. We were able to see a ton of different birds and other animals from our porch! The hotel grounds were beautiful overall, very lush with many types of plants. Nice and clean pool as well. And breakfast was delicious. Our room was away from the noise of the road, the only noises at night were the wildlife which was very relaxing. The pillows/bed could have been a little more comfortable but overall they were fine.",5,Hotel Roca Negra del Arenal,alojamiento,booking,en,"Nuestra habitación tenía una hermosa vista del volcán y de los jardines del hotel. ¡Pudimos ver un montón de pájaros y otros animales diferentes desde nuestro porche! Los jardines del hotel eran hermosos en general, muy exuberantes con muchos tipos de plantas. Piscina bonita y limpia también. Y el desayuno estuvo delicioso. Nuestra habitación estaba alejada del ruido de la carretera, los únicos ruidos por la noche eran los de la vida silvestre, lo cual era muy relajante. Las almohadas y la cama podrían haber sido un poco más cómodas, pero en general estaban bien.",
"Absolutely lovely. The setting, among beautiful gardens, was perfect. The rooms and all facilities are well thought out, comfortable, clean and quiet. Not a thing.",5,Hotel Roca Negra del Arenal,alojamiento,booking,en,"Absolutamente encantador. El entorno, entre preciosos jardines, era perfecto. Las habitaciones y todas las instalaciones están bien pensadas, son cómodas, limpias y tranquilas. Nada.",
"Everything: staff, facilities, pool, accommodation, location to restaurants, tours available. The road can be noisey.",5,Hotel Roca Negra del Arenal,alojamiento,booking,en,"Todo: personal, instalaciones, piscina, alojamiento, ubicación de restaurantes, tours disponibles. El camino puede ser ruidoso.",
"Very unique place, accessible, clean, friendly staff and it’s nice to see the volcano from your room and the animals.",5,Hotel Roca Negra del Arenal,alojamiento,booking,en,"Un lugar único, accesible, limpio, personal amable y es agradable ver el volcán desde tu habitación y los animales.",
"The cabins were exceptional. They were private, quiet, comfortable. They had lots of room.  The shower was huge, and the beds were comfortable. The grounds cannot be beat. There was so much beauty everywhere around us and the location was close to everything. Great walking score.  Breakfast was very good, people so hospitable and kind. I can't think of a think I didn't like.  It rained quite a bit, but such beauty doesn't come without some rain. It is a rain forest afterall!",5,Hotel Roca Negra del Arenal,alojamiento,booking,en,"Las cabañas eran excepcionales. Eran privados, tranquilos y cómodos. Tenían mucho espacio.  La ducha era enorme y las camas eran cómodas. Los terrenos son inmejorables. Había tanta belleza a nuestro alrededor y la ubicación estaba cerca de todo. Excelente puntaje de caminata.  El desayuno era muy bueno, la gente muy hospitalaria y amable. No se me ocurre nada que no me haya gustado.  Llovió bastante, pero tanta belleza no viene sin un poco de lluvia. ¡Después de todo, es una selva tropical!",
"Beautiful gardens with view of Arenal. The room was super clean, spacious, huge comfy bed, good AC. No mosquitoes too. Also loved how there were loads of animals around. The location is good too, outside the business of La fortuna, very quiet but can take Ubers everywhere for cheap. 

The staff were excellent and super friendly and helpful, they helped us to book some excursions including whitewater rafting and thermal springs which were cheaper than the online prices. Super recommend Maybe could have more places to hang clothes to dry (also stuff never dries but that is because of the humidity)",5,Hotel Roca Negra del Arenal,alojamiento,booking,en,"Hermosos jardines con vista al Arenal. La habitación estaba súper limpia, espaciosa, con una cama enorme y cómoda y buen aire acondicionado. Tampoco hay mosquitos. También me encantó cómo había muchos animales alrededor. La ubicación también es buena, fuera del negocio de La fortuna, muy tranquila pero puedes llevar Ubers a todas partes por poco dinero. 

El personal fue excelente y muy amable y servicial, nos ayudaron a reservar algunas excursiones, incluido rafting y aguas termales, que eran más baratas que los precios en línea. Súper recomendado Tal vez podría haber más lugares para colgar la ropa para que se seque (además, las cosas nunca se secan, pero eso se debe a la humedad)",
Great garden like atmosphere with closeup views of the volcano. Unfortunately it rained alot so dampened our experience but the reviews were right: this is a funky and affordable little gem.,5,Hotel Roca Negra del Arenal,alojamiento,booking,en,"Gran ambiente tipo jardín con vistas de cerca del volcán. Desafortunadamente, llovió mucho, lo que afectó nuestra experiencia, pero las críticas fueron correctas: esta es una pequeña joya original y asequible.",
The location was close to everything! Our stay was short,5,Hotel Roca Negra del Arenal,alojamiento,booking,en,¡La ubicación estaba cerca de todo! Nuestra estancia fue corta.,
"The property was very beautiful with a lot of beautiful trees, palms. And so many fun games, pool table, hot top, pool, free coffee, big kitchen. I loved to see chickens with their new born babies. Rooms clean, with king bed, a lot of relaxing areas. 
Great location with ton of best restaurants with best ceviches 💜 Elisabeth welcomed us, she has a little attitude character, but when we were leaving she changed a little bit)) But rest of the staff was very very sweet and friendly.",5,Hotel Roca Negra del Arenal,alojamiento,booking,en,"La propiedad era muy hermosa con muchos árboles y palmeras hermosos. Y tantos juegos divertidos, mesa de billar, hot top, billar, café gratis, gran cocina. Me encantaba ver gallinas con sus crías recién nacidas. Habitaciones limpias, con cama king, muchas zonas de relax. 
Excelente ubicación con muchos de los mejores restaurantes con los mejores ceviches. Elisabeth nos recibió, tiene un poco de carácter, pero cuando nos íbamos cambió un poco)) Pero el resto del personal fue muy, muy dulce y amable.",
We absolutely loved our stay at Roca Negra. The lush tropical gardens were exceptional and the staff were amazing. The room was very clean and comfortable! We would definitely stay here again!,5,Hotel Roca Negra del Arenal,alojamiento,booking,en,Nos encantó nuestra estancia en Roca Negra. Los exuberantes jardines tropicales eran excepcionales y el personal era increíble. La habitación estaba muy limpia y cómoda. ¡Definitivamente nos hospedaríamos aquí de nuevo!,
"Beautiful garden, clean and comfortable rooms, and very friendly staff. There was a little bit of road noise and some roosters in the morning.",5,Hotel Roca Negra del Arenal,alojamiento,booking,en,"Hermoso jardín, habitaciones limpias y cómodas y personal muy amable. Se oía un poco de ruido de la carretera y algunos gallos por la mañana.",
"Great location, great staff, great rooms would stay here again",5,Hotel Roca Negra del Arenal,alojamiento,booking,en,"Excelente ubicación, excelente personal, excelentes habitaciones. Me alojaría aquí de nuevo.",
"The lovely lush gardens, birds, view of the volcano, when not shrouded in cloud, huge comfortable bedrooms with terrific showers, a covered porch to enjoy the natural surroundings.",5,Hotel Roca Negra del Arenal,alojamiento,booking,en,"Los preciosos y exuberantes jardines, las aves, la vista del volcán, cuando no está envuelto en nubes, las enormes y cómodas habitaciones con fantásticas duchas y un porche cubierto para disfrutar del entorno natural.",
Beautiful place! We would have stayed longer if it had stopped raining:) Rained constantly and everything cost $$$ - even for a walk in the jungle.,5,Hotel Roca Negra del Arenal,alojamiento,booking,en,"¡Hermoso lugar! Nos hubiéramos quedado más tiempo si hubiera dejado de llover :) Llovió constantemente y todo costó $$$, incluso un paseo por la jungla.",
"The garden, the coffee corner,  the location, everything was perfect",5,Hotel Roca Negra del Arenal,alojamiento,booking,en,"El jardín, el rincón del café, la ubicación, todo fue perfecto.",
A spacious comfortable room with a great bathroom area and comfy rocking chairs on the terrace to sit watching the birds in the beautiful garden. Enjoyed the small pool and jacuzzi. Optional breakfast was average but good value. It would have been handy to have a kettle in the room.,5,Hotel Roca Negra del Arenal,alojamiento,booking,en,Una habitación espaciosa y cómoda con una excelente zona de baño y cómodas mecedoras en la terraza para sentarse a observar los pájaros en el hermoso jardín. Disfruté de la pequeña piscina y el jacuzzi. El desayuno opcional era normalito pero tenía una buena relación calidad-precio. Hubiera sido útil tener un hervidor de agua en la habitación.,
"The location is excellent, the staff are very friendly and helpful The breakfast we were told was amazing and I had pancakes and they were great, but the omelette and other dishes were a little bland sadly",5,Hotel Roca Negra del Arenal,alojamiento,booking,en,"La ubicación es excelente, el personal es muy amable y servicial. El desayuno que nos dijeron era increíble y comí panqueques y estaban geniales, pero la tortilla y otros platos eran un poco sosos, lamentablemente.",
"The lady in the reception was super friendly and made us feel comfortable. 
Gardens are beautiful, and the view was superb .
Loved the big room and super king bed. Nothing",5,Hotel Roca Negra del Arenal,alojamiento,booking,en,"La señora de recepción fue muy amable y nos hizo sentir cómodos. 
Los jardines son hermosos y la vista era magnífica.
Me encantó la habitación grande y la cama super king. Nada",
"Beautiful tropical ambiance with the sounds of birds, crickets, frogs, and other animals (hidden in the trees and foliage). We enjoyed the entire experience. The staff, the rooms, the location, surroundings, and the overall ambiance. The breakfast was the only area that could be improved. It would help if they could speak a bit more English, or had someone there who could interpret. Communication was difficult and we ended up getting an unexpected meal. Not a big deal, but something to consider.",5,Hotel Roca Negra del Arenal,alojamiento,booking,en,"Hermoso ambiente tropical con sonidos de pájaros, grillos, ranas y otros animales (escondidos entre los árboles y el follaje). Disfrutamos toda la experiencia. El personal, las habitaciones, la ubicación, el entorno y el ambiente en general. El desayuno era lo único que podría mejorarse. Sería útil si pudieran hablar un poco más de inglés o si tuvieran a alguien que pudiera interpretar. La comunicación fue difícil y terminamos recibiendo una comida inesperada. No es gran cosa, pero es algo a considerar.",
"The amenities are fantastic! Nice pool and hot tub, breakfast available for $7 USD, spacious rooms and bathrooms, lots of outdoor hangout areas, beautiful landscaping, critters wandering about (ducks, chickens, turkeys, peacock, geese, a couple kitties, a few pups... All very friendly/ uninterested in you, so don't worry about the peacock or turkey, ha ha). Also, even though off main road, nice and quiet in the rooms. Good a/c, functioning refrigerator. You do have access to coffee machine and hot water 24/7, but in a communal area... Same goes for some plates, silverware, microwave (all in communal outdoor space). And, the game area is such a nice addition (foosball, pool table, ping pong)! When we arrived the a/c and refrigerator were not turned on... I completely support saving energy, but it took a few hours for the fridge to get down to temp and we had stuff that needed to be kept cool; the a/c cooled the room down after about half an hour, so obviously not a big deal, just would've been nice after a long hot drive to step into a cool room

**This is not a faulting of the hotel whatsoever, just a personal preference**
Would like to have individual coffee machine in the actual hotel rooms as we travel with our own coffee and hate to throw out other coffee people have made at the communal space just because we want what we brought and only brew a cup or two at a time.",5,Hotel Roca Negra del Arenal,alojamiento,booking,en,"¡Las comodidades son fantásticas! Bonita piscina y jacuzzi, desayuno disponible por $7 USD, habitaciones y baños espaciosos, muchas áreas de descanso al aire libre, hermosos paisajes, bichos deambulando (patos, gallinas, pavos, pavos reales, gansos, un par de gatitos, algunos cachorros... Todos muy amigables y desinteresados ​​en ti, así que no te preocupes por el pavo real o el pavo, ja, ja). Además, aunque está fuera de la carretera principal, las habitaciones son agradables y tranquilas. Buen aire acondicionado, refrigerador en funcionamiento. Tienes acceso a cafetera y agua caliente las 24 horas, los 7 días de la semana, pero en una zona comunitaria... Lo mismo ocurre con algunos platos, cubiertos, microondas (todo en un espacio exterior comunitario). ¡Y el área de juegos es una excelente adición (futbolín, mesa de billar, ping pong)! Cuando llegamos, el aire acondicionado y el refrigerador no estaban encendidos... Apoyo completamente el ahorro de energía, pero el refrigerador tardó algunas horas en bajar la temperatura y teníamos cosas que debíamos mantener frescas; el aire acondicionado enfrió la habitación después de aproximadamente media hora, así que obviamente no es gran cosa, simplemente hubiera sido bueno después de un largo viaje en coche entrar a una habitación fresca

**Esto no es un defecto del hotel en absoluto, sólo una preferencia personal**
Me gustaría tener una máquina de café individual en las habitaciones del hotel, ya que viajamos con nuestro propio café y odiamos tirar otro café que la gente ha preparado en el espacio común solo porque queremos lo que trajimos y solo preparamos una taza o dos a la vez.",
"Very nice breakfast... staff friendly.  This is an inexpensive nice hotel very close to everything in Fortuna and surrounding Arenal area.  The beds were comfortable, bathrooms nice, decor lovely.  Nice pool and ""play area"" (pool table, etc). It would be nice to have a restaurant - not just for breakfast.",5,Hotel Roca Negra del Arenal,alojamiento,booking,en,"Muy buen desayuno... personal amable.  Este es un bonito hotel económico muy cerca de todo en Fortuna y los alrededores del Arenal.  Las camas eran cómodas, los baños bonitos y la decoración preciosa.  Bonita piscina y ""zona de juegos"" (mesa de billar, etc.). Sería bueno tener un restaurante, no sólo para el desayuno.",
"Cabin with hammock in the amazing garden was great. Staff very friendly. Breakfast (not included) was great as well. Close to spa’s and hikes. Only option was to pay in cash, that was not ideal for us.",5,Hotel Roca Negra del Arenal,alojamiento,booking,en,"Cabaña con hamaca en el increíble jardín fue genial. El personal es muy amable. El desayuno (no incluido) también era genial. Cerca de spa y caminatas. La única opción era pagar en efectivo, eso no era lo ideal para nosotros.",
Comfortable rooms nice landscaping probably as good as you will get get in Arenal,5,Hotel Roca Negra del Arenal,alojamiento,booking,en,"Habitaciones cómodas, bonitos jardines, probablemente tan buenos como los que encontrarás en Arenal.",
"Nice property with a small walking trail through the grounds, breakfast was descent for 7$. Staff were friendly, pool area is quite nice with a small games room and lounge areas in several places around the property. we would definetly stay again Not much not to like, cabins are not very sound proof.",5,Hotel Roca Negra del Arenal,alojamiento,booking,en,"Bonita propiedad con un pequeño sendero para caminar por los jardines, el desayuno era decente por 7$. El personal era amable, el área de la piscina es bastante agradable con una pequeña sala de juegos y áreas de descanso en varios lugares alrededor de la propiedad. Sin duda nos alojaríamos de nuevo. No hay mucho que no me guste, las cabañas no están muy insonorizadas.",
The grounds and walkways were very attractive and well located. We enjoyed the rocking chairs for sitting outside our room. It was a very attractive setting. The room was clean and well maintained. The hot water was not reliable.,5,Hotel Roca Negra del Arenal,alojamiento,booking,en,Los jardines y los pasillos eran muy atractivos y estaban bien ubicados. Disfrutamos de las mecedoras para sentarnos fuera de nuestra habitación. Era un escenario muy atractivo. La habitación estaba limpia y bien mantenida. El agua caliente no era confiable.,
Beautiful gardens and friendly staff,5,Hotel Roca Negra del Arenal,alojamiento,booking,en,Hermosos jardines y personal amable.,
"The gardens are spectacular.  The birding here is one of the highlights.  The pool was clean, the games room operational, rooms were clean, location excellent..:we would recommend this place to our friends.  You can tell they put a lot of their profits back into the property. Would be nice to have breakfast included.  The drain in the shower did not drain well.  Oh, and they NEED to add another plug in in the kitchen…no way yea people and coffee people should be battling for the power early in the morning.  Small things though.",5,Hotel Roca Negra del Arenal,alojamiento,booking,en,"Los jardines son espectaculares.  La observación de aves aquí es uno de los aspectos más destacados.  La piscina estaba limpia, la sala de juegos operativa, las habitaciones estaban limpias, la ubicación excelente... Recomendaríamos este lugar a nuestros amigos.  Se nota que devolvieron muchas de sus ganancias a la propiedad. Sería bueno tener el desayuno incluido.  El desagüe de la ducha no drenaba bien.  Ah, y NECESITAN agregar otro enchufe en la cocina... de ninguna manera, sí, la gente y la gente del café deberían estar luchando por el poder temprano en la mañana.  Aunque pequeñas cosas.",
"Beautiful grounds and exceptionally friendly and helpful staff. A good location for meeting other travelers. The layout and Atmosphere were conducive to engaging with everyone. Breakfast was not included and was ok, with mediocre coffee.",5,Hotel Roca Negra del Arenal,alojamiento,booking,en,"Hermosos jardines y personal excepcionalmente amable y servicial. Un buen lugar para conocer a otros viajeros. El diseño y la atmósfera propiciaron la interacción con todos. El desayuno no estaba incluido y estaba bien, con café mediocre.",
"Staff were friendly and attentive. The room was clean. We liked the game area, and the children loved the pool. Wifi was very bad. It was a very slow wifi connection that often didn't work.",5,Hotel Roca Negra del Arenal,alojamiento,booking,en,El personal fue amable y atento. La habitación estaba limpia. Nos gustó la zona de juegos y a los niños les encantó la piscina. El wifi era muy malo. Era una conexión wifi muy lenta que muchas veces no funcionaba.,
The grounds and room were super clean. We also had access to a kitchen though it is meant for prep as there is no way to cook. Everything was well maintained.,5,Hotel Roca Negra del Arenal,alojamiento,booking,en,"Los jardines y la habitación estaban súper limpios. También teníamos acceso a una cocina, aunque está destinada a la preparación, ya que no hay forma de cocinar. Todo estaba bien mantenido.",
"Hotel is fabulous! The photos don’t do this place enough justice! Everything is perfect here the wildlife, plants, pool, staff, game, rooms and location.  This hotel is located 5 mins walk from the bars and restaurants, which keeps the noise to a minimum. Staff are super friendly and cannot do enough for you! The rooms have every little detail covered! I don’t understand how they could have any negative comments! This is super cheap for the hotel is it!",5,Hotel Roca Negra del Arenal,alojamiento,booking,en,"¡El hotel es fabuloso! ¡Las fotos no le hacen suficiente justicia a este lugar! Todo es perfecto aquí: vida silvestre, plantas, piscina, personal, juegos, habitaciones y ubicación.  Este hotel está situado a 5 minutos a pie de bares y restaurantes, lo que mantiene el ruido al mínimo. El personal es muy amable y no puede hacer más por ti. ¡Las habitaciones tienen cada pequeño detalle cubierto! ¡No entiendo cómo pueden tener comentarios negativos! ¡Esto es súper barato para el hotel!",
"The property was beautiful.  Stunning view from our window of the volcano. Many colourful plants, a faux jungle around the walkways and a beautiful pool area.  The rooms were large, spotless and were exceptionally comfortable.  It all felt very safe and relaxing. There was a free tea/coffee kitchen which was a thoughtful touch (and the coffee was gorgeous!). The staff were very attentive and helpful with booking activities. I was also lent their sewing kit to fix a broken seam on my backpack. Not being warned that the property was 100% cash when we booked.  We didn’t bring enough on us for the stay and it created a cash management issue. 
Breakfast was also unavailable due to the (sole?) cook being away for 2 days. Not ideal when activities begin early and days are high intensity.",5,Hotel Roca Negra del Arenal,alojamiento,booking,en,"La propiedad era hermosa.  Impresionante vista desde nuestra ventana del volcán. Muchas plantas coloridas, una falsa jungla alrededor de los pasillos y una hermosa área de piscina.  Las habitaciones eran grandes, estaban impecables y eran excepcionalmente cómodas.  Todo se sintió muy seguro y relajante. Había una cocina con té y café gratis, lo cual fue un toque atento (¡y el café estaba delicioso!). El personal fue muy atento y servicial con la reserva de actividades. También me prestaron su kit de costura para arreglar una costura rota en mi mochila. No nos advirtieron que la propiedad era 100% en efectivo cuando hicimos la reserva.  No trajimos lo suficiente para la estadía y eso creó un problema de administración de efectivo. 
El desayuno tampoco estaba disponible debido a que el (¿único?) cocinero estuvo ausente durante 2 días. No es ideal cuando las actividades comienzan temprano y los días son de alta intensidad.",
Beautiful setting Breakfast was not complimentary and was not worth the $7.00,5,Hotel Roca Negra del Arenal,alojamiento,booking,en,"Hermoso entorno El desayuno no era gratuito y no valía los $ 7,00",
"Absolutely beautiful place. The bungalows are set in the most amazing gardens. Each bungalow is very well laid out, loved sitting in the veranda looking at the beautiful flowers and plants and observing the wonderful hummingbirds who constantly fly by. There is a communal kitchen with free tea and coffee but breakfast is also available which was $7 and delicious. Also has a lovely pool and jacuzzi. We had 4 nights here and I honestly do not think we could have found a nicer place to stay in La Fortuna. A special mention to Elisabeth at Reception, she was such a character and always so helpful and friendly. Nothing",5,Hotel Roca Negra del Arenal,alojamiento,booking,en,"Absolutely beautiful place. Los bungalows están ubicados en los jardines más impresionantes. Cada bungalow está muy bien diseñado, me encanta sentarme en la terraza mirando las hermosas flores y plantas y observar los maravillosos colibríes que pasan volando constantemente. Hay una cocina común con té y café gratis, pero también se ofrece desayuno, que cuesta $ 7 y es delicioso. Also has a lovely pool and jacuzzi. Pasamos 4 noches aquí y, sinceramente, no creo que hubiéramos podido encontrar un lugar mejor para hospedarnos en La Fortuna. Una mención especial para Elisabeth en la recepción, ella fue todo un personaje y siempre muy servicial y amigable. Nada",
This property is beautiful. The staff is wonderful. Good breakfast. Lovely rooms.,5,Hotel Roca Negra del Arenal,alojamiento,booking,en,Esta propiedad es hermosa. El personal es maravilloso. Buen desayuno. Preciosas habitaciones.,
"Would happily return and recommend to anyone looking for an oasis on the outskirts of the town. The gardens were beautifully maintained and we saw parrots, hummingbirds and loads of other birds each day. It's a good 2km downhill walk to the town on an uneven footpath, which is fine if you've no mobility issues.",5,Hotel Roca Negra del Arenal,alojamiento,booking,en,"Con mucho gusto volvería y lo recomendaría a cualquiera que busque un oasis en las afueras de la ciudad. Los jardines estaban muy bien cuidados y vimos loros, colibríes y muchas otras aves cada día. Es una buena caminata cuesta abajo de 2 km hasta la ciudad por un sendero irregular, lo cual está bien si no tienes problemas de movilidad.",
Beautiful garden with spacious Bungalows. Ours also had a big terrace with rocking chairs. Bathroom is quite big and they also provide extra blankets in case it gets cold during the night. Its at the main street but you can’t hear the traffic at all once the gate closes behind you.,5,Hotel Roca Negra del Arenal,alojamiento,booking,en,"Hermoso jardín con amplios Bungalows. La nuestra también tenía una gran terraza con mecedoras. El baño es bastante grande y también proporcionan mantas adicionales en caso de que haga frío durante la noche. Está en la calle principal, pero no se oye el tráfico una vez que la puerta se cierra detrás de ti.",
"La Roca Negra is like staying in paradise! The wildlife is amazing, particularly the birds. I saw dozens of species, just walking around, including many humming birds, tanegers, and a white hawk. I also spotted a family of agouti. When the weather clears there is also a view of the volcano. Not much not to like.",5,Hotel Roca Negra del Arenal,alojamiento,booking,en,"¡La Roca Negra es como estar en el paraíso! La vida salvaje es asombrosa, especialmente las aves. Vi docenas de especies, simplemente caminando, incluidos muchos colibríes, tangaras y un halcón blanco. También vi una familia de agutíes. Cuando el clima mejora también se puede ver el volcán. No hay mucho que no me guste.",
Location was excellent… peaceful& quiet respite between adventures… optional breakfast was good and inexpensive… Towels & some blankets had a musty odor… Freshening up laundry would improve the experience,5,Hotel Roca Negra del Arenal,alojamiento,booking,en,La ubicación era excelente… un respiro tranquilo y silencioso entre aventuras… el desayuno opcional era bueno y económico… Las toallas y algunas mantas tenían un olor a humedad… Refrescar la ropa mejoraría la experiencia,
"We loved it! The hotel was super beautiful, clean, and well-organized. The variety of board games was great because we had so much fun, as well as with the ping-pong table and foosball they have. The size of the room was perfect too. We had an amazing vacation! We requested that our room be cleaned, but unfortunately, when we returned from our tour, it was still not tidy. :(",5,Hotel Roca Negra del Arenal,alojamiento,booking,en,"¡Nos encantó! El hotel era súper bonito, limpio y bien organizado. La variedad de juegos de mesa fue genial porque nos divertimos muchísimo, así como con la mesa de ping-pong y el futbolín que tienen. El tamaño de la habitación también era perfecto. ¡Tuvimos unas vacaciones increíbles! Solicitamos que limpiaran nuestra habitación, pero desafortunadamente, cuando regresamos de nuestro recorrido, todavía no estaba ordenada. :(",
"Lovely, modern large room and bathroom. Beautiful tropical gardens, great pool with hot tub, plus fun games room. Helpful friendly staff, near lots of restaurants. We didn’t have a car, but it was very easy and to get an Uber and lots of excursions/attractions will pick up up. It’s a little out of town, although there are restaurants locally. It meant it was a very relaxing place to stay though - central La Fortuna was very busy.",5,Hotel Roca Negra del Arenal,alojamiento,booking,en,"Preciosa y moderna habitación grande y baño. Hermosos jardines tropicales, gran piscina con jacuzzi y divertida sala de juegos. Personal amable y servicial, cerca de muchos restaurantes. No teníamos automóvil, pero fue muy fácil y conseguir un Uber y muchas excursiones/atracciones se activarán. Está un poco alejado de la ciudad, aunque hay restaurantes locales. Significaba que era un lugar muy relajante donde alojarse: el centro de La Fortuna estaba muy ocupado.",
Jacuzzi Not a lot of guests seemed to be social and actually use any of the cool facilities like the pool and game room. Weird.,5,Hotel Roca Negra del Arenal,alojamiento,booking,en,Jacuzzi No muchos huéspedes parecían ser sociables y realmente usaran alguna de las fantásticas instalaciones como la piscina y la sala de juegos. Extraño.,
"The room and grounds were very beautiful. This exceeded our expectations. The location was also fantastic. The cost was 13% higher than the booking.com reservation confirmation. Additionally, the property only accepted cash payment which was not expected and a minor inconvenience.",5,Hotel Roca Negra del Arenal,alojamiento,booking,en,"La habitación y los jardines eran muy bonitos. Esto superó nuestras expectativas. La ubicación también fue fantástica. El coste fue un 13% mayor que la confirmación de la reserva de booking.com. Además, la propiedad solo aceptó pagos en efectivo, lo cual no era lo esperado y representaba un inconveniente menor.",
Beautiful grounds. Modern and comfortable.,5,Hotel Roca Negra del Arenal,alojamiento,booking,en,Hermosos jardines. Moderno y confortable.,
The host is very nice. The environment is very family friendly! The breakfast is good! Kids love it!,5,Hotel Roca Negra del Arenal,alojamiento,booking,en,El anfitrión es muy agradable. ¡El ambiente es muy familiar! ¡El desayuno es bueno! ¡A los niños les encanta!,
"The breakfast, the view, the gardens, and the staff.  They were all lovely. The dehumidifier wasn't strong enough and the filter needed to be cleaned as it was blinking a red light that was very visible as we tried to sleep.",5,Hotel Roca Negra del Arenal,alojamiento,booking,en,"El desayuno, la vista, los jardines y el personal.  Todos eran encantadores. El deshumidificador no era lo suficientemente potente y era necesario limpiar el filtro, ya que parpadeaba una luz roja que era muy visible cuando intentábamos dormir.",
"Absolutely amazing place. This was the best accomodation we had in Costa Rica. Nice, clean room surrounded by beautiful garden. The garden is full of beautiful, colourful flowers, bushes, trees and the peacocks complement it all perfectly. The staff was very friendly and helpful. Love it, love it, love it here.",5,Hotel Roca Negra del Arenal,alojamiento,booking,en,"Un lugar absolutamente increíble. Este fue el mejor alojamiento que tuvimos en Costa Rica. Bonita y limpia habitación rodeada de un hermoso jardín. El jardín está lleno de hermosas y coloridas flores, arbustos y árboles, y los pavos reales lo complementan todo a la perfección. El personal fue muy amable y servicial. Me encanta, me encanta, me encanta aquí.",
"Staff was very friendly. Our room was clean and we loved the hammock on the porch looking at the volcano. Close to food, you could walk or drive to another little section further down. Was in a good location!",5,Hotel Roca Negra del Arenal,alojamiento,booking,en,"El personal fue muy amable. Nuestra habitación estaba limpia y nos encantó la hamaca en el porche mirando al volcán. Cerca de la comida, puedes caminar o conducir hasta otra pequeña sección más abajo. ¡Estaba en una buena ubicación!",
The gardens and view are beautiful.,5,Hotel Roca Negra del Arenal,alojamiento,booking,en,Los jardines y las vistas son hermosos.,
"Well located hotel with very clean rooms, we stayed in two rooms and most days ordered the breakfast which I thought good value for money in such a tourist town.  Nice pool, and great to have the game room on rainy days. Also front desk staff able to book some activities at discounted rates. Prepare to pay cash for your stay. Could be noisy from semi trucks braking outside  the main road but this was a common thing at all our hotels as trucks have no alternate routes.",5,Hotel Roca Negra del Arenal,alojamiento,booking,en,"Hotel bien ubicado con habitaciones muy limpias, nos hospedamos en dos habitaciones y la mayoría de los días pedimos el desayuno, lo cual me pareció una buena relación calidad-precio en una ciudad tan turística.  Bonita piscina y genial tener la sala de juegos en los días de lluvia. También el personal de recepción puede reservar algunas actividades a precios reducidos. Prepárese para pagar en efectivo por su estadía. Podría ser ruidoso por los camiones que frenan fuera de la carretera principal, pero esto era algo común en todos nuestros hoteles ya que los camiones no tienen rutas alternativas.",
Staff like Eugenia were caring and helpful. Personalized service. Beautiful amazing flowers in the garden and clean. Pillows were very comfortable Breakfast was ordinary,5,Hotel Roca Negra del Arenal,alojamiento,booking,en,El personal como Eugenia fue atento y servicial. Servicio personalizado. Hermosas flores increíbles en el jardín y limpias. Las almohadas eran muy cómodas. El desayuno era normal.,
"The room was spacious and beautiful; the landscaping and flowers were fantastic; the patio was the best! We sat outside and watched the many birds and other critters that visited. We loved being in the cabins furthest away. Breakfasts were awesome; all the staff and especially Elizabeth and Eugenie were so helpful, gracious and enjoyable to be around.",5,Hotel Roca Negra del Arenal,alojamiento,booking,en,"La habitación era espaciosa y hermosa; el paisaje y las flores eran fantásticos; ¡El patio era el mejor! Nos sentamos afuera y observamos las numerosas aves y otros bichos que nos visitaban. Nos encantó estar en las cabañas más alejadas. Los desayunos eran increíbles; Todo el personal y especialmente Elizabeth y Eugenie fueron muy serviciales, amables y agradables.",
Breakfast was very reasonably priced and tasty. The resort is beautiful. Cabins set amongst lovely plants and flowers. Lovely trail around the grounds. Lots of wildlife dog and two cats about. Two tricking chairs outside front with view of volcano La Fortuna road is very busy and noisy. Busier than the M25! Quite noisy at times,5,Hotel Roca Negra del Arenal,alojamiento,booking,en,El desayuno tenía un precio muy razonable y era sabroso. El complejo es hermoso. Cabañas ubicadas entre hermosas plantas y flores. Precioso sendero por los jardines. Hay muchos perros salvajes y dos gatos. Dos sillas de engaño afuera frente con vista al volcán La Fortuna. La carretera es muy transitada y ruidosa. ¡Más concurrido que la M25! Bastante ruidoso a veces,
Beautiful property. Exceptionally clean. Pleasant and helpful staff.  Would recommend 100%,5,Hotel Roca Negra del Arenal,alojamiento,booking,en,Hermosa propiedad. Excepcionalmente limpio. Personal agradable y servicial.  Lo recomendaría 100%,
They accommodate our request for early checking. Great location,5,Hotel Roca Negra del Arenal,alojamiento,booking,en,Se adaptan a nuestra solicitud de verificación anticipada. Excelente ubicación,
"Loved the porch sitting area, enjoyed the peaceful setting.  Lots of birds. Walking distance to restaurants, grocery store. Pool table, ping pong table, etc  provided downtime entertainment.  Short drive to many tours, site seeing activities.",5,Hotel Roca Negra del Arenal,alojamiento,booking,en,"Me encantó la zona de estar del porche, disfruté del entorno tranquilo.  Muchos pájaros. A poca distancia de restaurantes y supermercados. Mesa de billar, mesa de ping pong, etc. proporcionaron entretenimiento durante el tiempo libre.  Corto viaje en automóvil a muchos recorridos y actividades de visitas turísticas.",
"Clean, perfect location and lovely hosts. Breakfast was super too!",5,Hotel Roca Negra del Arenal,alojamiento,booking,en,"Limpio, ubicación perfecta y anfitriones encantadores. ¡El desayuno también estuvo genial!",
Roca Negra is beautiful! The staff is so friendly as our stay was extremely comfortable! Highly recommend for families especially. Breakfast was very good and reasonably priced. We loved our stay! The roosters start crowing very early in the morning so earplugs are recommended if you are not an early riser.,5,Hotel Roca Negra del Arenal,alojamiento,booking,en,"¡Roca Negra es hermosa! El personal es muy amable ya que nuestra estancia fue extremadamente cómoda. Muy recomendable especialmente para familias. El desayuno era muy bueno y a un precio razonable. ¡Nos encantó nuestra estancia! Los gallos empiezan a cantar muy temprano en la mañana, por lo que se recomienda el uso de tapones para los oídos si no eres madrugador.",
"We were treated very nicely. We got tipps for activities, what to do.
The room was very nice, within the garden with many plants and flowers where you could see quite a few birds. The view of the volcano was nice, when it wasn't raining too hard.
There wasn't a breakfast option during our stay, but there were possibilities of getting breakfast - and also dinner - nearby, a few minutes by foot..",5,Hotel Roca Negra del Arenal,alojamiento,booking,en,"Nos trataron muy bien. Recibimos consejos para actividades, qué hacer.
La habitación era muy bonita, dentro del jardín con muchas plantas y flores donde se podían ver bastantes pájaros. La vista del volcán era agradable, cuando no llovía demasiado.
No había opción de desayuno durante nuestra estancia, pero había posibilidades de desayunar - y también cenar - cerca, a pocos minutos a pie.",
Friendly staff. Very clean and well maintained. Delicious fresh breakfast. And an easy walk to shops and restaurants in town.,5,Hotel Roca Negra del Arenal,alojamiento,booking,en,Personal amable. Muy limpio y bien mantenido. Delicioso desayuno fresco. Y a un corto paseo de las tiendas y restaurantes de la ciudad.,
"loved the pool, the accommodations, the breakfast, the walkways to the rooms with so many plants and birds along each side. it was very well situated for everything we needed and everywhere we wanted to go.",5,Hotel Roca Negra del Arenal,alojamiento,booking,en,"Me encantó la piscina, el alojamiento, el desayuno, los pasillos hacia las habitaciones con tantas plantas y pájaros a cada lado. estaba muy bien situado para todo lo que necesitábamos y donde queríamos ir.",
The living room outside with open 24 hours. Eugenia was an enthusiastic and very helpful host. We enjoyed the nice hot bubble tub late in the evening. The room where big and very comfortable with a nice porch to watch all the the birds in the garden. Great place!,5,Hotel Roca Negra del Arenal,alojamiento,booking,en,El salón exterior con abierto las 24 horas. Eugenia fue una anfitriona entusiasta y muy servicial. Disfrutamos de la agradable bañera de burbujas caliente a última hora de la noche. La habitación era grande y muy cómoda con un bonito porche para observar todos los pájaros en el jardín. ¡Gran lugar!,
"Great location close to loads of restaurants and activity centres. 
Set in beautiful, lush surroundings.",5,Hotel Roca Negra del Arenal,alojamiento,booking,en,"Excelente ubicación cerca de muchos restaurantes y centros de actividades. 
Ubicado en un entorno hermoso y exuberante.",
"Gorgeous grounds with lots of little touches to make the place a wonderful hangout. We loved the reading and games books by the pool, the hot tub, and the plentiful garden work that brought in so much wildlife. I wish there was a sidewalk outside! It's on a pretty busy road. There are restaurants, a corner store, a laundry, and a few art galleries just minutes away by foot - but when it's muddy it can be pretty unpleasant trekking through the grass and unsafe walking on the road. This is of course not the property's fault.",5,Hotel Roca Negra del Arenal,alojamiento,booking,en,"Preciosos jardines con muchos pequeños detalles para hacer del lugar un lugar maravilloso para pasar el rato. Nos encantaron los libros de lectura y juegos junto a la piscina, el jacuzzi y el abundante trabajo de jardinería que atrajo tanta vida silvestre. ¡Ojalá hubiera una acera afuera! Está en una calle bastante transitada. Hay restaurantes, una tienda de la esquina, una lavandería y algunas galerías de arte a solo unos minutos a pie, pero cuando está embarrado puede ser bastante desagradable caminar por la hierba y caminar por la carretera. Por supuesto, esto no es culpa del establecimiento.",
Everything was perfect!,5,Hotel Roca Negra del Arenal,alojamiento,booking,en,¡Todo fue perfecto!,
"A very warm welcome, thank you Elisabeth! Everybody was very nice. A paradise big garden with the view of animals and lots of different birds, beautiful flowers and trees and a walking trail to go around . We enjoyed a nice pool an jacuzzi. We liked our room with comfy beds and a nice terrace with views. We would like to come again! We highly recommend!",5,Hotel Roca Negra del Arenal,alojamiento,booking,en,"Una bienvenida muy cálida, ¡gracias Elisabeth! Todos fueron muy amables. Un gran jardín paradisíaco con vista a animales y muchas aves diferentes, hermosas flores y árboles y un sendero para caminar. Disfrutamos de una bonita piscina y un jacuzzi. Nos gustó nuestra habitación con camas cómodas y una bonita terraza con vistas. ¡Nos gustaría volver! ¡Lo recomendamos encarecidamente!",
"Lovely swimming pool and we also enjoyed the games room playing table tennis, table football and pool.",5,Hotel Roca Negra del Arenal,alojamiento,booking,en,"Preciosa piscina y también disfrutamos de la sala de juegos jugando al ping-pong, al futbolín y al billar.",
Nothing to complain about.,5,Hotel Roca Negra del Arenal,alojamiento,booking,en,Nada de qué quejarse.,
"The hotel was really nice and good value for money but we didn't get chance to use the swimming pool unfortunately. The staff were really great and useful, it's a 15-20 walk into town which is fine in the day but we got taxis back.",5,Hotel Roca Negra del Arenal,alojamiento,booking,en,"El hotel era realmente bonito y tenía una buena relación calidad-precio, pero lamentablemente no tuvimos la oportunidad de usar la piscina. El personal fue realmente excelente y útil, es un paseo de 15 a 20 minutos hasta la ciudad, lo cual está bien durante el día, pero cogimos taxis de regreso.",
"Nice hotel in lovely garden. Staff was nice and helpful. Rooms are clean. Lovely little pool. Expensive for what you get. Breakfast is expensive. Rooms are clean, but a bit dated. The hotel is just next to a busy road with a lot of traffic. There are not enough sunbeds near the pool.",5,Hotel Roca Negra del Arenal,alojamiento,booking,en,"Bonito hotel en un precioso jardín. El personal fue agradable y servicial. Las habitaciones están limpias. Pequeña y encantadora piscina. Caro para lo que obtienes. El desayuno es caro. Las habitaciones están limpias, pero un poco anticuadas. El hotel está justo al lado de una calle muy transitada con mucho tráfico. No hay suficientes tumbonas cerca de la piscina.",
"Very, nice friendly staff, swimming pool and jacuzzi.",5,Hotel Roca Negra del Arenal,alojamiento,booking,en,"Muy, personal amable y agradable, piscina y jacuzzi.",
"Lush, well maintained landscaping",5,Hotel Roca Negra del Arenal,alojamiento,booking,en,Paisaje exuberante y bien mantenido,
"The environment, with small houses disseminated among a :luxuriant tropical vegetation and the common places for having a coffee or playing, and a friendly staff Less rain but not in the hands of the hotel",5,Hotel Roca Negra del Arenal,alojamiento,booking,en,"El entorno, con pequeñas casas diseminadas entre una exuberante vegetación tropical y los lugares comunes para tomar un café o jugar, y un personal amable. Menos lluvia pero no en manos del hotel.",
"Very quiet and comfortable bed No, breakfast was offered while we were there since I think they wasn’t enough staff",5,Hotel Roca Negra del Arenal,alojamiento,booking,en,"Cama muy tranquila y cómoda No, se ofreció desayuno mientras estuvimos allí ya que creo que no tenían suficiente personal.",
I LOVE THIS HOTEL! Waking up every morning and seeing the volcano just made my birthday trip even more special. I spent hours in the hammock just looking at the birds around me and the volcano! The pool was a great size and the hot tub was an added bonus. It is near all the tourist sites and lots of restaurants nearby. The tea and coffee facilities were great and the staff were so helpful and left me a little surprise in my room for my birthday. I would go back to this hotel in a heartbeat!,5,Hotel Roca Negra del Arenal,alojamiento,booking,en,¡ME ENCANTA ESTE HOTEL! Despertar cada mañana y ver el volcán hizo que mi viaje de cumpleaños fuera aún más especial. ¡Pasé horas en la hamaca simplemente mirando los pájaros a mi alrededor y el volcán! La piscina era de gran tamaño y el jacuzzi era una ventaja adicional. Está cerca de todos los sitios turísticos y de muchos restaurantes cercanos. Las instalaciones para preparar té y café eran geniales y el personal fue muy servicial y me dejó una pequeña sorpresa en mi habitación para mi cumpleaños. ¡Volvería a este hotel en un abrir y cerrar de ojos!,
"The beauty of it, and all the greenery also only amenities Nothing",5,Hotel Roca Negra del Arenal,alojamiento,booking,en,"La belleza del mismo, y todo el verdor además solo comodidades Nada",
Very friendly and helpful stuff. Great accommodation with lovely view and a being pool. The breakfast was just a bit basic for the price,5,Hotel Roca Negra del Arenal,alojamiento,booking,en,Cosas muy amables y serviciales. Gran alojamiento con preciosas vistas y una piscina. El desayuno era un poco básico para el precio.,
Proximity to attractions and restaurants No dislikes,5,Hotel Roca Negra del Arenal,alojamiento,booking,en,Proximidad a atracciones y restaurantes. No me disgusta,
"This place was absolutely wonderful. We saw hummingbirds from our porch every morning, with beautiful volcano views. I was sad to leave.",5,Hotel Roca Negra del Arenal,alojamiento,booking,en,"Este lugar fue absolutamente maravilloso. Vimos colibríes desde nuestro porche todas las mañanas, con hermosas vistas del volcán. Me entristeció irme.",
Everything about this place was exactly what they said it would be and more . I will recommend this place to my friends and family .it was worth it and I can’t wait to go back. Thank you for a great experience. There was nothing wrong with this place I love it and can’t wait to go back,5,Hotel Roca Negra del Arenal,alojamiento,booking,en,Todo acerca de este lugar era exactamente lo que dijeron que sería y más. Recomendaré este lugar a mis amigos y familiares. Valió la pena y no puedo esperar a volver. Gracias por una gran experiencia. No había nada malo en este lugar. Me encanta y no puedo esperar a volver.,
"Close to La Fortuna and Arenal; my own bungalow with terrace overlooking the volcano and with a small flower garden. Very friendly staff.
Accepts paypal. Room is smaller than advertised. They probably counted bath and terrace also. Whirlpool will be heated on demand. Does not accept credit cards.",5,Hotel Roca Negra del Arenal,alojamiento,booking,en,"Cerca de La Fortuna y Arenal; Mi propio bungalow con terraza con vista al volcán y con un pequeño jardín de flores. Personal muy amable.
Acepta paypal. La habitación es más pequeña de lo anunciado. Probablemente también contaron el baño y la terraza. La bañera de hidromasaje se calentará según demanda. No acepta tarjetas de crédito.",
"Behind the entrance Gate you feel like you've entered a hobby farm..adorable cabins surrounded by beautiful flora. Chickens, ducks, geese roam around. Very private and great view if the volcano. Walking paths. Everything was good.",5,Hotel Roca Negra del Arenal,alojamiento,booking,en,"Detrás de la puerta de entrada te sientes como si hubieras entrado en una granja de pasatiempos. Cabañas adorables rodeadas de hermosa flora. Pollos, patos y gansos deambulan. Vista muy privada y excelente del volcán. Senderos para caminar. Todo estuvo bien.",
"The tea/coffee area were great! And I loved the game area for kids. This was so helpful when it was raining! Breakfast was great as well. Sleeping would have been better with a screen on the window, so we could keep the windows open instead of using the AC, since it was a really nice temperature outside.",5,Hotel Roca Negra del Arenal,alojamiento,booking,en,"La zona de té/café era genial! Y me encantó la zona de juegos para niños. ¡Esto fue muy útil cuando estaba lloviendo! El desayuno también era genial. Dormir hubiera sido mejor con una pantalla en la ventana, así podríamos mantener las ventanas abiertas en lugar de usar el aire acondicionado, ya que afuera hacía una temperatura realmente agradable.",
"Cleanness and very friendly and helpful staff.
They treated me like a family.
Made all my tours and shuttle arrangements back to the capital, since I do not speak Spanish I didn’t feel like I am in foreign country. I wish I had a coffee machine in the room for my morning coffee.",5,Hotel Roca Negra del Arenal,alojamiento,booking,en,"Limpieza y personal muy amable y servicial.
Me trataron como a una familia.
Hice todos mis tours y arreglos de transporte de regreso a la capital, como no hablo español, no me sentí como si estuviera en un país extranjero. Ojalá tuviera una máquina de café en la habitación para mi café de la mañana.",
I liked the area!  Nice cabins. Not all cabins were updated.  We paid more for “upgraded” room that was in need of renovation!! It wasn’t clean so we complained and they switched out for us.  I thought the front desk staff were very unfriendly. Especially Kristin.  She was very unfriendly!!,5,Hotel Roca Negra del Arenal,alojamiento,booking,en,"¡Me gustó la zona!  Bonitas cabañas. No todas las cabañas fueron actualizadas.  ¡Pagamos más por una habitación ""mejorada"" que necesitaba una renovación! No estaba limpio, así que nos quejamos y nos cambiaron.  Pensé que el personal de recepción era muy antipático. Especialmente Cristina.  ¡¡Era muy antipática!!",
We enjoyed the friendly welcome and the beautiful garden!,5,Hotel Roca Negra del Arenal,alojamiento,booking,en,¡Disfrutamos de la cálida bienvenida y del hermoso jardín!,
The property is gorgeous. It is big and have a lot of well maintained little trails It is close to the road so it gets a little noisy during the day.,5,Hotel Roca Negra del Arenal,alojamiento,booking,en,"La propiedad es preciosa. Es grande y tiene muchos senderos pequeños bien mantenidos. Está cerca de la carretera, por lo que se vuelve un poco ruidoso durante el día.",
Alles was op en top in orde !,5,Hotel Roca Negra del Arenal,alojamiento,booking,af,¡Todo estaba en perfecto orden!,
"Bedrooms were clean, gorgeous and spacious. Rooms are situated in lush green areas that make the stay feel authentic and enjoyable.
Common areas included a lovely pool and games room that were very fun to use. /",5,Hotel Roca Negra del Arenal,alojamiento,booking,en,"Las habitaciones estaban limpias, preciosas y espaciosas. Las habitaciones están situadas en exuberantes zonas verdes que hacen que la estancia sea auténtica y agradable.
Las áreas comunes incluían una hermosa piscina y una sala de juegos que eran muy divertidas de usar. /",
"Great environment, beautiful view, pool with jacuzzi, lovely personnel X",5,Hotel Roca Negra del Arenal,alojamiento,booking,en,"Excelente ambiente, hermosa vista, piscina con jacuzzi, personal encantador X",
"Wonderful garden, very wide spread.",5,Hotel Roca Negra del Arenal,alojamiento,booking,af,"Maravilloso jardín, muy amplio.",
The rooms were very comfortable.  The location was great.  The host communicated very well. I would prefer more hooks or hanging rods for wet towels and bathing suits,5,Hotel Roca Negra del Arenal,alojamiento,booking,en,Las habitaciones eran muy cómodas.  La ubicación era genial.  El anfitrión se comunicó muy bien. Preferiría más ganchos o barras para colgar toallas mojadas y trajes de baño.,
"Phantastic view to the volcano, superbe garden with lots of humming birds. Spacious room. Excellent, wonderful staff. Great jacuzzi, nice pool. Billard, ping pong. All very well maintained. Good quality of matraces. Deco a bit sterile. One can hear the cars at the road. No coffee/tea in the room.",5,Hotel Roca Negra del Arenal,alojamiento,booking,en,"Fantástica vista al volcán, magnífico jardín con muchos colibríes. Habitación espaciosa. Excelente y maravilloso personal. Gran jacuzzi, bonita piscina. Billar, ping pong. Todo muy bien mantenido. Buena calidad de matraces. Deco un poco estéril. Se oyen los coches en la carretera. No hay café/té en la habitación.",
Roca Negra Del Arenal was a true revelation and exceeded all of our expectations. Each room is a little private bungalow and ours had a very large comfy bed as well as a hammock outside with a view towards the volcano. The property has a lovely pool area and for a small extra fee you can enjoy a delicious breakfast. Special thanks to Elizabeth and Dunya who looked after us and made our stay even better Nothing,5,Hotel Roca Negra del Arenal,alojamiento,booking,en,"Roca Negra Del Arenal fue una verdadera revelación y superó todas nuestras expectativas. Cada habitación es un pequeño bungalow privado y la nuestra tenía una cama muy grande y cómoda, así como una hamaca afuera con vista hacia el volcán. La propiedad cuenta con una hermosa área de piscina y por una pequeña tarifa adicional podrás disfrutar de un delicioso desayuno. Un agradecimiento especial a Elizabeth y Dunya que nos cuidaron e hicieron que nuestra estancia fuera aún mejor. Nada",
"This was an amazing place, far exceeded my expectations, the staff was amazing and very accommodating! Absolutely nothing, everything was excellent!",5,Hotel Roca Negra del Arenal,alojamiento,booking,en,"Este fue un lugar increíble, superó con creces mis expectativas, el personal fue increíble y muy servicial. Absolutamente nada, todo estuvo excelente!",
Beautiful setting. Clean and comfortable.,5,Hotel Roca Negra del Arenal,alojamiento,booking,en,Hermoso entorno. Limpio y cómodo.,
Beautiful scenery and pool area,5,Hotel Roca Negra del Arenal,alojamiento,booking,en,Hermoso paisaje y área de piscina.,
"The staff members at the reception desk went above and beyond to help us. We loved watching the diverse birds found in the garden around our room and the property. The air conditioning and pool were both great. We loved the location because this area just outside of La Fortuna is quieter. It's easy to walk to a few restaurants and shops, and also easy to access hiking and hot springs from here. We had a great view of the volcano right from the door of our room. The room was a bit small, and the roof leaked a little bit in two spots during torrential rain.",5,Hotel Roca Negra del Arenal,alojamiento,booking,en,"Los miembros del personal de recepción hicieron todo lo posible para ayudarnos. Nos encantó observar las diversas aves que se encuentran en el jardín alrededor de nuestra habitación y de la propiedad. El aire acondicionado y la piscina eran geniales. Nos encantó la ubicación porque esta zona a las afueras de La Fortuna es más tranquila. Es fácil caminar hasta algunos restaurantes y tiendas, y también es fácil acceder a caminatas y aguas termales desde aquí. Teníamos una gran vista del volcán desde la puerta de nuestra habitación. La habitación era un poco pequeña y el techo goteaba un poco en dos lugares durante la lluvia torrencial.",
"lush, tropical grounds with pathways to explore, staff was so friendly and helpful, very clean rooms, awesome front porch with amazing view of volcano.   felt very safe, pool area was very nice, and enjoyed a nice breakfast there. location was great near lots of restaurants and shops. would definitely stay here again. we loved the property",5,Hotel Roca Negra del Arenal,alojamiento,booking,en,"exuberantes jardines tropicales con senderos para explorar, el personal fue muy amable y servicial, habitaciones muy limpias, un impresionante porche con una vista increíble del volcán.   Me sentí muy seguro, el área de la piscina era muy agradable y disfruté de un buen desayuno allí. La ubicación era estupenda, cerca de muchos restaurantes y tiendas. Definitivamente me quedaría aquí de nuevo. nos encantó la propiedad",
The grounds were beautiful with a spectacular view of the volcano. Staff were very helpful.,5,Hotel Roca Negra del Arenal,alojamiento,booking,en,Los jardines eran preciosos con una vista espectacular del volcán. El personal fue muy servicial.,
The view of the volcano from our porch was amazing. The room was clean and comfortable. We did not use the pool but the ping pong and pool table were fun. The staff was friendly but their English was limited.,5,Hotel Roca Negra del Arenal,alojamiento,booking,en,"La vista del volcán desde nuestro porche era increíble. La habitación estaba limpia y cómoda. No utilizamos la piscina, pero el ping pong y la mesa de billar fueron divertidos. El personal era amable pero su inglés era limitado.",
"Roca Negra is fabulous! The location is very convenient (just opposite there is a great soda and 5 mins walking further you find the Red Frog resto/soda which is also amazing).
The houses are very comfortable, clean and the facilities are great - pool, billiard, mini football-table, etc. 
The breakfast is outsourced and for 7$ you really have a great food. After coming from Tortuguero NP, we were very happy arriving here. 
And the people at the property were very, very helpful and friendly! Not the case",5,Hotel Roca Negra del Arenal,alojamiento,booking,en,"¡Roca Negra es fabulosa! La ubicación es muy conveniente (justo enfrente hay un excelente refresco y a 5 minutos caminando encontrarás el resto/soda Red Frog, que también es increíble).
Las casas son muy cómodas, limpias y las instalaciones estupendas: piscina, billar, mini futbolín, etc. 
El desayuno lo subcontratan y por 7$ realmente tienes una comida estupenda. Después de venir del PN Tortuguero, estábamos muy felices de llegar aquí. 
¡Y la gente de la propiedad fue muy, muy servicial y amable! No es el caso",
We loved being able to walk around the property easily. Loved the beautiful grounds.  My husband loved the breakfast! Loved it all!,5,Hotel Roca Negra del Arenal,alojamiento,booking,en,Nos encantó poder caminar por la propiedad fácilmente. Me encantaron los hermosos jardines.  ¡A mi marido le encantó el desayuno! ¡Me encantó todo!,
"Breakfast was fantastic and felt very authentic for a great price. The location was perfect as we were interested in visiting the Arenal National park, Mistico Park, La Fortuna Waterfall, and Sloth Tour exhibit. Additionally we were able to walk to restaurants close by without worry. The gate made us feel very safe after hours. The staff was incredibly friendly especially the front desk staff who answered all our questions and even saved me with an umbrella when I got caught in heavy rain! They really made us feel so well taken care of! When the fog would lessen we had the best view of La Fortuna from the rocking chairs just outside of our room. We would absolutely recommend this place to anyone looking to stay in the Arenal area.",5,Hotel Roca Negra del Arenal,alojamiento,booking,en,"El desayuno era fantástico y parecía muy auténtico a un precio estupendo. La ubicación era perfecta ya que estábamos interesados ​​en visitar el Parque Nacional Arenal, el Parque Mistico, la Catarata La Fortuna y la exhibición Sloth Tour. Además pudimos caminar hasta los restaurantes cercanos sin preocupaciones. La puerta nos hizo sentir muy seguros después de horas. El personal fue increíblemente amable, especialmente el personal de recepción que respondió a todas nuestras preguntas e incluso me salvó con un paraguas cuando me atrapó una fuerte lluvia. ¡Realmente nos hicieron sentir muy bien atendidos! Cuando la niebla disminuía, teníamos la mejor vista de La Fortuna desde las mecedoras que estaban justo afuera de nuestra habitación. Recomendaríamos absolutamente este lugar a cualquiera que quiera alojarse en la zona del Arenal.",
"Great location. Friendly staff! Elizabeth and Ogenia (spelling?) were the receptionists during our stay and they were extremely helpful. The ladies cooking the breakfast were also wonderful. We enjoyed our time here and would highly recommend. It seems to be a family run hotel and they made sure guests were treated well. The staff helped us organize tours while we stayed and made our stay very welcoming and relaxing. A true Pura Vida vibe. There is a pool, hot tub, game room, and beautiful garden grounds. Also, if you are looking for some great food nearby, check out Red Frog Coffee Roasters. We loved their Costa Rican food for breakfast, lunch, and dinner as well as their natural fruit drinks and went multiple times. The road noise was a little loud, but that is out of the control of the hotel.",5,Hotel Roca Negra del Arenal,alojamiento,booking,en,"Excelente ubicación. Personal amable! Elizabeth y Ogenia (¿ortografía?) Fueron las recepcionistas durante nuestra estancia y fueron de gran ayuda. Las señoras que prepararon el desayuno también fueron maravillosas. Disfrutamos nuestra estancia aquí y lo recomendaríamos encarecidamente. Parece ser un hotel familiar y se aseguraron de que los huéspedes recibieran un buen trato. El personal nos ayudó a organizar excursiones durante nuestra estancia e hizo que nuestra estancia fuera muy acogedora y relajante. Una verdadera vibra de Pura Vida. Hay una piscina, jacuzzi, sala de juegos y hermosos jardines. Además, si está buscando buena comida cerca, visite Red Frog Coffee Roasters. Nos encantó su comida costarricense para el desayuno, el almuerzo y la cena, así como sus bebidas de frutas naturales, y fuimos varias veces. El ruido de la carretera era un poco fuerte, pero eso está fuera del control del hotel.",
The room with garden views are wonderful to wake up to. The property is very well maintained with a trail through an amazing garden. The swimming pool and jacuzzi are a nice way to end the day. The location is also good to walk down to local restaurants away from the busy town.,5,Hotel Roca Negra del Arenal,alojamiento,booking,en,La habitación con vistas al jardín es maravillosa para despertarse. La propiedad está muy bien mantenida con un sendero a través de un jardín increíble. La piscina y el jacuzzi son una buena manera de terminar el día. La ubicación también es buena para caminar hasta restaurantes locales lejos de la bulliciosa ciudad.,
Awesome hotel with a pool and jacuzzi and view of the volcano! Rooms are great too!,5,Hotel Roca Negra del Arenal,alojamiento,booking,en,Impresionante hotel con piscina y jacuzzi y vista al volcán! ¡Las habitaciones también son geniales!,
"Located in beautiful garden
Nice pool and jacuzzi
Leisure activities
Nice view on Arenal Breakfast can be improvef",5,Hotel Roca Negra del Arenal,alojamiento,booking,en,"Ubicado en un hermoso jardín.
Bonita piscina y jacuzzi.
Actividades de ocio
Bonita vista sobre Arenal El desayuno se puede mejorar.",
We had a great few days at Roca Negra. Staff were very friendly and accommodating. The property has really nice vibes. We liked everything.,5,Hotel Roca Negra del Arenal,alojamiento,booking,en,Pasamos unos días estupendos en Roca Negra. El personal fue muy amable y servicial. La propiedad tiene muy buenas vibraciones. Nos gustó todo.,
Kindness and service during the stay. Location and surrounding gardens. The pool area. Breakfast at the property.,5,Hotel Roca Negra del Arenal,alojamiento,booking,en,Amabilidad y servicio durante la estancia. Ubicación y jardines circundantes. La zona de la piscina. Desayuno en la propiedad.,
"Beautiful property. Had security gates. Views of the volcano. Private, individual casitas. Staff were helpful. Wish coffee was available so that I could enjoy the patio.",5,Hotel Roca Negra del Arenal,alojamiento,booking,en,Hermosa propiedad. Tenía puertas de seguridad. Vistas del volcán. Casitas privadas e individuales. El personal fue servicial. Ojalá hubiera café disponible para poder disfrutar del patio.,
Great location. Beautiful gardens that were around your rooms that made you feel in the jungle. Staff was very friendly and breakfast was very good.,5,Hotel Roca Negra del Arenal,alojamiento,booking,en,Excelente ubicación. Hermosos jardines que rodeaban tus habitaciones que te hacían sentir en la selva. El personal fue muy amable y el desayuno era muy bueno.,
"It is a very beautiful hotel at Arenal vulcano with an amazing garden (we saw a lot of hummingbirds) and with a super view of the volcano. The pool is very clean and enjoyable, and there is a caffee and tea corner too. The owner is very friendly and helpful. The hotel is very quiet and calm. There is a lot of good restaurants near the accomodation. -",5,Hotel Roca Negra del Arenal,alojamiento,booking,en,"Es un hotel muy hermoso en el volcán Arenal con un jardín increíble (vimos muchos colibríes) y con una vista estupenda del volcán. La piscina está muy limpia y es agradable, y también hay un rincón de café y té. El dueño es muy amable y servicial. El hotel es muy tranquilo y calmado. Hay muchos buenos restaurantes cerca del alojamiento. -",
"Beautiful views, very good looking property, secure, and friendly staff. Had an tropical house feel. Bed was a bit soft, Breakfast had limited veg options and room safe looked old and unreliable.",5,Hotel Roca Negra del Arenal,alojamiento,booking,en,"Hermosas vistas, propiedad muy atractiva, personal seguro y amable. Tenía una sensación de casa tropical. La cama era un poco blanda, el desayuno tenía opciones limitadas de verduras y la caja fuerte de la habitación parecía vieja y poco confiable.",
"The planting of the grounds was stunning, it felt like you were in a jungle and the view from the patio of the volcano was fantastic especially enjoyed whilst chilling in the hammock. The pool was ideal, there was also a games area for table tennis, pool table and a table football. The staff were super friendly and gave us good advice about what to do and how to get there. Location is a little out of the main area which suits us but taxi/uber is easy to take you around. Thank you for having us! Not a major issue, especially as they do pre warn you, but you can only pay in cash.",5,Hotel Roca Negra del Arenal,alojamiento,booking,en,"La plantación de los terrenos era impresionante, se sentía como si estuvieras en una jungla y la vista desde el patio del volcán era fantástica, especialmente disfrutada mientras te relajabas en la hamaca. La piscina era ideal, también había una zona de juegos para ping-pong, mesa de billar y futbolín. El personal fue muy amable y nos dio buenos consejos sobre qué hacer y cómo llegar. La ubicación está un poco alejada del área principal, lo que nos conviene, pero el taxi/uber es fácil de llevar. ¡Gracias por invitarnos! No es un problema importante, especialmente porque te avisan previamente, pero solo puedes pagar en efectivo.",
Location and rooms. Lovely staff -,5,Hotel Roca Negra del Arenal,alojamiento,booking,en,Ubicación y habitaciones. Personal encantador -,
"A smaller family style hotel with really cozy bungalows. Our did have a view on Arenal volcano. Beautiful garden, cozy walkways through the property, very friendly staff. Highly recommend!",5,Hotel Roca Negra del Arenal,alojamiento,booking,en,"Un hotel más pequeño de estilo familiar con bungalows realmente acogedores. Nuestra tenía una vista sobre el volcán Arenal. Hermoso jardín, senderos acogedores a través de la propiedad, personal muy amable. ¡Muy recomendable!",
Friendly staff No toucans!,5,Hotel Roca Negra del Arenal,alojamiento,booking,en,Personal amable ¡No hay tucanes!,
"Beautiful gardens, full of hummingbirds and butterflies. The view from our room was spectacular, of the Arenal volcano. The staff were friendly and helpful. Our room was large, and it was clean and comfortable. There was also a games area and we enjoyed playing pool.",5,Hotel Roca Negra del Arenal,alojamiento,booking,en,"Hermosos jardines, llenos de colibríes y mariposas. La vista desde nuestra habitación era espectacular, del volcán Arenal. El personal era amable y servicial. Nuestra habitación era grande y estaba limpia y cómoda. También había una zona de juegos y disfrutamos jugando al billar.",
"The location, scenery, people, and breakfast were wonderful",5,Hotel Roca Negra del Arenal,alojamiento,booking,en,"La ubicación, el paisaje, la gente y el desayuno fueron maravillosos.",
"Pool and jacuzzi awesome. Game room, outdoor lounge, on-site breakfast option and bungalow porch and hammock awesome. Staff helpful and welcoming. Gardens and grounds gorgeous. On-site animals including chickens sweet. Lighting in the room itself -overhead very bright, no way to tone down. Bedside lamp too dim to be useful, bathroom lighting dim. Those are minor issues only.",5,Hotel Roca Negra del Arenal,alojamiento,booking,en,"Piscina y jacuzzi impresionantes. Sala de juegos, salón al aire libre, opción de desayuno en el lugar y porche del bungalow y hamaca increíble. Personal servicial y acogedor. Jardines y terrenos preciosos. Animales del establecimiento, incluidas gallinas dulces. Iluminación en la habitación en sí: muy brillante, no hay manera de bajar el tono. Lámpara de noche demasiado tenue para ser útil, iluminación del baño tenue. Esos son sólo problemas menores.",
Pool was clean and well maintained.  The breakfast was very nicely prepared.,5,Hotel Roca Negra del Arenal,alojamiento,booking,en,La piscina estaba limpia y bien mantenida.  El desayuno estaba muy bien preparado.,
Beautiful grounds….paths that went on for ages and were so fun to explore,5,Hotel Roca Negra del Arenal,alojamiento,booking,en,Hermosos jardines... senderos que se prolongaron durante años y fueron muy divertidos de explorar.,
"Beautiful grounds and view! Lovely gardens and walking trails, many sitting areas, great view of Arenal. On the edge of town, so easy to walk to restaurants, etc yet away from the more crowded areas. We spent hours birdwatching from our front porch or common areas over the 4 night stay. Chickens, turkeys, ducks, cat, dogs made it feel homey. Gorgeous On-site breakfast was convenient and easy, but average.",5,Hotel Roca Negra del Arenal,alojamiento,booking,en,"Hermosos jardines y vista! Preciosos jardines y senderos para caminar, muchas áreas para sentarse, excelente vista del Arenal. En las afueras de la ciudad, es muy fácil llegar andando a restaurantes, etc., pero lejos de las zonas más concurridas. Pasamos horas observando aves desde nuestro porche o áreas comunes durante la estadía de 4 noches. Pollos, pavos, patos, gatos y perros lo hacían sentir hogareño. Magnífico desayuno en el lugar fue conveniente y fácil, pero promedio.",
Staff was friendly and helpful. The breakfast was simple but affordable and delicious. I couldn’t get over how fabulous the view of the volcano was from each front porch of units. The grounds were beautiful snd well-kept. Loved the friendly cats and chickens on the property. Would definitely stay again. They just need coffee makers in the rooms :),5,Hotel Roca Negra del Arenal,alojamiento,booking,en,El personal fue amable y servicial. El desayuno era sencillo pero asequible y delicioso. No podía olvidar lo fabulosa que era la vista del volcán desde cada porche delantero de las unidades. Los jardines eran preciosos y estaban bien cuidados. Me encantaron los amigables gatos y gallinas de la propiedad. Definitivamente me quedaría de nuevo. Sólo necesitan cafeteras en las habitaciones :),
Amazing my property. With an amazing view!,5,Hotel Roca Negra del Arenal,alojamiento,booking,en,Increíble mi propiedad. ¡Con una vista increíble!,
"This hotel exceeded my expectations. The pool area is beautiful, and the breakfast was a highlight of the stay. I recommend booking excursions through the hotel as well, specifically the Baldi Hot Springs. Great location - we brought a car, but were able to walk done to a Soda for dinner. I would stay again and recommend for others! One thing that is good to know is that they only take cash for payment.",5,Hotel Roca Negra del Arenal,alojamiento,booking,en,"Este hotel superó mis expectativas. La zona de la piscina es preciosa y el desayuno fue lo más destacado de la estancia. Recomiendo reservar excursiones a través del hotel también, específicamente a Baldi Hot Springs. Excelente ubicación: trajimos un automóvil, pero pudimos caminar hasta un refresco para cenar. ¡Me alojaría de nuevo y lo recomendaría a otros! Una cosa que es bueno saber es que sólo aceptan pagos en efectivo.",
"The rooms were very nice and clean, with a mini fridge, good places for storage and very comfortable beds. The pool was a perfect temperature and a great place to relax. The grounds are well maintained and had a beautiful maze of walking paths for wandering. Elizabeth is funny and very informative, willing to help with anything.",5,Hotel Roca Negra del Arenal,alojamiento,booking,en,"Las habitaciones eran muy bonitas y limpias, con una mini nevera, buenos lugares para guardar cosas y camas muy cómodas. La piscina tenía una temperatura perfecta y un gran lugar para relajarse. Los jardines están bien cuidados y tienen un hermoso laberinto de senderos para pasear. Elizabeth es divertida y muy informativa, dispuesta a ayudar con cualquier cosa.",
"Beautiful setting
Clean
Friendly staff 
Bungalows were clean and comfortable",5,Hotel Roca Negra del Arenal,alojamiento,booking,en,"Hermoso entorno
limpio
Personal amable 
Los bungalows estaban limpios y cómodos.",
"Breakfast was excellent with several options offered.  It included, fruit, coffee and juice.  Excellent deal for $7.  Pool was nice and provided a place to relax on the chairs and in the water.  Enjoyed the game room options. Nothing.",5,Hotel Roca Negra del Arenal,alojamiento,booking,en,"El desayuno era excelente con varias opciones ofrecidas.  Incluía fruta, café y zumo.  Excelente oferta por $7.  La piscina era agradable y proporcionaba un lugar para relajarse en las sillas y en el agua.  Disfruté de las opciones de la sala de juegos. Nada.",
The gardens are absolutely stunning and hotel has great view of the volcano. Very secure and lovely nature sounds in the evenings,5,Hotel Roca Negra del Arenal,alojamiento,booking,en,Los jardines son absolutamente impresionantes y el hotel tiene una gran vista del volcán. Sonidos de la naturaleza muy seguros y encantadores por las noches.,
"Very private, great location.",5,Hotel Roca Negra del Arenal,alojamiento,booking,en,"Muy privado, excelente ubicación.",
"Great outdoor area, super friendly staff, beautiful location",5,Hotel Roca Negra del Arenal,alojamiento,booking,en,"Excelente área al aire libre, personal súper amable, hermosa ubicación",
"Beautiful landscaping, enjoyed the small trails and the gorgeous view of Arenal from our porch.",5,Hotel Roca Negra del Arenal,alojamiento,booking,en,"Hermosos paisajes, disfrutamos de los pequeños senderos y de la hermosa vista del Arenal desde nuestro porche.",
"The best hotel we’ve been in Costa Rica!
Full of nature around and with a breathtaking volcano’s view, this place made our experience in La Fortuna even more amazing. 
Everything was very clean and spacious, with a great balcony facing the gardens and the volcano. 
The staff is super sweet and helpful, always smiling and willing to help.",5,Hotel Roca Negra del Arenal,alojamiento,booking,en,"¡El mejor hotel en el que hemos estado en Costa Rica!
Lleno de naturaleza alrededor y con una vista impresionante del volcán, este lugar hizo que nuestra experiencia en La Fortuna fuera aún más increíble. 
Todo estaba muy limpio y espacioso, con un gran balcón con vista a los jardines y al volcán. 
El personal es súper amable y servicial, siempre sonriendo y dispuesto a ayudar.",
"We thought the service was great! Great location to the area, Great food, Great accommodation's! We loved the wildlife walking/free roaming the property and what a view of the volcano! I think maybe, maybe the only thing was the door to the bathroom was loud and squeaky...nor was the bathroom air conditioned....but really didn't prevent us from enjoying the location.",5,Hotel Roca Negra del Arenal,alojamiento,booking,en,"¡Pensamos que el servicio fue excelente! Excelente ubicación en la zona, excelente comida, excelente alojamiento. Nos encantó la vida silvestre caminando/deambulando libremente por la propiedad y ¡qué vista del volcán! Creo que tal vez, tal vez lo único fue que la puerta del baño hacía ruido y chirriaba... y el baño tampoco tenía aire acondicionado... pero realmente no nos impidió disfrutar de la ubicación.",
Setting was in tended gardens which attracted many different birds as well as a sloth to discover. Mattress  was a bit worn with depressions,5,Hotel Roca Negra del Arenal,alojamiento,booking,en,"El entorno era de cuidados jardines que atraían a muchas aves diferentes, así como a un perezoso por descubrir. El colchón estaba un poco desgastado con depresiones.",
Great property for the time in La Fortuna. Located close to everything in the area. Property exceeded my expectations. The pictures online do not do it justice.,5,Hotel Roca Negra del Arenal,alojamiento,booking,en,Gran propiedad para la época en La Fortuna. Ubicado cerca de todo en la zona. La propiedad superó mis expectativas. Las fotos en línea no le hacen justicia.,
Loved the location. The hotel has a beautiful garden and trails and rooms  are big and nice. Every room has a nice big bathroom and shower.  The breakfast was tasty and not expensive.  The owner and staff are friendly and helpful. Liked everything,5,Hotel Roca Negra del Arenal,alojamiento,booking,en,Me encantó la ubicación. El hotel tiene un hermoso jardín y senderos y las habitaciones son grandes y bonitas. Cada habitación tiene un baño grande y bonito con ducha.  El desayuno era delicioso y no era caro.  El propietario y el personal son amables y serviciales. Me gustó todo,
"Very friendly staff, beautiful property and amazing facilities.",5,Hotel Roca Negra del Arenal,alojamiento,booking,en,"Personal muy amable, hermosa propiedad e instalaciones increíbles.",
"Amazing views, location, and facilites. Breakfast for additional charge was a good value and tasty. The staff was kind and helpful. We had really great time here and wish all other hotels we stay at would be this good. If you are lucky and get neighbours that lack manner and make noise then its not so easy to sleep.",5,Hotel Roca Negra del Arenal,alojamiento,booking,en,"Vistas, ubicación e instalaciones increíbles. El desayuno por un cargo adicional tenía una buena relación calidad-precio y era sabroso. El personal fue amable y servicial. Nos lo pasamos muy bien aquí y desearíamos que todos los demás hoteles en los que nos alojamos fueran tan buenos. Si tienes suerte y tienes vecinos que no tienen buenos modales y hacen ruido, entonces no será tan fácil dormir.",
"The game room was the best I have ever seen at hotel. Shuffleboard, pool, foosball and ping pong. We were traveling with an 11 year old who was entertained for hours. The pool and hot tub were lovely. The staff were funny, nice and accomodating.",5,Hotel Roca Negra del Arenal,alojamiento,booking,en,"La sala de juegos era la mejor que he visto en el hotel. Juego de tejo, billar, futbolín y ping pong. Viajábamos con un niño de 11 años que estuvo entretenido durante horas. La piscina y el jacuzzi eran encantadores. El personal era divertido, agradable y servicial.",
"Comfortable room, decent breakfast, good location. Nice gardens.",5,Hotel Roca Negra del Arenal,alojamiento,booking,en,"Habitación cómoda, desayuno decente, buena ubicación. Bonitos jardines.",
"Great hotel on the edge of La Fortuna. Modern, clean and spacious rooms with a lovely terrace and view of the volcano. The gardens are beautiful with birds all around. There was a convenient parking space outside the room. Pool area was nice too.
I liked the room fridge and there is a good selection of places to eat and shop on the doorstep. No coffee making facilities but there are local places to grab a takeout.",5,Hotel Roca Negra del Arenal,alojamiento,booking,en,"Gran hotel en las afueras de La Fortuna. Habitaciones modernas, limpias y espaciosas con una hermosa terraza y vista al volcán. Los jardines son preciosos con pájaros por todos lados. Había una cómoda plaza de aparcamiento fuera de la habitación. La zona de la piscina también era bonita.
Me gustó la nevera de la habitación y hay una buena selección de lugares para comer y comprar en la puerta. No hay cafetera, pero hay lugares locales para tomar comida para llevar.",
Property was lovely and Elizabeth was amazing. Location is perfect.,5,Hotel Roca Negra del Arenal,alojamiento,booking,en,La propiedad era preciosa y Elizabeth era increíble. La ubicación es perfecta.,
"The view, the comfort and size of the room, the pool, the location close to La Fortuna and its restaurants. Bonus: the hummingbirds flying around the garden Everything was up to our expectations",5,Hotel Roca Negra del Arenal,alojamiento,booking,en,"La vista, la comodidad y tamaño de la habitación, la piscina, la ubicación cerca de La Fortuna y sus restaurantes. Bono: los colibríes volando por el jardín. Todo estuvo a la altura de nuestras expectativas.",
"Close to town center, but felt like we were secluded!! Very clean and the view of Arenal volcano from our room was amazing! There was nothing bad!",5,Hotel Roca Negra del Arenal,alojamiento,booking,en,"Cerca del centro de la ciudad, ¡pero nos sentimos como si estuviéramos aislados! Muy limpio y la vista del volcán Arenal desde nuestra habitación era increíble! ¡No hubo nada malo!",
The property and staff were amazing!  Very friendly people working there and very helpful too! The location was great to lots of activities in the area and in nearby La Fortuna! Great relaxing pool for relaxing in the heat of the afternoon! We truly enjoyed our stay here but one suggestion would be to add ceiling fans in the rooms and even out on the front porches of the bungalows for extra comfort in the heat. Especially if/when the power goes out occasionally.,5,Hotel Roca Negra del Arenal,alojamiento,booking,en,"¡La propiedad y el personal fueron increíbles!  ¡Gente muy amable trabajando allí y muy servicial también! ¡La ubicación era excelente para muchas actividades en el área y en la cercana La Fortuna! ¡Gran piscina relajante para relajarse en el calor de la tarde! Realmente disfrutamos nuestra estadía aquí, pero una sugerencia sería agregar ventiladores de techo en las habitaciones e incluso en los porches delanteros de los bungalows para mayor comodidad en el calor. Especialmente si/cuando se corta la luz ocasionalmente.",
"The staff was helpful, comprehensive and friendly. Location. Gated (I felt safer). Would have loved to buy a beer or soda after a long day. But honestly it was lovely.",5,Hotel Roca Negra del Arenal,alojamiento,booking,en,"El personal fue servicial, comprensivo y amable. Ubicación. Cerrado (me sentí más seguro). Me hubiera encantado comprar una cerveza o un refresco después de un largo día. Pero sinceramente fue encantador.",
Food and coffee and service were exceptional. Location without view.,5,Hotel Roca Negra del Arenal,alojamiento,booking,en,"La comida, el café y el servicio fueron excepcionales. Ubicación sin vistas.",
The grounds were beautiful. So many different flowers. The a/c was inadequate to cool the unnecessarily large room.,5,Hotel Roca Negra del Arenal,alojamiento,booking,en,Los jardines eran hermosos. Tantas flores diferentes. El aire acondicionado era inadecuado para enfriar la habitación innecesariamente grande.,
The staff were very friendly & helpful with arranging transportation & scheduling day tours. I really enjoyed the healthy breakfasts. The room walls are thin enough to hear the next door people’s voices & alarms,5,Hotel Roca Negra del Arenal,alojamiento,booking,en,El personal fue muy amable y servicial a la hora de organizar el transporte y programar excursiones de un día. Realmente disfruté los desayunos saludables. Las paredes de la habitación son lo suficientemente delgadas como para escuchar las voces y alarmas de las personas de al lado.,
Location was great. Everything was convenient to get to. Bathrooms,5,Hotel Roca Negra del Arenal,alojamiento,booking,en,La ubicación era genial. Todo era conveniente para llegar. Baños,
The garden is beautiful and the room is nice I prefer buffet breakfast which is not the case here,5,Hotel Roca Negra del Arenal,alojamiento,booking,en,"El jardín es hermoso y la habitación es bonita. Prefiero el desayuno buffet, lo cual no es el caso aquí.",
This is an amazing place! Love its garden and the view of volcano right from the chairs in front of our room.,5,Hotel Roca Negra del Arenal,alojamiento,booking,en,¡Este es un lugar increíble! Me encanta su jardín y la vista del volcán desde las sillas frente a nuestra habitación.,
"It was beautiful and perfect. Everything you would want from a boutique hotel in Costa Rica. Very comfortable beds, awesome shower, beautiful scenery. Delicious breakfast for very reasonable price. Couldn’t have been better! Close to everything! Thank you!!",5,Hotel Roca Negra del Arenal,alojamiento,booking,en,"Fue hermoso y perfecto. Todo lo que desearías de un hotel boutique en Costa Rica. Camas muy cómodas, ducha impresionante, hermoso paisaje. Delicioso desayuno a un precio muy razonable. ¡No podría haber sido mejor! ¡Cerca de todo! ¡¡Gracias!!",
The room and bathroom were very spacious and very clean. The patio with the view on the arenal volcano is really nice to chill. The gardens on the property are very beautiful and you can see different animals too. The swimming pool was a nice bonus.,5,Hotel Roca Negra del Arenal,alojamiento,booking,en,La habitación y el baño eran muy espaciosos y estaban muy limpios. El patio con vista al volcán Arenal es realmente agradable para relajarse. Los jardines de la propiedad son muy hermosos y también puedes ver diferentes animales. La piscina fue una buena ventaja.,
"Clean and quiet rooms, lush  landscape, nice pool. Kids really enjoyed the game area with pool and ping pong.",5,Hotel Roca Negra del Arenal,alojamiento,booking,en,"Habitaciones limpias y tranquilas, paisaje exuberante, bonita piscina. Los niños disfrutaron mucho de la zona de juegos con piscina y ping pong.",
"We loved our stay here. Every apartment has a pretty little garden with seating and a hammock. We loved watching the hummingbirds feed on the flower nectar. The property also has a mini farm going on - expect chickens and geese to wander by and cockerels battling it out every morning to be the loudest alarm! The pool area is very nice and there’s a mini restaurant for breakfast (cash payment in dollars only). Eugenia is a great host, very dry sense of humour! A great little with a lovely, authentic charm. Highly recommend! Nothing",5,Hotel Roca Negra del Arenal,alojamiento,booking,en,"Nos encantó nuestra estancia aquí. Cada apartamento tiene un bonito jardín pequeño con asientos y una hamaca. Nos encantó ver a los colibríes alimentarse del néctar de las flores. La propiedad también cuenta con una mini granja: espere que pasen gallinas y gansos y que los gallos peleen todas las mañanas para ser la alarma más fuerte. El área de la piscina es muy bonita y hay un mini restaurante para desayunar (pago en efectivo solo en dólares). Eugenia es una gran anfitriona, ¡un sentido del humor muy seco! Un pequeño gran con un encanto encantador y auténtico. ¡Muy recomendable! Nada",
"room, breakfast, staff, facilities, location",5,Hotel Roca Negra del Arenal,alojamiento,booking,en,"Habitación, desayuno, personal, instalaciones, ubicación.",
"This property is so much more than the photos show. The gardens are beautiful, the staff so lovely , helpful and friendly. The rooms are lovely with great outside seating and hammocks and the pool area is great too.",5,Hotel Roca Negra del Arenal,alojamiento,booking,en,"Esta propiedad es mucho más de lo que muestran las fotos. Los jardines son preciosos y el personal es encantador, servicial y amable. Las habitaciones son preciosas, con excelentes asientos al aire libre y hamacas y la zona de la piscina también es genial.",
Beautiful property with lush gardens.,5,Hotel Roca Negra del Arenal,alojamiento,booking,en,Hermosa propiedad con exuberantes jardines.,
"Beautiful grounds, friendly and helpful staff, yummy breakfast, terrific view of Arenal, very affordable. We loved our stay at this peaceful hotel! I guess the pool isn't very impressive, but there are plenty of hot springs around.",5,Hotel Roca Negra del Arenal,alojamiento,booking,en,"Hermosos jardines, personal amable y servicial, delicioso desayuno, excelente vista del Arenal, muy asequible. ¡Nos encantó nuestra estancia en este tranquilo hotel! Supongo que la piscina no es muy impresionante, pero hay muchas aguas termales alrededor.",
"Surrounded by beautiful tropical
Plants and a view of Volcan Arenal. Also better to be a little out of La Fortuna itself .  Lots of restaurants around in easy walking distance . Facilities for making tea coffee and eating your own food . Could hear the sound of the road when sitting around the lovely pool which was very busy . Also you have to pay in cash which I wasn’t aware of needs to be more obvious on the info .",5,Hotel Roca Negra del Arenal,alojamiento,booking,en,"Rodeado de hermosos tropicales
Plantas y vista al Volcán Arenal. También es mejor estar un poco alejado de La Fortuna.  Hay muchos restaurantes a poca distancia a pie. Instalaciones para preparar té café y comer tu propia comida. Podía escuchar el sonido de la carretera cuando estaba sentado alrededor de la hermosa piscina, que estaba muy ocupada. También tienes que pagar en efectivo, algo que no sabía y que debe ser más obvio en la información.",
Everything was brilliant. We enjoyed our stay and had a lot of fun. Thanks Elisabeth ;),5,Hotel Roca Negra del Arenal,alojamiento,booking,en,Todo fue brillante. Disfrutamos nuestra estancia y nos divertimos mucho. Gracias Isabel ;),
"Loved the grounds, front porch with hammock and really nice staff! A bonus was the sloth on the property! Needing to pay in cash. We didn’t want to bring that much cash with us for safety and it caused some stress needing to go to the bank to get cash. Loved everything else!",5,Hotel Roca Negra del Arenal,alojamiento,booking,en,"Me encantaron los jardines, el porche con hamaca y el personal realmente agradable. ¡Una ventaja fue el perezoso en la propiedad! Necesidad de pagar en efectivo. No queríamos llevar tanto efectivo con nosotros por seguridad y nos causó cierto estrés tener que ir al banco a buscar efectivo. ¡Me encantó todo lo demás!",
"Tranquil setting at the quieter end of town but still close enough to walk to restaurants and shops. Beautiful gardens and pool area. Detached villas nicely decorated and very spacious. Each with their own private patio area.
Super friendly and helpful staff too!! Just 2 little things but honestly would still give this little gem of a place 5 ⭐️. Air con units were a little noisy at night and towels were quite rough",5,Hotel Roca Negra del Arenal,alojamiento,booking,en,"Entorno tranquilo en la parte más tranquila de la ciudad, pero lo suficientemente cerca como para caminar hasta restaurantes y tiendas. Preciosos jardines y zona de piscina. Villas independientes muy bien decoradas y muy espaciosas. Cada uno con su propio patio privado.
¡Personal súper amable y servicial también! Solo 2 pequeñas cosas, pero honestamente todavía le daría a esta pequeña joya de lugar 5 ⭐️. Las unidades de aire acondicionado eran un poco ruidosas por la noche y las toallas eran bastante ásperas.",
"Beautiful property and cabins. Great view of Arenal on a clear day. Friendly staff. Near restaurants, but quiet.",5,Hotel Roca Negra del Arenal,alojamiento,booking,en,"Hermosa propiedad y cabañas. Gran vista del Arenal en un día despejado. Personal amable. Cerca de restaurantes, pero tranquilo.",
"The staff were AMAZING!!! The lady who checked us in was just the best, helped us with everything, she didn’t stop working. Views of the volcano from our rooms terrace. Our best stay in CR",5,Hotel Roca Negra del Arenal,alojamiento,booking,en,"¡El personal fue INCREÍBLE! La señora que nos atendió fue la mejor, nos ayudó en todo, no dejó de trabajar. Vistas al volcán desde la terraza de nuestras habitaciones. Nuestra mejor estancia en CR",
"The staff makes the whole experience wholly amazing!
Very clean accommodations and the possibility to borrow forks and plates to cook something fast in your room. Breakfast is also very affordable! The location is only 8 mins from the Arenal National Park and that's an amazing hike to do while in the vicinity. Read the fine prints for payment, they accept PayPal and cash. They are very accommodating if you need to go to the bank to withdraw. Avoid a surprise 😉 they accept USD and CRC.",5,Hotel Roca Negra del Arenal,alojamiento,booking,en,"¡El personal hace que toda la experiencia sea completamente increíble!
Alojamiento muy limpio y posibilidad de pedir prestados tenedores y platos para cocinar algo rápido en su habitación. ¡El desayuno también es muy asequible! La ubicación está a solo 8 minutos del Parque Nacional Arenal y es una caminata increíble para hacer en los alrededores. Lea la letra pequeña para el pago, aceptan PayPal y efectivo. Son muy serviciales si necesitas ir al banco a retirar dinero. Evita sorpresas  aceptan USD y CRC.",😉
Eugenia was Amazing 👏 That I had to leave!,5,Hotel Roca Negra del Arenal,alojamiento,booking,en,Eugenia fue increíble  ¡Que tuve que irme!,👏
The property is lovely and spotless. Elizabeth at the front desk is delightful and made a tired mama like me laugh out loud several times during all of our interactions. The casita was large and the a/c was nice and strong. The view of the volcano was perfect. We had parking right outside our door.,5,Hotel Roca Negra del Arenal,alojamiento,booking,en,La propiedad es preciosa e impecable. Elizabeth en la recepción es encantadora e hizo reír a carcajadas a una mamá cansada como yo varias veces durante todas nuestras interacciones. La casita era grande y el aire acondicionado era agradable y fuerte. La vista del volcán era perfecta. Teníamos estacionamiento justo afuera de nuestra puerta.,
"exceptional in every sense. 
the cottages and gardens are gorgeous, the amenities excellent and all the staff so very friendly. 

ideally located within easy walking of the local restaurants. nothing, would have given more than 10 if possible",5,Hotel Roca Negra del Arenal,alojamiento,booking,en,"excepcional en todos los sentidos. 
Las cabañas y los jardines son preciosos, las comodidades excelentes y todo el personal es muy amable. 

Idealmente ubicado a poca distancia de los restaurantes locales. Nada, hubiera dado más de 10 si fuera posible.",
"Gorgeous!  The grounds, our villa, the beds (very comfy), spacious and beautiful bathroom, the pool, the view, the staff (JaHavea the best), our porch was the bomb!  
It was all amazing!!!  Clean and exceptionally well kept.
Perfect location.  Easy to walk to eat & get snacks.  Uber picks you up at gate.  Quick ride to springs, bridges, downtown, it’s all there.
Front desk staff is very helpful!!!! Thank you. Should have reserved more nights here.",5,Hotel Roca Negra del Arenal,alojamiento,booking,en,"¡Espléndido!  Los jardines, nuestra villa, las camas (muy cómodas), el baño espacioso y hermoso, la piscina, la vista, el personal (JaHavea el mejor), ¡nuestro porche fue la bomba!  
¡¡¡Fue todo increíble!!!  Limpio y excepcionalmente bien mantenido.
Ubicación perfecta.  Es fácil caminar para comer y tomar bocadillos.  Uber te recoge en la puerta.  Viaje rápido a manantiales, puentes, el centro, todo está ahí.
¡El personal de recepción es muy servicial! Gracias. Debería haber reservado más noches aquí.",
It is a beautiful property with fabulous friendly staff.,5,Hotel Roca Negra del Arenal,alojamiento,booking,en,Es una hermosa propiedad con un personal amable y fabuloso.,
"Lovely vibe.. A little cramped bathroom, but perfectly adequate. Only accepting cash",5,Hotel Roca Negra del Arenal,alojamiento,booking,en,"Ambiente encantador. Un baño un poco estrecho, pero perfectamente adecuado. Solo acepta efectivo",
Lovely hotel with great views of the volcano. Brilliant facilities and staff couldn't be better. Would choose this hotel again. Noise from the road during the day,5,Hotel Roca Negra del Arenal,alojamiento,booking,en,Precioso hotel con estupendas vistas al volcán. Las magníficas instalaciones y el personal no podrían ser mejores. Volvería a elegir este hotel. Ruido de la carretera durante el día.,
"The Elisabeth who worked at the reception was super funny, and really helpful and with the positive energy all the time. The hotel without her would not be the same. Beautiful garden, view of Arenal, birds, pool and games for free-table tennis, futball and billard. We also had jacuzzi-it was great, would stay again. Everything was great",5,Hotel Roca Negra del Arenal,alojamiento,booking,en,"La Elisabeth que trabajó en la recepción fue súper divertida, realmente servicial y con energía positiva todo el tiempo. El hotel sin ella no sería lo mismo. Hermoso jardín, vista al Arenal, aves, piscina y juegos de tenis de mesa, futbol y billar gratis. También teníamos jacuzzi, fue genial, me alojaría aquí de nuevo. todo fue genial",
"Elizabeth at Reception is a wonder! So helpful, fun & a great problem solver 
Really kind people in a nice setting We didn't have a car & its a bit of a walk on the highway to town...but users & shuttles available",5,Hotel Roca Negra del Arenal,alojamiento,booking,en,"Elizabeth en Recepción es una maravilla! Muy útil, divertido y excelente solucionador de problemas. 
Gente realmente amable en un entorno agradable. No teníamos automóvil y es un poco caminar por la autopista hacia la ciudad... pero hay usuarios y transporte disponibles.",
Easy to reach after landing at SanJose airport in beautiful setting. Sadly restaurant closed at 8.30pm so were to late for supper as we arrived at 8.45pm.,5,Hotel Roca Negra del Arenal,alojamiento,booking,en,"Fácil de llegar después de aterrizar en el aeropuerto de San José en un hermoso entorno. Lamentablemente, el restaurante cerró a las 8. 30 pm, así que llegamos tarde para cenar ya que llegamos a las 8. 45 pm.",
The staff and breakfast was wonderful. Clean and comfortable rooms. Great views and the ambiance was serene jungle. Walking distance to restaurants also! Cash only,5,Hotel Roca Negra del Arenal,alojamiento,booking,en,El personal y el desayuno fueron maravillosos. Habitaciones limpias y confortables. Excelentes vistas y el ambiente era una jungla serena. ¡A poca distancia de restaurantes también! Solamente efectivo,
"Really helpful staff. Wonderful grounds, fantastic breakfast. 
Highly recommend, Blow the cloud off the top of the volcano!",5,Hotel Roca Negra del Arenal,alojamiento,booking,en,"Personal realmente servicial. Jardines maravillosos, desayuno fantástico. 
Muy recomendable, ¡saca la nube de la cima del volcán!",
"Great location-not so crowded surroundings, but close to shops and restaurants. Beautiful garden, nice view to Arenal Volcano and gorgeous host Alicia, who was nice and helpful arranging us tours.",5,Hotel Roca Negra del Arenal,alojamiento,booking,en,"Excelente ubicación, un entorno no tan concurrido, pero cerca de tiendas y restaurantes. Hermoso jardín, linda vista al Volcán Arenal y la magnífica anfitriona Alicia, quien fue amable y servicial al organizarnos los tours.",
"What a gorgeous gem of a place. This was our favorite place we stayed out of four locations around Costa Rica. Stunning, lush landscaped grounds, beautiful big porch to enjoy the nature and birds flying around, perfect location on main road in close proximity to La Fortuna and all its attractions and amenities. Our little villa was private, spacious, spotlessly clean, and had a beautiful, huge bathroom. I would stay here again in a heartbeat! Nothing, it was perfect!",5,Hotel Roca Negra del Arenal,alojamiento,booking,en,"Qué preciosa joya de lugar. Este fue nuestro lugar favorito en el que nos hospedamos en cuatro ubicaciones en Costa Rica. Impresionantes y exuberantes jardines, hermoso porche grande para disfrutar de la naturaleza y los pájaros volando, ubicación perfecta en la carretera principal, muy cerca de La Fortuna y todas sus atracciones y servicios. Nuestra pequeña villa era privada, espaciosa, impecablemente limpia y tenía un baño enorme y hermoso. ¡Me alojaría aquí de nuevo en un abrir y cerrar de ojos! ¡Nada, fue perfecto!",
Quiet separate bungalow with beautiful gardens surrounding the private patio,5,Hotel Roca Negra del Arenal,alojamiento,booking,en,Tranquilo bungalow independiente con hermosos jardines que rodean el patio privado.,
"The hotel really brought the rainforest to you. The greenery was well kept, the common areas were clean and relaxing, the beds were comfy, the staff were amazing! And there was plenty to do at the hotel if you didn’t want to venture out. It was perfect distance from downtown Fortuna and there were plenty of restaurants within a few minutes walk. Plus the breakfast was delicious!",5,Hotel Roca Negra del Arenal,alojamiento,booking,en,"El hotel realmente te trajo la selva tropical. La vegetación estaba bien cuidada, las zonas comunes estaban limpias y relajantes, las camas eran cómodas y el personal era increíble. Y había mucho que hacer en el hotel si no quería aventurarse. Estaba a una distancia perfecta del centro de Fortuna y había muchos restaurantes a pocos minutos a pie. Además, ¡el desayuno estuvo delicioso!",
The atmosphere of the hotel. The garden setting and the care put into it showed throughout the hotel. Some of the rooms are close to the main road and it was noisy at times due to the passing by cars,5,Hotel Roca Negra del Arenal,alojamiento,booking,en,El ambiente del hotel. El entorno del jardín y el cuidado puesto en él se notaban en todo el hotel. Algunas de las habitaciones están cerca de la carretera principal y a veces había mucho ruido debido al paso de los coches.,
Lovely staff. Grounds are amazing and so attract lots of amazing birds. Amazing views of volcano. A few minutes to local restaurants with La Fortuna 25 minute walk or a few minutes in a cheap taxi/Uber.,5,Hotel Roca Negra del Arenal,alojamiento,booking,en,Personal encantador. Los jardines son increíbles y atraen a muchas aves increíbles. Impresionantes vistas del volcán. A pocos minutos de restaurantes locales con La Fortuna a 25 minutos a pie o a unos minutos en taxi/Uber barato.,
It’s an oasis of lush jungle like beauty so close to a bustling downtown!!,5,Hotel Roca Negra del Arenal,alojamiento,booking,en,¡Es un oasis de exuberante belleza similar a una jungla tan cerca del bullicioso centro de la ciudad!,
"We stayed at Roca Negra Hotel just outside La Fortuna for four nights. In a nutshell, this hotel is a gem and I highly recommend it! Each room or cabana has a private patio or deck and it is set amid a lush tropical garden with pathways leading to the pool and breakfast area. A few kilometers outside of La Fortuna it is just across the road from several restaurants. The friendly hospitality from our hostess Elizabeth and staff were exceptional.",5,Hotel Roca Negra del Arenal,alojamiento,booking,en,"Nos alojamos en el Hotel Roca Negra a las afueras de La Fortuna por cuatro noches. En pocas palabras, este hotel es una joya y lo recomiendo encarecidamente. Cada habitación o cabaña tiene un patio o terraza privada y está ubicada en medio de un exuberante jardín tropical con senderos que conducen a la piscina y al área de desayuno. A pocos kilómetros de La Fortuna, se encuentra justo enfrente de varios restaurantes. La amable hospitalidad de nuestra anfitriona Elizabeth y el personal fueron excepcionales.",
"Very well kept property. A lot of beautiful flowers. Rooms are clean and good equipped (AC, fridge,..)
Staff was exceptional, breakfast was good value and the pool is just beautiful. I liked the view we had at Arenal.",5,Hotel Roca Negra del Arenal,alojamiento,booking,en,"Propiedad muy bien mantenida. Muchas flores hermosas. Las habitaciones están limpias y bien equipadas (aire acondicionado, nevera,...)
El personal fue excepcional, el desayuno tenía una buena relación calidad-precio y la piscina es simplemente hermosa. Me gustó la vista que teníamos en Arenal.",
"Great location, rooms are fairly simple but spotless, and we loved the private terrace with hammock, comfortable chairs, view of the garden and volcano.
Pool area also lovely, and there is a games room
Staff are a joy - such a friendly welcome and good advice on the local area.
Highly recommended",5,Hotel Roca Negra del Arenal,alojamiento,booking,en,"Excelente ubicación, las habitaciones son bastante simples pero impecables, y nos encantó la terraza privada con hamaca, sillas cómodas y vista al jardín y al volcán.
La zona de la piscina también es preciosa y hay una sala de juegos.
El personal es una alegría: una bienvenida muy amable y buenos consejos sobre el área local.
Altamente recomendado",
"Location, great vibe. Maybe coffee in the room would have been good",5,Hotel Roca Negra del Arenal,alojamiento,booking,en,"Ubicación, gran ambiente. Quizás un café en la habitación hubiera sido bueno.",
"A little garden paradise! We loved the private detached rooms, the friendly staff, great location, and the variety of plants. A tiny thing: the towels were a bit rough.",5,Hotel Roca Negra del Arenal,alojamiento,booking,en,"¡Un pequeño paraíso en el jardín! Nos encantaron las habitaciones privadas independientes, el personal amable, la excelente ubicación y la variedad de plantas. Un pequeño detalle: las toallas estaban un poco ásperas.",
"Everything was great! The vibe was amazing, they definitely put an extra effort into making your experience enjoyable! Which is very much appreciated. Price was a little bit overboard to be honest. After getting the final bill.",5,Hotel Roca Negra del Arenal,alojamiento,booking,en,"¡Todo estuvo genial! El ambiente fue increíble, ¡definitivamente pusieron un esfuerzo adicional para que tu experiencia fuera placentera! Lo cual se agradece mucho. El precio estaba un poco por la borda para ser honesto. Después de recibir la factura final.",
"Massive bed, hammock on the patio, great breakfast at a small additional cost, friendly staff and a beautiful pool",5,Hotel Roca Negra del Arenal,alojamiento,booking,en,"Cama enorme, hamaca en el patio, excelente desayuno por un pequeño costo adicional, personal amable y una hermosa piscina.",
We liked everything! The property was amazing. Beautiful gardens. Rooms were spacious clean. All the gals at the front desk and the owner helped us so much with scheduling different tours and anything else we needed! Highly recommend this gorgeous paradise. Great location! Nothing!,5,Hotel Roca Negra del Arenal,alojamiento,booking,en,¡Nos gustó todo! La propiedad fue increíble. Hermosos jardines. Las habitaciones eran espaciosas y limpias. ¡Todas las chicas de la recepción y el propietario nos ayudaron mucho a programar diferentes recorridos y cualquier otra cosa que necesitáramos! Recomiendo encarecidamente este hermoso paraíso. ¡Excelente ubicación! ¡Nada!,
"Superb location, within walking distance of many restaurants and eateries. Gardens are fabulous and full of wildlife. Pool facilities are clean and spacious. Nothing.",5,Hotel Roca Negra del Arenal,alojamiento,booking,en,"Excelente ubicación, a poca distancia de muchos restaurantes y sitios para comer. Los jardines son fabulosos y están llenos de vida silvestre. Las instalaciones de la piscina son limpias y espaciosas. Nada.",
- / -,5,Hotel Roca Negra del Arenal,alojamiento,booking,unknown,- / -,
"The location is on the edge(?) of Fortuna so there are several good restaurants in short walking distance. It is convenient to the hot springs area and easy for tour pickups. That said the highway is noisy. The grounds are very beautiful, with paths that thread through and make the space seem larger. The rooms are very private, each has its own entrance, very clean, large, comfortable beds. Terraces with comfortable seating.The staff es muy amable, very responsive and helpful. The noisy highway, tricky to cross. It's a tradeoff, convenience or seclusion.",5,Hotel Roca Negra del Arenal,alojamiento,booking,en,"La ubicación está en las afueras (?) De Fortuna, por lo que hay varios buenos restaurantes a poca distancia a pie. Es conveniente para el área de aguas termales y es fácil para recoger excursiones. Dicho esto, la carretera es ruidosa. Los jardines son muy bonitos, con senderos que se abren paso y hacen que el espacio parezca más grande. Las habitaciones son muy privadas, cada una tiene su propia entrada, muy limpias, camas grandes y cómodas. Terrazas con cómodos asientos. El personal es muy amable, muy atento y servicial. La carretera ruidosa, difícil de cruzar. Es una compensación, conveniencia o aislamiento.",
Privacy with own little house on property Could hear cars and traffic from property,5,Hotel Roca Negra del Arenal,alojamiento,booking,en,Privacidad con su propia casita en la propiedad. Se pueden escuchar los autos y el tráfico desde la propiedad.,
"The gardens, patios, and pool area were beautiful with birds everywhere!  We enjoyed the Tipico breakfast by the pool in the morning!  A delightful little hotel where we would definitely ❤️ to stay again! The internet in the room was hard to connect to, but the connection on the patio and beside the pool was good.",5,Hotel Roca Negra del Arenal,alojamiento,booking,en,"Los jardines, patios y el área de la piscina eran hermosos, ¡con pájaros por todas partes!  ¡Disfrutamos el desayuno típico junto a la piscina por la mañana!  ¡Un pequeño y encantador hotel donde definitivamente ️ nos alojaríamos de nuevo! Era difícil conectarse a Internet en la habitación, pero la conexión en el patio y al lado de la piscina era buena.",❤
Beautiful property Loved everything,5,Hotel Roca Negra del Arenal,alojamiento,booking,en,Hermosa propiedad Me encantó todo,
"Pool, hot tub, communal area, breakfast - we loved the cooks/ hostess in the breakfast area - tip lots! front desk ladies were the best- we had lost our luggage and they helped us try and find it. Great property. Peacock on site was fun. No",5,Hotel Roca Negra del Arenal,alojamiento,booking,en,"Piscina, jacuzzi, área común, desayuno. Nos encantaron los cocineros y anfitrionas en el área de desayuno. ¡Muchas propinas! Las señoras de la recepción fueron las mejores: habíamos perdido nuestro equipaje y nos ayudaron a intentar encontrarlo. Gran propiedad. Peacock en el lugar fue divertido. No",
Room:  They need to put coffee pots in the rooms! Coffee and breakfast…none.,5,Hotel Roca Negra del Arenal,alojamiento,booking,en,Habitación: ¡Necesitan poner cafeteras en las habitaciones! Café y desayuno… ninguno.,
"The traditional Costa Rican breakfast was not only beautifully presented, but also delicious.",5,Hotel Roca Negra del Arenal,alojamiento,booking,en,"El desayuno tradicional costarricense no sólo estaba muy bien presentado, sino también delicioso.",
Beautiful property with gardens full of flowers and bird watching! The stand alone cabins are great. Love the chairs and hammock on porches. Close to walk to restaurants (less than 1 mile.),5,Hotel Roca Negra del Arenal,alojamiento,booking,en,Hermosa propiedad con jardines llenos de flores y observación de aves! Las cabañas independientes son geniales. Me encantan las sillas y hamacas en los porches. Cerca de restaurantes a pie (menos de 1 milla).,
We had a very large comfortable room with a front patio with rockers and a hammock facing Arenal. Our room was far off the somewhat loud main road and therefore quiet. The pool and grounds were nicely maintained. Convenient location. Nice staff. Nothing,5,Hotel Roca Negra del Arenal,alojamiento,booking,en,"Teníamos una habitación muy grande y cómoda con un patio delantero con mecedoras y una hamaca que daba al Arenal. Nuestra habitación estaba lejos de la carretera principal, algo ruidosa, y por lo tanto tranquila. La piscina y los jardines estaban muy bien cuidados. Ubicación conveniente. Personal agradable. Nada",
Receptionist was the best very nice helpful and funny!,5,Hotel Roca Negra del Arenal,alojamiento,booking,en,"¡La recepcionista fue la mejor, muy amable, servicial y divertida!",
"Excellent location, rooms, and amenities. It was quiet and perfect for families.",5,Hotel Roca Negra del Arenal,alojamiento,booking,en,"Excelente ubicación, habitaciones y comodidades. Era tranquilo y perfecto para familias.",
"Great location, beautiful hotel",5,Hotel Roca Negra del Arenal,alojamiento,booking,en,"Excelente ubicación, hermoso hotel",
Love this place. Staff very friendly. Clean. Beautiful grounds.,5,Hotel Roca Negra del Arenal,alojamiento,booking,en,Me encanta este lugar. El personal es muy amable. Limpio. Hermosos jardines.,
"We absolutely loved our stay at Hotel Roca Negra. The grounds were beautiful, the view out our front door was of the volcano and the staff(Elizabeth and Maria) was pleasant and very helpful with suggestions to enhance our stay. It has a very rural feel with the flora and fauna on property, yet walking distance to restaurants. Of utmost importance, our bed was very comfortable! The value was exceptional. Nothing",5,Hotel Roca Negra del Arenal,alojamiento,booking,en,"Nos encantó nuestra estancia en el Hotel Roca Negra. Los jardines eran hermosos, la vista desde nuestra puerta era del volcán y el personal (Elizabeth y María) fue agradable y muy servicial con sugerencias para mejorar nuestra estadía. Tiene un ambiente muy rural con la flora y la fauna de la propiedad, pero a poca distancia de restaurantes. ¡De suma importancia, nuestra cama era muy cómoda! El valor fue excepcional. Nada",
"We loved this property. Elizabeth and Maria were such a help! The coffee and pancakes at the breakfast place were superb! Good location, We loved everything about this place! There wasn’t anything we disliked about it!",5,Hotel Roca Negra del Arenal,alojamiento,booking,en,Nos encantó esta propiedad. ¡Elizabeth y María fueron de gran ayuda! ¡El café y los panqueques en el lugar del desayuno eran excelentes! Buena ubicación. ¡Nos encantó todo acerca de este lugar! ¡No hubo nada que nos disgustara!,
"""This small hotel is a gem; the tender loving care is evident, it's impeccably clean, and the host's warm welcome, coupled with a delightful sense of humor, makes it a truly special stay.""  ""The idyllic atmosphere of the small hotel enhances the overall experience, creating a perfect blend of warmth and charm that lingers in memory.""",5,Hotel Roca Negra del Arenal,alojamiento,booking,en,"""Este pequeño hotel es una joya; el cuidado tierno y amoroso es evidente, está impecablemente limpio y la cálida bienvenida del anfitrión, junto con un encantador sentido del humor, hace que sea una estadía verdaderamente especial"".  ""La atmósfera idílica del pequeño hotel mejora la experiencia general, creando una combinación perfecta de calidez y encanto que perdura en la memoria"".",
"The grounds are stunningly beautiful! Plants have been selected with wildlife in mind. We spent hours just watching and listening to the birds from the rocking chairs on our front porch. Staff were all friendly and ready to help with anything we needed. Breakfast was delicious. Hotel Roca Negra is a special place! It may be helpful to know that without a car, eating dinners out was a bit of a challenge. There are good restaurants within walking distance, but it gets dark very early, and the main road (with lots of traffic) lacks sidewalks in this part of town.",5,Hotel Roca Negra del Arenal,alojamiento,booking,en,"¡Los jardines son increíblemente hermosos! Las plantas han sido seleccionadas teniendo en cuenta la vida silvestre. Pasamos horas simplemente observando y escuchando a los pájaros desde las mecedoras de nuestro porche delantero. Todo el personal fue amable y dispuesto a ayudar con cualquier cosa que necesitáramos. El desayuno estuvo delicioso. ¡Hotel Roca Negra es un lugar especial! Puede ser útil saber que sin un automóvil, salir a cenar era todo un desafío. Hay buenos restaurantes a poca distancia, pero oscurece muy temprano y la carretera principal (con mucho tráfico) carece de aceras en esta parte de la ciudad.",
"Lovely pool and hot tub and well maintained games area. Great views of the volcano with a lovely garden, lots of birds. Room was a good size with nice chairs and hammock outside to relax in. Useful to have a fridge in the room but there is no kitchen. The lady on reception was very enthusiastic and willing to help. No storage space to unpack which was not ideal staying for a few nights. You are far out of town so need to drive in but there are good restaurants nearby. There is a tv but it is not a smart tv so is not useful. Breakfast was expensive and not very good.",5,Hotel Roca Negra del Arenal,alojamiento,booking,en,"Preciosa piscina y jacuzzi y zona de juegos bien mantenida. Fantásticas vistas del volcán con un hermoso jardín, muchas aves. La habitación era de buen tamaño con bonitas sillas y una hamaca afuera para relajarse. Es útil tener una nevera en la habitación, pero no hay cocina. La señora de recepción fue muy entusiasta y dispuesta a ayudar. No había espacio de almacenamiento para desempacar, lo cual no era ideal para pasar unas cuantas noches. Estás lejos de la ciudad, por lo que debes llegar en auto, pero hay buenos restaurantes cerca. Hay una televisión pero no es una televisión inteligente, por lo que no es útil. El desayuno era caro y no muy bueno.",
"The room was great, the bed was comfortable and the AC cold.  It was nice to have a mini fridge in our room.  The grounds themselves are so beautiful and lush and the view of Arenal was extra!  We loved that it was close to town, but right off the main road it was convenient to everything.  Yet it still felt private and quiet.  The little kitchen/tea area was great.  We mixed out own drinks and it was nice to have utensils to cut limes and mix drinks etc.  The pool was wonderful and the hot tub was an extra perk we didn't expect to even need or want but it was great to have.  The breakfast was really wonderful as well.  The staff was friendly and accommodating. The wifi was a little slow, it didn't matter too much to us, but if you needed it for work or something that might be tough.",5,Hotel Roca Negra del Arenal,alojamiento,booking,en,"La habitación era estupenda, la cama era cómoda y el aire acondicionado estaba frío.  Fue agradable tener una mini nevera en nuestra habitación.  ¡Los jardines en sí son tan hermosos y exuberantes y la vista del Arenal fue extra!  Nos encantó el hecho de que estaba cerca de la ciudad, pero justo al lado de la carretera principal era conveniente para todo.  Sin embargo, todavía se sentía privado y tranquilo.  La pequeña cocina/zona de té era genial.  Mezclamos nuestras propias bebidas y fue agradable tener utensilios para cortar limas y mezclar bebidas, etc. La piscina era maravillosa y el jacuzzi era un beneficio adicional que no esperábamos necesitar o querer, pero fue genial tenerlo.  El desayuno también fue realmente maravilloso.  El personal era amable y servicial. El wifi era un poco lento, no nos importó mucho, pero si lo necesitabas para trabajar o algo que pudiera ser complicado.",
"Very big rooms with lovely views and surroundings. Plenty of hummingbirds in all of the surrounding plants! Good location in between the town and hot springs/volcano etc The additional breakfast options were ok, but quite basic.",5,Hotel Roca Negra del Arenal,alojamiento,booking,en,"Habitaciones muy grandes con preciosas vistas y alrededores. ¡Muchos colibríes en todas las plantas circundantes! Buena ubicación entre la ciudad y las aguas termales/volcán, etc. Las opciones adicionales de desayuno estaban bien, pero eran bastante básicas.",
"We loved the location, the staff, the food and the facilities! Everyone was so helpful,  the views were spectacular, and I even got my teenage niece off of her phone and engaging with me in the game room! I really don't have anything bad to say about this place. I do wish they took credit cards.",5,Hotel Roca Negra del Arenal,alojamiento,booking,en,"¡Nos encantó la ubicación, el personal, la comida y las instalaciones! Todos fueron muy serviciales, las vistas eran espectaculares, ¡e incluso saqué a mi sobrina adolescente de su teléfono y interactué conmigo en la sala de juegos! Realmente no tengo nada malo que decir sobre este lugar. Ojalá aceptaran tarjetas de crédito.",
"Bed was huge and comfy and the bathroom was very big. Lovely little terrace overlooking the volcano. The a/c wasn’t too loud/aggressive so was able to sleep with it on, which was rare on our trip! Hot tub and pool were good. Some great restaurants in walking distance. We stayed on our honeymoon, this was one of 8 hotels/Air B&Bs we stayed in on our trip and the only one who made an effort with a token to our honeymoon! It was appreciated. We were going to have breakfast but were put off by lots of dirty tables/plates and disgruntled people waiting. Save your money and have breakfast at the Red Frog Cafe 5 min walk away, same price as the hotel and excellent quality and service!",5,Hotel Roca Negra del Arenal,alojamiento,booking,en,"La cama era enorme y cómoda y el baño era muy grande. Pequeña y encantadora terraza con vistas al volcán. El aire acondicionado no era demasiado ruidoso ni agresivo, por lo que pude dormir con él encendido, ¡lo cual era raro en nuestro viaje! El jacuzzi y la piscina estaban bien. Algunos excelentes restaurantes a poca distancia. Nos alojamos en nuestra luna de miel, este fue uno de los 8 hoteles/Air B&B en los que nos alojamos durante nuestro viaje y el único que hizo un esfuerzo con una ficha para nuestra luna de miel. Fue apreciado. Íbamos a desayunar, pero nos desanimaron muchas mesas y platos sucios y gente descontenta esperando. Ahorre dinero y desayune en el Red Frog Cafe a 5 minutos a pie, ¡el mismo precio que el hotel y excelente calidad y servicio!",
Breakfast was amazing!  The individual “cabins” were unique.  Love the patio with comfy chairs. Would have liked one additional chair inside.  But pretty close to perfect.,5,Hotel Roca Negra del Arenal,alojamiento,booking,en,¡El desayuno fue increíble!  Las “cabañas” individuales eran únicas.  Me encanta el patio con sillas cómodas. Me hubiera gustado tener una silla adicional en el interior.  Pero bastante cerca de ser perfecto.,
Overall a good stay.Small boutique property.,5,Hotel Roca Negra del Arenal,alojamiento,booking,en,"En general, fue una buena estancia. Pequeña propiedad boutique.",
"Beautiful accommodation set into gardens filled with flowers and birds. A restful and comfortable place. Pool, jacuzzi and game rooms add to the appeal. Coffee in the room would be an added bonus",5,Hotel Roca Negra del Arenal,alojamiento,booking,en,"Precioso alojamiento rodeado de jardines llenos de flores y pájaros. Un lugar tranquilo y confortable. La piscina, el jacuzzi y las salas de juegos aumentan el atractivo. Café en la habitación sería una ventaja adicional.",
It’s just beautiful….. not far off the road but you feel like you’re in the rain forest.  All staff were just lovely too. That I couldn’t stay longer!,5,Hotel Roca Negra del Arenal,alojamiento,booking,en,"Es simplemente hermoso... no muy lejos de la carretera, pero te sientes como si estuvieras en la selva tropical.  Todo el personal también fue encantador. ¡Que no podía quedarme más tiempo!",
The grounds of this hotel are beautiful - we saw so much wildlife Nothing!  I cant wait to return,5,Hotel Roca Negra del Arenal,alojamiento,booking,en,Los terrenos de este hotel son hermosos: vimos mucha vida salvaje. ¡Nada!  No puedo esperar a volver,
The staff and the garden surrounded by wildlife Littlwstorage for clothes in the room.,5,Hotel Roca Negra del Arenal,alojamiento,booking,en,El personal y el jardín rodeados de vida salvaje. Pequeño espacio para guardar la ropa en la habitación.,
Lovely view. Nice staff. Good location. Comfortable room. Better facilities in the room.,5,Hotel Roca Negra del Arenal,alojamiento,booking,en,Preciosa vista. Personal agradable. Buena ubicación. Habitación cómoda. Mejores instalaciones en la habitación.,
Cozy unique property with excellent views of the Arenal volcano. Like you are staying in a flower garden combined with a mini farm - and excellent staff. Rooms are very clean and air conditioners work well! No complaints at all - but note that payments are in cash only. Does not accept credit cards.,5,Hotel Roca Negra del Arenal,alojamiento,booking,en,"Acogedora propiedad única con excelentes vistas al volcán Arenal. Como si estuvieras alojado en un jardín de flores combinado con una mini granja y un personal excelente. Las habitaciones están muy limpias y los aires acondicionados funcionan bien. No tengo ninguna queja, pero tenga en cuenta que los pagos se realizan únicamente en efectivo. No acepta tarjetas de crédito.",
"Stunning setting with gorgeous tropical plants and animals everywhere. Reception was extremely accommodating with everything, including buying discount tickets to Baldi hot springs. Room was clean and comfortable with AC. Felt very private. I loved the hammock. Could walk to a few restaurants but was also close to hot springs. Very good breakfast for $7. Pool was amazing. The walls were a little thin but it didn’t affect us at all.",5,Hotel Roca Negra del Arenal,alojamiento,booking,en,"Impresionante entorno con preciosas plantas y animales tropicales por todas partes. La recepción fue extremadamente servicial con todo, incluida la compra de boletos con descuento para las aguas termales de Baldi. La habitación estaba limpia y cómoda con aire acondicionado. Me sentí muy privado. Me encantó la hamaca. Podía caminar a algunos restaurantes pero también estaba cerca de aguas termales. Muy buen desayuno por $7. La piscina era increíble. Las paredes eran un poco finas pero no nos afectó en absoluto.",
"Humming birds in the garden, volcano view Our room was not cleaned every day, cash only for hotel and restaurant not very convenient, I would prefer to have the option to pay by card",5,Hotel Roca Negra del Arenal,alojamiento,booking,en,"Colibríes en el jardín, vista al volcán Nuestra habitación no se limpiaba todos los días, solo efectivo para el hotel y el restaurante no es muy conveniente, preferiría tener la opción de pagar con tarjeta",
Beautiful property just far enough off the road to feel very private.,5,Hotel Roca Negra del Arenal,alojamiento,booking,en,Hermosa propiedad lo suficientemente alejada de la carretera para sentirse muy privada.,
"Beautiful grounds w wonderful lush plants, toucans, and nice chairs! Breakfast available. Fantastic new renovations! Animals! Local feel! Individual cabanas are large. Bathrooms are large. Could still hear some trucks and noise even at night ( we did use our white noise phone app too).",5,Hotel Roca Negra del Arenal,alojamiento,booking,en,"¡Hermosos jardines con maravillosas plantas exuberantes, tucanes y bonitas sillas! Desayuno disponible. Fantásticas renovaciones nuevas! ¡Animales! Sensación local! Las cabañas individuales son grandes. Los baños son grandes. Todavía se podían escuchar algunos camiones y ruido incluso de noche (también usamos nuestra aplicación de teléfono de ruido blanco).",
"nothing fancy but great location, friendly staff and comfortable rooms/beds made it a great place to stay. a bit on the pricey side for what you get and we had some issues with wifi at times.",5,Hotel Roca Negra del Arenal,alojamiento,booking,en,"Nada especial, pero la excelente ubicación, el personal amable y las cómodas habitaciones y camas lo convirtieron en un excelente lugar para alojarse. un poco caro para lo que obtienes y a veces tuvimos algunos problemas con el wifi.",
"The hotel is set within a beautiful garden. Our room was very large with great beds and linens, and total privacy. There were gorgeous flowers and hummingbirds all around our porch.  There is a great pool and hot tub, and game facilities.  Breakfast is available for $7, which is a huge bargain in the area.  Staff were friendly and helpful.  Security is very good.  The location is superb.  Fabulous value for the cost. Everything was perfect. My only comment is that you can't drive to your unit.  This wasn't a problem for us, as our unit was close to  parking, but it could be for those further away.",5,Hotel Roca Negra del Arenal,alojamiento,booking,en,"El hotel está situado dentro de un hermoso jardín. Nuestra habitación era muy grande, con camas y ropa de cama estupendas y total privacidad. Había hermosas flores y colibríes alrededor de nuestro porche.  Hay una gran piscina, jacuzzi e instalaciones para juegos.  El desayuno está disponible por $7, lo cual es una gran ganga en la zona.  El personal fue amable y servicial.  La seguridad es muy buena.  La ubicación es magnífica.  Valor fabuloso por el costo. Todo fue perfecto. Mi único comentario es que no puedes conducir hasta tu unidad.  Esto no fue un problema para nosotros, ya que nuestra unidad estaba cerca del estacionamiento, pero podría serlo para aquellos que están más lejos.",
Room was great! Great Location and excelent service. Kitchen was under repair so Breakfast was not included!  and You need to pay in cash at the hotel!,5,Hotel Roca Negra del Arenal,alojamiento,booking,en,"La habitación era genial! Excelente ubicación y excelente servicio. La cocina estaba en reparación, por lo que el desayuno no estaba incluido.  ¡Y debes pagar en efectivo en el hotel!",
"The hostesses are very friendly and helpful. The rooms and beds were good and clean. And especially the environment within the resort is absolutely beautiful. There are lots of plants and birds around the room. The air conditioning only worked at the highest airspeed, which was quite noisy during the night",5,Hotel Roca Negra del Arenal,alojamiento,booking,en,"Las azafatas son muy amables y serviciales. Las habitaciones y las camas estaban bien y limpias. Y especialmente el entorno dentro del resort es absolutamente hermoso. Hay muchas plantas y pájaros alrededor de la habitación. El aire acondicionado solo funcionaba a la velocidad más alta, lo que hacía bastante ruido durante la noche.",
"The staff was so personable and friendly! They made sure our stay was perfect, and they were very responsive and flexible. The view of the volcano from our room was amazing. There were a few bugs in the bathroom since the bathroom windows are screened in but they didn’t bother us.",5,Hotel Roca Negra del Arenal,alojamiento,booking,en,"El personal fue muy agradable y amable. Se aseguraron de que nuestra estancia fuera perfecta y fueron muy receptivos y flexibles. La vista del volcán desde nuestra habitación era increíble. Hubo algunos errores en el baño ya que las ventanas del baño están cerradas, pero no nos molestaron.",
Wonderful location just outside the town. Walking distance to restaurants. Wonderful pool area. Big and spacious rooms. We saw so many birds in the garden!,5,Hotel Roca Negra del Arenal,alojamiento,booking,en,Maravillosa ubicación a las afueras de la ciudad. A poca distancia de restaurantes. Maravillosa zona de piscina. Habitaciones grandes y espaciosas. ¡Vimos tantos pájaros en el jardín!,
"This property is a birder's paradise! My friend had to work a couple of hours each of the days we were there so I spent that time on the deck with binos, camera and Merlin. The gardens and property are amazing. Close to all the spots we wanted to visit. Unfortunately weather didn't cooperate to see the volcano clearly. coffee maker in room would have been nice.",5,Hotel Roca Negra del Arenal,alojamiento,booking,en,"¡Esta propiedad es un paraíso para los observadores de aves! Mi amigo tuvo que trabajar un par de horas cada uno de los días que estuvimos allí, así que pasé ese tiempo en la terraza con binos, cámara y Merlín. Los jardines y la propiedad son increíbles. Cerca de todos los lugares que queríamos visitar. Lamentablemente el clima no cooperó para ver el volcán con claridad. cafetera en la habitación hubiera sido agradable.",
"Very helpful receptionist.
Good location and attractive grounds and gardens. Good views. Nothing to dislike.",5,Hotel Roca Negra del Arenal,alojamiento,booking,en,"Recepcionista muy servicial.
Buena ubicación y atractivos terrenos y jardines. Buenas vistas. Nada que no me guste.",
"Green, Clean and very beautiful new-looking hotel with awesome staff",5,Hotel Roca Negra del Arenal,alojamiento,booking,en,"Hotel nuevo, verde, limpio y muy bonito con un personal increíble",
"Nice and green garden. Garden makes your stay private. It was nice and clean. Staff was friendly and helpful.
Superb volcano view when it’s clear. Lovely chicken. Tin roof, very noisy, when raining (it was raining all those days). A bit noisy aircon.  Poor internet while raining.",5,Hotel Roca Negra del Arenal,alojamiento,booking,en,"Bonito y verde jardín. El jardín hace que tu estancia sea privada. Fue bonito y limpio. El personal fue amable y servicial.
Magnífica vista del volcán cuando está despejado. Precioso pollo. Techo de chapa, mucho ruido, cuando llueve (estuvo lloviendo todos esos días). Aire acondicionado un poco ruidoso.  Pobre internet mientras llueve.",
The grounds are like a botanical garden on steroids- amazingly beautiful- the hummingbirds weee amazing as well Liked everything,5,Hotel Roca Negra del Arenal,alojamiento,booking,en,"Los jardines son como un jardín botánico con esteroides, increíblemente hermosos, los colibríes también son increíbles. Me gustó todo.",
The hotel was fantastic; we felt very luxurious staying here. The pool was lovely and often I was the only person using it. The staff were all really helpful and kind. I really enjoyed sitting on the deck in front of our room staring at the volcano. The only issue we had was that wifi was pretty terrible. It was basically impossible to get work done.,5,Hotel Roca Negra del Arenal,alojamiento,booking,en,"El hotel fue fantástico; Nos sentimos muy lujosos alojándonos aquí. La piscina era preciosa y, a menudo, yo era la única persona que la usaba. Todo el personal fue realmente servicial y amable. Realmente disfruté sentarme en la terraza frente a nuestra habitación mirando el volcán. El único problema que tuvimos fue que el wifi era bastante terrible. Era básicamente imposible hacer el trabajo.",
"The rooms were simple, with nice bathrooms and plenty of space. The property itself is absolutely gorgeous, with all sorts of dense landscaping that gave us a wonderful sense of privacy. The staff were a delight, and were super welcoming after a long drive in. The property is surprisingly quiet and private given that it's on the main road. There are plenty of shops and restaurants in walking distance, and it was easy to drive to all of the major attractions. They were also accommodating for dietary restrictions at breakfast, offering a bit extra of stuff I could eat and omitting things that I couldn't. The wifi was pretty terrible, but I didn't come to Costa Rica to be on the internet. It would have been nice to have a more stable connection for uploading photos, but there were plenty of other options. However, I wouldn't recommend staying here if you needed to get any work done, unless you bring other means of connecting. Additionally, it would have been nice to have an on-menu vegan option for breakfast, but the staff was very accommodating with changes, and it was no problem at all.",5,Hotel Roca Negra del Arenal,alojamiento,booking,en,"Las habitaciones eran sencillas, con bonitos baños y mucho espacio. La propiedad en sí es absolutamente preciosa, con todo tipo de jardines densos que nos dieron una maravillosa sensación de privacidad. El personal fue una delicia y fue muy acogedor después de un largo viaje en auto. La propiedad es sorprendentemente tranquila y privada dado que está en la carretera principal. Hay muchas tiendas y restaurantes a poca distancia, y fue fácil llegar en coche a las principales atracciones. También se adaptaron a las restricciones dietéticas en el desayuno, ofreciendo un poco más de cosas que podía comer y omitiendo cosas que no podía. El wifi era bastante terrible, pero no vine a Costa Rica para estar en Internet. Hubiera sido bueno tener una conexión más estable para cargar fotos, pero había muchas otras opciones. Sin embargo, no recomendaría quedarse aquí si necesita realizar algún trabajo, a menos que traiga otros medios para conectarse. Además, hubiera sido bueno tener una opción vegana en el menú para el desayuno, pero el personal fue muy servicial con los cambios y no fue ningún problema.",
"Beautiful location, spectacular views and a lovely garden. Room was spacious and well equipped, although a kettle or similar would have been welcome. Staff were lovely and very helpful. Quite a few restaurants and shops nearby or 5 minutes to the main town We didn't realise it was cash only until the day before we arrived. It would have been good to know sooner as it took a while to find ATMs with USD.",5,Hotel Roca Negra del Arenal,alojamiento,booking,en,"Hermosa ubicación, vistas espectaculares y un hermoso jardín. La habitación era espaciosa y estaba bien equipada, aunque un hervidor o similar hubiera sido bienvenido. El personal era encantador y muy servicial. Hay bastantes restaurantes y tiendas cerca o a 5 minutos de la ciudad principal. No nos dimos cuenta de que solo era efectivo hasta el día antes de nuestra llegada. Hubiera sido bueno saberlo antes ya que tomó un tiempo encontrar cajeros automáticos con USD.",
"The Gardens , the flowers , the staff .",5,Hotel Roca Negra del Arenal,alojamiento,booking,en,"Los jardines, las flores, el personal.",
The room was super big and comfortable. The breakfast was very good.,5,Hotel Roca Negra del Arenal,alojamiento,booking,en,La habitación era súper grande y cómoda. El desayuno fue muy bueno.,
Beautiful views and surrounds. Comfortable bed and great room and balcony. It was 30 mins walk out of La Fortuna town.,5,Hotel Roca Negra del Arenal,alojamiento,booking,en,Hermosas vistas y alrededores. Cama cómoda y gran salón y balcón. Fueron 30 minutos a pie desde la ciudad de La Fortuna.,
"Located slightly outside the busy streets of la Fortuna, but still along one of the main travel axes. Nice relaxed place, where we hardly noticed the presence of other tourists. The cabins are secluded behind shrubs and flowers. Ours had its one patio. Pool and jacuzzi are nice and clean. Service at the front desk was excellent and very welcoming.",5,Hotel Roca Negra del Arenal,alojamiento,booking,en,"Ubicado un poco fuera de las concurridas calles de la Fortuna, pero aún a lo largo de uno de los principales ejes de viaje. Bonito lugar relajado, donde apenas notamos la presencia de otros turistas. Las cabañas están aisladas detrás de arbustos y flores. La nuestra tenía su único patio. La piscina y el jacuzzi son bonitos y limpios. El servicio de recepción fue excelente y muy acogedor.",
"Friendly staff, as a solo traveller I was made to feel very welcome. Room, although simply furnished was clean and the bed very comfortable, I slept very well (except for when it rained!) I really liked the fridge and being able to store some food and drinks. View of the volcano was an added bonus. Location was excellent - sodas, a supermarket, pharmacy all in walking distance but out enough to feel more rural. Beautiful grounds, great pool area and bonus of the jacuzzi which was perfect after a day full of activities. Coffee and small outdoor kitchen area was good for making sandwiches and breakfast. Excellent value for money overall. Breakfast wasn’t available on the dates I stayed which was unfortunate (the rooms have fridges though so this wasn’t a dealbreaker for me!)",5,Hotel Roca Negra del Arenal,alojamiento,booking,en,"Personal amable, como viajero solo me hicieron sentir muy bienvenido. La habitación, aunque amueblada de forma sencilla, estaba limpia y la cama era muy cómoda, dormí muy bien (¡excepto cuando llovía!). Me gustó mucho la nevera y poder guardar algo de comida y bebida. La vista del volcán fue una ventaja adicional. La ubicación era excelente: refrescos, un supermercado, una farmacia, todo a poca distancia, pero lo suficientemente alejado como para sentirse más rural. Hermosos jardines, excelente área de piscina y la ventaja del jacuzzi, que fue perfecto después de un día lleno de actividades. El café y la pequeña zona de cocina al aire libre eran buenos para preparar sándwiches y desayunos. Excelente relación calidad-precio en general. El desayuno no estaba disponible en las fechas en las que estuve, lo cual fue desafortunado (aunque las habitaciones tienen refrigeradores, ¡así que esto no fue un factor decisivo para mí!)",
Pool jacuzzi play area rooms have huge showers,5,Hotel Roca Negra del Arenal,alojamiento,booking,en,Las habitaciones del área de juegos con jacuzzi en la piscina tienen duchas enormes.,
"We loved the modern spacious bungalow incl. the nice terrace providing views of the Arenal vulcano. The beds were very comfy. Showeres were nice and hot. Wifi was very good in the room as well as in the common areas.
The pool area is lovely and includes a jacuzzi which is turned on (only upon request) as from 3 pm. Breakfast should be included in the price instead of charged extra.",5,Hotel Roca Negra del Arenal,alojamiento,booking,en,"Nos encantó el espacioso bungalow moderno incl. la bonita terraza con vistas al volcán Arenal. Las camas eran muy cómodas. Las duchas eran agradables y calientes. El wifi era muy bueno tanto en la habitación como en las zonas comunes.
La zona de la piscina es preciosa e incluye un jacuzzi que se enciende (sólo bajo petición) a partir de las 15:00 horas. El desayuno debería estar incluido en el precio en lugar de cobrar extra.",
We loved the room and the gardens and view of the volcano were spectacular. We enjoyed the jacuzzi and pool. The breakfast was very good and affordable. The absolute best thing about our stay was the staff. They were so helpful and friendly.,5,Hotel Roca Negra del Arenal,alojamiento,booking,en,Nos encantó la habitación y los jardines y la vista del volcán eran espectaculares. Disfrutamos del jacuzzi y la piscina. El desayuno era muy bueno y asequible. Lo mejor de nuestra estancia fue el personal. Fueron muy serviciales y amables.,
"Beautiful garden with hummingbirds and view of Arenal in front of our room, AC We should have stayed longer than one night :-)",5,Hotel Roca Negra del Arenal,alojamiento,booking,en,"Hermoso jardín con colibríes y vista del Arenal frente a nuestra habitación, aire acondicionado. Deberíamos habernos quedado más de una noche :-)",
"We stayed in 4 places in CR and this was our favorite. Beautiful grounds including birds and chickens. Private bungalow with view of Arenal Volcano. Delicious breakfast available for $7...fruit, eggs, rice/beans, toast. Elizabeth, our host, lives on the property was very friendly and accommodating. Great location on edge of La Fortuna....less than half mile walk to restaurants. No suggestions.",5,Hotel Roca Negra del Arenal,alojamiento,booking,en,"Nos alojamos en 4 lugares en CR y este fue nuestro favorito. Hermosos jardines que incluyen pájaros y gallinas. Bungalow privado con vista al Volcán Arenal. Delicioso desayuno disponible por $7... fruta, huevos, arroz/frijoles, tostadas. Elizabeth, nuestra anfitriona, vive en la propiedad y fue muy amable y servicial. Excelente ubicación en las afueras de La Fortuna...a menos de media milla a pie de restaurantes. Sin sugerencias.",
"This was a gorgeous property, and the staff was very helpful. They did not take credit cards for anything.",5,Hotel Roca Negra del Arenal,alojamiento,booking,en,Esta era una propiedad preciosa y el personal fue muy servicial. No aceptaron tarjetas de crédito para nada.,
"Seclusive & secure facility, the staff was super friendly and helpful. We got to see a lot of birds, including parakeets and a variety of hummingbirds. The parking was easy to get in and out of. The breakfast was delicious and very affordable. Water pressure was lower than what we prefer.",5,Hotel Roca Negra del Arenal,alojamiento,booking,en,"Instalaciones aisladas y seguras, el personal fue muy amable y servicial. Pudimos ver muchas aves, incluidos periquitos y una variedad de colibríes. Era fácil entrar y salir del aparcamiento. El desayuno era delicioso y muy asequible. La presión del agua era inferior a la que preferimos.",
This property is an oasis. Loved everything! I did not like that there is not a microwave and coffee maker in the room.,5,Hotel Roca Negra del Arenal,alojamiento,booking,en,Esta propiedad es un oasis. ¡Me encantó todo! No me gustó que no hubiera microondas ni cafetera en la habitación.,
The pool and hot tub were nice for relaxing in the evening. The grounds are a well-maintained garden with weaving paths that made for a relaxing stroll or a nice view from our room's porch or any of the scattered public lounge areas.,5,Hotel Roca Negra del Arenal,alojamiento,booking,en,La piscina y el jacuzzi eran agradables para relajarse por la noche. Los jardines son un jardín bien cuidado con senderos que tejen para un paseo relajante o una hermosa vista desde el porche de nuestra habitación o cualquiera de las áreas de salón públicas dispersas.,
"Friendly and helpful staff, clean, spacy nice decorated room with big beds. Good shower, lovely terras with rocking chairs and vieuw on the stunning garden and the volcano. A bit of a long wait for breakfast to be served",5,Hotel Roca Negra del Arenal,alojamiento,booking,en,"Personal amable y servicial, habitación limpia, espaciosa y bonita, decorada con camas grandes. Buena ducha, preciosas terras con mecedoras y vistas al impresionante jardín y al volcán. Un poco de espera para que sirvan el desayuno.",
It was beautiful and the staff was incredible.,5,Hotel Roca Negra del Arenal,alojamiento,booking,en,Fue hermoso y el personal fue increíble.,
"Amazing place, great atmosphere and amazing staff. Lovely garden all around, you can just sit on your veranda and watch the flowers, the birds and the volcano. Great breakfast for a very reasonable price!",5,Hotel Roca Negra del Arenal,alojamiento,booking,en,"Lugar increíble, gran ambiente y personal increíble. Precioso jardín alrededor, puedes simplemente sentarte en tu terraza y observar las flores, los pájaros y el volcán. Gran desayuno a un precio muy razonable!",
"Beautiful property, friendly staff, great location. Pool and jacuzzi were really pleasant.",5,Hotel Roca Negra del Arenal,alojamiento,booking,en,"Hermosa propiedad, personal amable, excelente ubicación. La piscina y el jacuzzi eran realmente agradables.",
Beautiful grounds and cabins and pool. Extremely great and friendly and helpful staff. Restaurants and little store very close for walking.,5,Hotel Roca Negra del Arenal,alojamiento,booking,en,"Hermosos jardines y cabañas y piscina. Personal extremadamente fantástico, amable y servicial. Restaurantes y tiendita muy cerca para caminar.",
Absolutely the staff!!,5,Hotel Roca Negra del Arenal,alojamiento,booking,en,¡Absolutamente el personal!,
"Great staff. Rooms were lovely. Fantastic gardens, seating areas and pool. Lots of birds around as well as the resident birds and dogs. There was confusion with paying for breakfast, it wasn't made clear to us. No coffee in the kitchen area.",5,Hotel Roca Negra del Arenal,alojamiento,booking,en,"Gran personal. Las habitaciones eran preciosas. Fantásticos jardines, zonas de estar y piscina. Hay muchas aves alrededor, así como pájaros y perros residentes. Hubo confusión con el pago del desayuno, no nos lo dejaron claro. No hay café en el área de la cocina.",
Elizabeth was so great! The property and view from the room was just amazing. Loved all of the animals there. Very beautiful and quant place. Highly reccomend!,5,Hotel Roca Negra del Arenal,alojamiento,booking,en,¡Elizabeth fue tan genial! La propiedad y la vista desde la habitación eran simplemente increíbles. Me encantaron todos los animales allí. Lugar muy hermoso y cuantitativo. ¡Muy recomendable!,
"The staff were very friendly and helpful with recommendations for activities in the area. The room, pool and gardens with views of the volcano were lovely! It was around a 25-30 minute walk from fortuna centre and near lots of restaurants/ shops - the perfect hotel for relaxing and exploring the area!",5,Hotel Roca Negra del Arenal,alojamiento,booking,en,"El personal fue muy amable y servicial con recomendaciones de actividades en la zona. ¡La habitación, la piscina y los jardines con vistas al volcán eran encantadores! Estaba a unos 25-30 minutos a pie del centro de fortuna y cerca de muchos restaurantes y tiendas: ¡el hotel perfecto para relajarse y explorar la zona!",
"Beautifully kept, perfect location, extremely friendly and helpful staff with the most relaxing atmosphere. Breakfast the best we had! Nothing",5,Hotel Roca Negra del Arenal,alojamiento,booking,en,"Muy bien cuidado, ubicación perfecta, personal extremadamente amable y servicial con el ambiente más relajante. ¡El mejor desayuno que hemos tenido! Nada",
"Great hotel, very nice staff! There is a little garden and a great pool area with a jacuzzi! 😍 we enjoyed our 2 nights in the extremely comfortable king size bed and had a sun downer on the veranda.",5,Hotel Roca Negra del Arenal,alojamiento,booking,en,"Gran hotel, personal muy agradable! ¡Hay un pequeño jardín y una gran área de piscina con jacuzzi!  Disfrutamos de nuestras 2 noches en la cama king size extremadamente cómoda y tomamos el sol en la terraza.",😍
The privacy of the individual cabins,5,Hotel Roca Negra del Arenal,alojamiento,booking,en,La privacidad de las cabañas individuales.,
the extremely queer friendly and welcoming atmosphere. great for couple,5,Hotel Roca Negra del Arenal,alojamiento,booking,en,"el ambiente extremadamente extraño, amigable y acogedor. genial para pareja",
"The gardens were gorgeous and we enjoyed seeing lots of flowers and birds. The property was gated and felt very secure. We loved the views of the volcano. The breakfast seemed cheap/low quality and not worth paying extra (would have been fine if it was included with our stay). Although the reception staff were friendly and helpful, the staff at the breakfast were not very nice. The room seemed quite clean at first but we noticed there was dirt above the cabinets where the blankets were stored. Also, our suitcases were covered in bugs after we left them on the floor of the room (not sure if the hotel could prevent this issue).",5,Hotel Roca Negra del Arenal,alojamiento,booking,en,"Los jardines eran preciosos y disfrutamos viendo muchas flores y pájaros. La propiedad estaba cerrada y se sentía muy segura. Nos encantaron las vistas del volcán. El desayuno parecía barato/de baja calidad y no valía la pena pagar más (habría estado bien si estuviera incluido en nuestra estancia). Aunque el personal de recepción fue amable y servicial, el personal del desayuno no fue muy agradable. La habitación parecía bastante limpia al principio, pero notamos que había suciedad encima de los gabinetes donde se guardaban las mantas. Además, nuestras maletas estaban cubiertas de insectos después de que las dejamos en el piso de la habitación (no estoy seguro de si el hotel podría evitar este problema).",
"Stunning. My porch was a menagerie of birds and flowers.  I could watch the humming birds for hours. There was thought out into everything. Great attention to detail. Staff promised to assist me with someone at 6:30 am the day I departed but they didn’t show. 

Also, reception has surprisingly poor English. Communication is difficult.  But I just talked slower. They were super kind and helpful most of the time !",5,Hotel Roca Negra del Arenal,alojamiento,booking,en,"Impresionante. Mi porche era una colección de pájaros y flores.  Podría observar los colibríes durante horas. Todo estaba pensado. Gran atención al detalle. El personal prometió ayudarme con alguien a las 6:30 am del día que partí, pero no aparecieron. 

Además, la recepción habla un inglés sorprendentemente pobre. La comunicación es difícil.  Pero simplemente hablé más lento. ¡Fueron súper amables y serviciales la mayor parte del tiempo!",
"Elizabeth and Eugenia at front desk.
Beautiful grounds
Nice outdoor jacuzzi
Great beds
Refrigerator in room
Microwave at reception
Great price",5,Hotel Roca Negra del Arenal,alojamiento,booking,en,"Elizabeth y Eugenia en recepción.
Hermosos jardines
Bonito jacuzzi al aire libre
Grandes camas
refrigerador en la habitación
Microondas en recepción
Gran precio",
"Good location, very pleasant and funny staff. Confortable bed and good air conditioning. Highly recommended",5,Hotel Roca Negra del Arenal,alojamiento,booking,en,"Buena ubicación, personal muy agradable y divertido. Cama cómoda y buen aire acondicionado. Altamente recomendado",
Beautifull place with a nice pool and comfortable rooms.,5,Hotel Roca Negra del Arenal,alojamiento,booking,en,Hermoso lugar con una linda piscina y cómodas habitaciones.,
"Very clean and large rooms with private terrace. Wonderful garden. Payment only in cash, breakfast not included and need to be ordered the day before - so no spontaneous option to have breakfast.",5,Hotel Roca Negra del Arenal,alojamiento,booking,en,"Habitaciones muy limpias y grandes con terraza privada. Maravilloso jardín. Pago sólo en efectivo, desayuno no incluido y debe solicitarse el día anterior, por lo que no hay opción espontánea de desayunar.",
"Comfortable, modern, clean.  Beautiful grounds and pool, and incredibly welcoming.",5,Hotel Roca Negra del Arenal,alojamiento,booking,en,"Cómodo, moderno, limpio.  Hermosos jardines y piscina, e increíblemente acogedor.",
"The pool and hot tub were great. Breakfast was delicious, quick and homemade. Our room wasn't fancy, but it was clean and secure and had everything we neeeded. It would have been nice to have a coffee maker in the room. And the AC did not get the room quite cool enough for our preference.",5,Hotel Roca Negra del Arenal,alojamiento,booking,en,"La piscina y el jacuzzi eran geniales. El desayuno era delicioso, rápido y casero. Nuestra habitación no era lujosa, pero estaba limpia y segura y tenía todo lo que necesitábamos. Hubiera sido bueno tener una cafetera en la habitación. Y el aire acondicionado no enfrió la habitación lo suficiente para nuestras preferencias.",
"Palace is amazing! I feel like I was in expensive resort. Very clean, it was in middle of nature. Host are incredible… Definitely I’ll back here, and tell all my friends to book here. Reference",5,Hotel Roca Negra del Arenal,alojamiento,booking,en,"¡El palacio es increíble! Me siento como si estuviera en un resort caro. Muy limpio, estaba en plena naturaleza. Los anfitriones son increíbles... Definitivamente regresaré aquí y les diré a todos mis amigos que reserven aquí. Referencia",
"Hotel Roca Negra was so cozy, we absolutely loved our stay, so much so that we extended our stay by 2 days. There is so much to do aside from all the attractions in La Fortuna, a big beautiful garden with walking paths, a game area with pool and ping pong, a lovely pool and hot tub. Not to mention, all the staff were so friendly and helpful the whole time!",5,Hotel Roca Negra del Arenal,alojamiento,booking,en,"El Hotel Roca Negra era tan acogedor que nos encantó nuestra estancia, tanto que ampliamos nuestra estancia 2 días. Hay mucho que hacer además de todas las atracciones en La Fortuna, un gran y hermoso jardín con senderos para caminar, un área de juegos con piscina y ping pong, una hermosa piscina y jacuzzi. Sin mencionar que todo el personal fue muy amable y servicial todo el tiempo.",
"Room was nice.
Breakfast was OK. A bit low on fruits.
There was a pool, a hot tub, billiards table and ping pong table. Breakfast was OK. A bit low on fruits",5,Hotel Roca Negra del Arenal,alojamiento,booking,en,"La habitación era bonita.
El desayuno estaba bien. Un poco escaso en frutas.
Había una piscina, un jacuzzi, una mesa de billar y una mesa de ping pong. El desayuno estaba bien. Un poco bajo en frutas",
"Beautiful surroundings, generous staff and very nice pool area. Overall I’d say great value for money and I found especially the bathroom much much nicer than based on the pictures. We stayed in a 4-person room. The view is to die for, when El Arenal shows itself. A small suggestion for the breakfast provided on site: if a yoghurt, fruit and cereal option could be included in the choices, that would be great. Breakfast on site was very practical for us and we felt very much looked after by the ladies providing it.",5,Hotel Roca Negra del Arenal,alojamiento,booking,en,"Hermoso entorno, personal generoso y zona de piscina muy bonita. En general, diría que tiene una excelente relación calidad-precio y, especialmente, el baño me pareció mucho mejor que según las imágenes. Nos alojamos en una habitación para 4 personas. La vista es para morirse, cuando El Arenal se muestra. Una pequeña sugerencia para el desayuno que se ofrece en el lugar: si se pudiera incluir una opción de yogur, fruta y cereales entre las opciones, sería genial. El desayuno en el lugar fue muy práctico para nosotros y nos sentimos muy atendidos por las señoras que lo proporcionaron.",
We enjoyed our stay in a cabin at Roca Negra. It was a great location just outside of town but also set back from the road just enough that it felt secluded and peaceful. We spent some quality time on our cabin's porch watching the afternoon rainstorms. The reception staff were very friendly and the breakfast was tasty.,5,Hotel Roca Negra del Arenal,alojamiento,booking,en,"Disfrutamos nuestra estadía en una cabaña en Roca Negra. Era una excelente ubicación en las afueras de la ciudad, pero también lo suficientemente alejada de la carretera como para que se sintiera aislada y tranquila. Pasamos un buen rato en el porche de nuestra cabaña observando las tormentas de la tarde. El personal de recepción fue muy amable y el desayuno estaba delicioso.",
Welcoming staff. Beautiful grounds. Private cabin with amazing view of volcano. Beds were a little squeaky and soft.,5,Hotel Roca Negra del Arenal,alojamiento,booking,en,Personal de bienvenida. Hermosos jardines. Cabaña privada con increíble vista al volcán. Las camas eran un poco chirriantes y suaves.,
"Gorgeous well cared for property with excellent view of Arenal. Kind, welcoming, and attentive staff, helped us book other outings. Beds were very comfortable. Our room’s personal hammock was breaking and didn’t work well but the rocking chairs were super comfortable.",5,Hotel Roca Negra del Arenal,alojamiento,booking,en,"Preciosa propiedad bien cuidada con excelente vista del Arenal. El personal amable, acogedor y atento nos ayudó a reservar otras salidas. Las camas eran muy cómodas. La hamaca personal de nuestra habitación se estaba rompiendo y no funcionaba bien, pero las mecedoras eran súper cómodas.",
"The accommodation itself was excellent. We stayed in a very clean and nice bungalow. The garden area is beautiful, and we loved the pool, pool table, table tennis, and small jacuzzi. Having free coffee and tea facilities was a great bonus. The cleaners and landscapers were incredibly kind, friendly, and hard-working. The check-in experience with the management/owner left a very sour taste. After communicating our arrival time, we were met with unnecessary irritation and told to ""calm down"" simply for politely asking where to park so we wouldn't block the driveway. Furthermore, the management made an intrusive, inappropriate comment to my wife regarding her ethnicity (""Are you from Thailand? You don't look Chinese!""). Throughout the stay, we felt uncomfortable as the management kept staring at us. Excellent property, but the hospitality from management needs a serious lesson in manners and customer service.",4,Hotel Roca Negra del Arenal,alojamiento,booking,en,"El alojamiento en sí fue excelente. Nos alojamos en un bungalow muy limpio y bonito. La zona del jardín es preciosa y nos encantó la piscina, la mesa de billar, el tenis de mesa y el pequeño jacuzzi. Tener café y té gratis fue una gran ventaja. Los limpiadores y paisajistas fueron increíblemente amables, amigables y trabajadores. La experiencia de check-in con la gerencia/propietario dejó un sabor muy amargo. Después de comunicar nuestra hora de llegada, nos encontramos con una irritación innecesaria y nos dijeron que ""nos calmáramos"" simplemente por preguntar cortésmente dónde estacionarnos para no bloquear el camino de entrada. Además, la dirección le hizo un comentario intrusivo e inapropiado a mi esposa sobre su origen étnico (""¿Eres de Tailandia? ¡No pareces china!""). Durante toda la estancia, nos sentimos incómodos mientras la dirección seguía mirándonos. Excelente propiedad, pero la hospitalidad de la gerencia necesita una lección seria de modales y servicio al cliente.",
"The grounds are kept up very beautifully. Its more than a full-time job. The Gallo Pinto (beans and rice) at breakfast are exceptional. The covered deck is perfect.  The birds are so fun to watch and listen to.  We enjoyed having a resident cat who slept on our deck. We can drink from the tap and filled our water bottles. Do walk the grounds!! There's a delightful little nature trail in back I had made my reservations long before my visit and either didn't remember the fine print, or missed it. The hotel only takes cash.  I spent too much time out of my vacation trying to find cash. You can get cash at the ATM only at ""Bac San Jose"" which actually says, ""Bac Credomatic,"" no ""San Jose"" anywhere. 
The bathroom and towels never dried & the bathroom floor was really,  really slippery.  (Be careful!) No closet or drawers to put my clothes in. No hot water  from sink.",4,Hotel Roca Negra del Arenal,alojamiento,booking,en,"Los jardines están muy bien cuidados. Es más que un trabajo de tiempo completo. El Gallo Pinto (frijoles y arroz) del desayuno es excepcional. La terraza cubierta es perfecta.  Es muy divertido observar y escuchar a los pájaros.  Disfrutamos tener un gato residente que dormía en nuestra terraza. Podemos beber del grifo y llenar nuestras botellas de agua. ¡Camina por el terreno! Hay un pequeño y encantador sendero natural detrás. Había hecho mis reservas mucho antes de mi visita y no recordaba la letra pequeña o me la perdí. El hotel sólo acepta efectivo.  Pasé demasiado tiempo de mis vacaciones tratando de encontrar dinero en efectivo. Puede obtener efectivo en el cajero automático solo en ""Bac San José"", que en realidad dice ""Bac Credomatic"", no ""San José"" en ninguna parte. 
El baño y las toallas nunca se secaron y el piso del baño estaba muy, muy resbaladizo.  (¡Ten cuidado!) No hay armario ni cajones para poner mi ropa. No hay agua caliente del fregadero.",
The bed was very comfortable and the room was spotlessly clean. The rooms were sparsely furnished with very ugly furniture and the lighting would have been perfect for an operating theatre but not so much for a bedroom. It would have been nice to have coffee making facilities in the room. There was a free ‘coffee station’ on the property but the coffee was pretty much undrinkable. The breakfast was ok but not included in the price of the room. Everything in La Fortuna is expensive and this place was no exception.,4,Hotel Roca Negra del Arenal,alojamiento,booking,en,"La cama era muy cómoda y la habitación estaba impecablemente limpia. Las habitaciones estaban escasamente amuebladas con muebles muy feos y la iluminación habría sido perfecta para un quirófano, pero no tanto para un dormitorio. Hubiera sido bueno tener cafetera en la habitación. Había una ""estación de café"" gratuita en la propiedad, pero el café prácticamente no se podía beber. El desayuno estaba bien pero no estaba incluido en el precio de la habitación. Todo en La Fortuna es caro y este lugar no fue la excepción.",
The bed was comfortable and the room was very clean. The staff were lovely,4,Hotel Roca Negra del Arenal,alojamiento,booking,en,La cama era cómoda y la habitación estaba muy limpia. El personal era encantador.,
"Very close to every experience La Fortuna has to offer. Walking distance from restaurants. The property itself is lovely with native plants and animals. The pool and hot tub are great. No comforters on the bed, which isn’t a big deal because it’s warm outside. No conditioner for hair, also not a big deal.",4,Hotel Roca Negra del Arenal,alojamiento,booking,en,"Muy cerca de todas las experiencias que La Fortuna tiene para ofrecer. A poca distancia de restaurantes. La propiedad en sí es preciosa, con plantas y animales autóctonos. La piscina y el jacuzzi son geniales. No hay edredones en la cama, lo cual no es gran cosa porque afuera hace calor. No hay acondicionador para el cabello, tampoco es gran cosa.",
"The location, jacuzzi, greenery, cleanliness They insist on cash only, but unless the bill looks like it was freshly printed and hand-delivered by the mint, they won’t take it.",4,Hotel Roca Negra del Arenal,alojamiento,booking,en,"La ubicación, el jacuzzi, la vegetación, la limpieza. Insisten en que solo se pague efectivo, pero a menos que el billete parezca recién impreso y entregado personalmente en la casa de la moneda, no lo aceptarán.",
"Closeness to town, ease of check in",4,Hotel Roca Negra del Arenal,alojamiento,booking,en,"Cercanía a la ciudad, facilidad de check-in.",
"The property is impeccable and incredible. The rooms are clean, well stocked with linens n such. 

The bathrooms are pristine. 

The breakfasts are insanely delicious and satisfying. The main difficulty with the stay is the setup for pymt. it’s like some private business (as seen on my bank statement) where they prefer cash. They didn’t tell me, until I had already flown from USA that they wanted cash pymt. well, I never traveled with cash. I asked them to consider alternative forms of pymt. 
The WiFi was terrible. It went in-n-out and was not reliable. The power went out for a time during a gnarly part of the rainstorm one evening.  
Nothing, including the tv and the fridge was plugged in, like they were trying to save money rather than look luxurious. 
The location was not bad, but you gotta Uber everywhere",4,Hotel Roca Negra del Arenal,alojamiento,booking,en,"La propiedad es impecable e increíble. Las habitaciones están limpias y bien equipadas con ropa de cama y tal. 

Los baños están impecables. 

Los desayunos son increíblemente deliciosos y satisfactorios. La principal dificultad de la estancia es la configuración de Pymt. es como un negocio privado (como se ve en mi extracto bancario) donde prefieren efectivo. No me dijeron, hasta que ya había volado desde EE. UU., que querían pago en efectivo. Bueno, nunca viajé con dinero en efectivo. Les pedí que consideraran formas alternativas de pymt. 
El WiFi era terrible. Entraba y salía y no era confiable. Una noche, durante una parte retorcida de la tormenta, se cortó la luz por un tiempo.  
Nada, ni siquiera la televisión y la nevera, estaban enchufados, como si estuvieran tratando de ahorrar dinero en lugar de lucir lujosos. 
La ubicación no estaba mal, pero tienes que usar Uber en todas partes.",
"Good location. Good parking spot. No hot or warm water in the sink and very limited warm water for the shower. 
Tea coffee making facilities are not in the room. They are in a shared lean too. More like camping. Not at all what we expected. Your wording is very misleading. 
Breakfast is offered by a third party at $6 per person. We didn’t try it. Wanted to but they had nothing to offer a vegan. Again the room looked like camping.",3,Hotel Roca Negra del Arenal,alojamiento,booking,en,"Buena ubicación. Buen lugar de aparcamiento. No hay agua caliente ni tibia en el lavabo y agua tibia muy limitada para la ducha. 
No hay instalaciones para preparar té y café en la habitación. También están en una tendencia compartida. Más bien como acampar. Para nada lo que esperábamos. Tu redacción es muy engañosa. 
El desayuno lo ofrece un tercero a $6 por persona. No lo intentamos. Querían pero no tenían nada que ofrecer a un vegano. De nuevo la habitación parecía un camping.",
"We only stayed for one night, during our stopover at La Fortuna. The hotel is perfectly acceptable. There are a lot of restaurant options in the neighbourhood, the hotel itself does not have a dinner restaurant.",4,Hotel Roca Negra del Arenal,alojamiento,booking,en,"Sólo estuvimos una noche, durante nuestra escala en La Fortuna. El hotel es perfectamente aceptable. Hay muchas opciones de restaurantes en el vecindario, el hotel en sí no tiene restaurante para cenar.",
"Great location, excellent service from the staff. The plastic pillows.",4,Hotel Roca Negra del Arenal,alojamiento,booking,en,"Excelente ubicación, excelente servicio del personal. Las almohadas de plástico.",
"The staff was very kind and alwsys reafy to help. The location is great. The little Casitas sit amongst beautiful, well-kept grounds. The breakfast needs improvement. Options are small, and the quality is just ok.",4,Hotel Roca Negra del Arenal,alojamiento,booking,en,El personal fue muy amable y siempre dispuesto a ayudar. La ubicación es genial. Las pequeñas Casitas se encuentran en un hermoso y bien cuidado terreno. El desayuno necesita mejorar. Las opciones son pequeñas y la calidad es simplemente buena.,
"The gardens were beautiful with quiet places to relax and lots of birds to watch and enjoy their singing. A safe oasis off a busy road. 
The king size bed was very comfortable and the rooms were clean. We had a nice view of Arenal volcano from our front porch. The building and rooms are getting old and need some TLC. The bathroom sink had no hot water and the roof leaked during a heavy rain. We stepped in puddles around the toilet, brushed our teeth with water dripping on our head and all our toiletries got wet. 
I mentioned the leak to the front desk on check out and they were hesitant to offer any apology claiming it’s an old building and just the way it is. They claimed I should have told them right away but when we came by the desk the first night, no one was there. Same the next morning and at 8pm the following day we were too tired to deal with it and we were leaving. In the end after expressing my displeasure and requesting a discount, they gave us $20 off our 4 night stay.",4,Hotel Roca Negra del Arenal,alojamiento,booking,en,"Los jardines eran hermosos con lugares tranquilos para relajarse y muchos pájaros para observar y disfrutar de su canto. Un oasis seguro alejado de una carretera muy transitada. 
La cama king size era muy cómoda y las habitaciones estaban limpias. Teníamos una bonita vista del volcán Arenal desde nuestro porche. El edificio y las habitaciones están envejeciendo y necesitan algo de cariño. El lavabo del baño no tenía agua caliente y el techo goteaba durante una fuerte lluvia. Nos metimos en charcos alrededor del inodoro, nos cepillamos los dientes con agua que goteaba sobre nuestra cabeza y todos nuestros artículos de tocador se mojaron. 
Mencioné la fuga en la recepción al hacer el registro de salida y dudaron en ofrecer alguna disculpa alegando que es un edificio antiguo y tal como está. Dijeron que debería haberles dicho de inmediato, pero cuando llegamos al mostrador la primera noche, no había nadie allí. Lo mismo a la mañana siguiente y a las 8 p.m. del día siguiente estábamos demasiado cansados ​​para lidiar con eso y nos íbamos. Al final después de expresar mi disgusto y solicitar un descuento, nos dieron $20 de descuento en nuestra estancia de 4 noches.",
"It is a beautifully landscaped villa park in a green garden, where you can see many birds and encounter a few nice cats.
It's pretty quiet there.
The houses are clean and tidy with a somewhat old-fashioned dated decor.
Most houses have a view of the volcano and some even have very good views.
The breakfast was tasty.
The staff were friendly and welcoming. The air conditioning in our house was loud and could not be adjusted properly.
The decor is quite old-fashioned/dated.
It's annoying that you can't pay with a credit card.",4,Hotel Roca Negra del Arenal,alojamiento,booking,en,"Es un parque de villas bellamente ajardinado en un jardín verde, donde puedes ver muchas aves y encontrarte con algunos gatos agradables.
Está bastante tranquilo allí.
Las casas están limpias y ordenadas, con una decoración algo anticuada.
La mayoría de las casas tienen vista al volcán y algunas incluso tienen muy buenas vistas.
El desayuno estaba delicioso.
El personal fue amable y acogedor. El aire acondicionado de nuestra casa hacía mucho ruido y no se podía regular correctamente.
La decoración es bastante anticuada/anticuada.
Es molesto que no se pueda pagar con tarjeta de crédito.",
Location.  Friendly staff Smelled mold,4,Hotel Roca Negra del Arenal,alojamiento,booking,en,Ubicación.  Personal amable Olía a moho,
The birds and close to soda bar gardens were pretty Thin walls could hear everyone's conversation next door.Dark in the room and looked like the place needed an update.,4,Hotel Roca Negra del Arenal,alojamiento,booking,en,Los pájaros y los jardines cercanos a la barra de refrescos eran bonitos. Las paredes delgadas podían escuchar la conversación de todos los de al lado. La habitación estaba oscura y parecía que el lugar necesitaba una actualización.,
Nice gardens Small rooms. Little counter space,4,Hotel Roca Negra del Arenal,alojamiento,booking,en,Bonitos jardines Habitaciones pequeñas. Poco espacio en el mostrador,
"Friendly staff. Good facilities, with everything you need for a pleasant short stay. It felt safe. Nice quirky property. The room's decor was slightly tacky, with poor use of space. The house next to the reception seemed cluttered and disorganised. The hotel doesn't accept credit/debit cards, only cash. Not really the hotel's fault but there is no sidewalk by the road outside, which makes it a bit dangerous to walk, particularly at night.",4,Hotel Roca Negra del Arenal,alojamiento,booking,en,"Personal amable. Buenas instalaciones, con todo lo necesario para una estancia corta agradable. Se sentía seguro. Bonita propiedad peculiar. La decoración de la habitación era un poco hortera y el uso del espacio era deficiente. La casa al lado de la recepción parecía desordenada y desorganizada. El hotel no acepta tarjetas de crédito/débito, sólo efectivo. Realmente no es culpa del hotel, pero no hay acera junto a la calle, lo que hace que caminar sea un poco peligroso, especialmente de noche.",
"Beautiful property - lots of birds 
Great location- walking distance to both downtowns 
Enough parking 
Rooms were clean - water was hot We booked through booking.com- when we got there they forced us to pay in cash with a message the day before. No other place we stayed in asked for cash. 
The front desk took cash from my husband and didnt give the right amount of change back. also with an attitude.",3,Hotel Roca Negra del Arenal,alojamiento,booking,en,"Hermosa propiedad - muchas aves 
Excelente ubicación, a poca distancia de ambos centros 
suficiente estacionamiento 
Las habitaciones estaban limpias, el agua estaba caliente. Reservamos a través de booking.com. Cuando llegamos allí, nos obligaron a pagar en efectivo con un mensaje el día anterior. Ningún otro lugar en el que nos alojamos pidió dinero en efectivo. 
La recepción recibió efectivo de mi esposo y no le devolvió la cantidad correcta de cambio. También con actitud.",
"Great location. Close to restaurants, hot springs, and 20 minute drive to Arenal Volcano National park. The hotel also had a really nice view of the volcano. The day prior to the reservation, we were told that we needed to pay for the room fully in cash the day of check-in, even though this is not listed in the policies on booking.com and I reserved with my credit card. We were told if this is inconvenient for us we can cancel which we would have been charged a penalty for canceling on short notice. Upon arrival we paid in all cash for the room. We did not receive a receipt. It seems like they do not have a good way of documenting who paid for the rooms because when I was checking out they asked me to pay for the room again. When I told them I already paid, they said they never wrote it down that I paid so I must have not paid. In addition to the check-in/check-out inconveniences, upon initial entry to our room, there was a giant cockroach in there. We understand the hotel is in a garden and the weather is humid but it made the room feel less clean.",4,Hotel Roca Negra del Arenal,alojamiento,booking,en,"Excelente ubicación. Cerca de restaurantes, aguas termales y a 20 minutos en auto del Parque Nacional Volcán Arenal. El hotel también tenía una vista muy bonita del volcán. El día anterior a la reserva, nos dijeron que teníamos que pagar la habitación en efectivo el día del check-in, aunque esto no figura en las políticas de reserva. com y reservé con mi tarjeta de crédito. Nos dijeron que si esto es un inconveniente para nosotros, podemos cancelar, lo que nos habría cobrado una multa por cancelar con poca antelación. A nuestra llegada pagamos en efectivo la habitación. No recibimos un recibo. Parece que no tienen una buena manera de documentar quién pagó las habitaciones porque cuando estaba haciendo el check out me pidieron que pagara la habitación nuevamente. Cuando les dije que ya pagué, dijeron que nunca anotaron que había pagado, así que no debí haber pagado. Además de los inconvenientes de check-in/check-out, al entrar inicialmente a nuestra habitación, había una cucaracha gigante allí. Entendemos que el hotel está en un jardín y que el clima es húmedo, pero hizo que la habitación se sintiera menos limpia.",
The people were friendly and it the room was clean. You were only able to pay cash! The electricity didn’t work in the morning and they didn’t have generators. We had breakfast included but the kitchen woman was on vacation and wasn’t able to have this!,3,Hotel Roca Negra del Arenal,alojamiento,booking,en,La gente era amable y la habitación estaba limpia. ¡Solo pudiste pagar en efectivo! La electricidad no funcionó en la mañana y no tenían generadores. Teníamos el desayuno incluido pero la encargada de la cocina estaba de vacaciones y no pudo tener esto.,
Can only pay with cash. Don’t understand why Booking is supporting tax evasion.,3,Hotel Roca Negra del Arenal,alojamiento,booking,en,Sólo se puede pagar en efectivo. No entiendo por qué Booking apoya la evasión fiscal.,
Lush location at Arenal,5,Hotel Roca Negra del Arenal,alojamiento,booking,en,Exuberante ubicación en Arenal,
The property was very well laid out. Was gated and all the grounds were very clean and well kept. No microwaves in rooms,5,Hotel Roca Negra del Arenal,alojamiento,booking,en,La propiedad estaba muy bien distribuida. Estaba cerrado y todos los jardines estaban muy limpios y bien cuidados. No hay microondas en las habitaciones.,
"Mooi aangelegd, uitzicht richting vulkaan geweldig Rupsen met giftige stekeltjes.",5,Hotel Roca Negra del Arenal,alojamiento,booking,nl,"Bellamente ajardinado, excelentes vistas hacia el volcán. Orugas con espinas venenosas.",
Camere pulite e spaziose con patio immerso nella natura. Cucina moderna a disposizione degli ospiti. Molto apprezzata la piscina con l’area relax Il fatto di dover pagare tutto il soggiorno esclusivamente in contanti non fa fare una bella figura,5,Hotel Roca Negra del Arenal,alojamiento,booking,it,Habitaciones limpias y espaciosas con patio rodeado de naturaleza. Cocina moderna a disposición de los huéspedes. Se agradece mucho la piscina con zona de relajación. El hecho de tener que pagar toda la estancia exclusivamente en efectivo no hace quedar bien a uno,
"Tout! La piscine, le personnel, le jardin. Chambre spacieuse et belle terrasse Dommage qu’il n’y ait pas un coin cuisine dans le chalet",5,Hotel Roca Negra del Arenal,alojamiento,booking,fr,"¡Todo! La piscina, el personal, el jardín. Amplia habitación y bonita terraza. Lástima que no haya zona de cocina en el chalet.",
"De huisjes liggen verspreid in een mooie tuin vol bomen en planten die diverse dieren aantrekken. Het zwembad is fijn en de verwarmde jacuzzi in de middag was een pluspunt.
De kamers zijn simpel, maar netjes en schoon. Bij de receptie ligt een ruimte waar je koffie en thee kunt zetten en waar je servies en bestek kunt gebruiken. Het park kan hier en daar een opknapbeurt gebruiken (de koffie- en theeruimte is onlangs wel vernieuwd).
Het ontbijt vonden we tegenvallen. We reserveerden dit de eerste ochtend en wij vonden het de 8 dollar niet waard. Ook hebben we ruim een half uur moeten wachten, waardoor we bijna onze tour misten.",5,Hotel Roca Negra del Arenal,alojamiento,booking,nl,"Las casas se distribuyen en un hermoso jardín lleno de árboles y plantas que atraen a varios animales. La piscina es bonita y el jacuzzi climatizado por la tarde fue una ventaja.
Las habitaciones son sencillas, pero limpias y ordenadas. En la recepción hay una sala donde poder preparar café y té y donde poder utilizar la vajilla y la cubertería. Al parque le vendría bien una renovación aquí y allá (el salón de café y té ha sido renovado recientemente).
El desayuno nos pareció decepcionante. Reservamos esto la primera mañana y no pensamos que valiera la pena los $ 8. También tuvimos que esperar más de media hora, lo que significó que casi nos perdimos el recorrido.",
"Fantastisch mooie tuin, comfortabel huisje, heerlijk zwembad, perfecte ligging, goede splinternieuwe keuken, gratis koffie. De houding van de eigenaar is wat eigenaardig. Specifiek voorbeeld; Vragend naar de functie van de whirlpool, doet ze alsof ze haar hoofd stoot om aan te geven dat het een domme vraag is..",5,Hotel Roca Negra del Arenal,alojamiento,booking,nl,"Fantástico y hermoso jardín, casa cómoda, hermosa piscina, ubicación perfecta, buena cocina nueva y café gratis. La actitud del dueño es un poco extraña. Ejemplo específico; Al preguntar sobre la función de la bañera de hidromasaje, finge golpearse la cabeza para indicar que es una pregunta estúpida.",
"Elke kamer heeft een terras met zicht op de mooie tuin en op de vulkaan bij mooi helder weer. Hotel ligt dicht bij restaurants , winkels en activiteiten. Lekker ontbijt. Je kan alleen cash betalen. Je moet het ontbijt elke dag cash betalen.",5,Hotel Roca Negra del Arenal,alojamiento,booking,nl,"Cada habitación tiene una terraza con vistas al hermoso jardín y al volcán cuando hace buen tiempo. El hotel está cerca de restaurantes, tiendas y actividades. Buen desayuno. Sólo puedes pagar en efectivo. Tienes que pagar el desayuno en efectivo todos los días.",
"Emplacement parfait. Piscine jacuzzi, billard baby-foot ping-pong. Chambre avec vue sur le volcan Arenal (quand le temps est dégagé). Tout était parfait",5,Hotel Roca Negra del Arenal,alojamiento,booking,fr,"Ubicación perfecta. Piscina con jacuzzi, billar, futbolín, ping-pong. Habitación con vista al Volcán Arenal (cuando el clima está despejado). todo fue perfecto",
El lugar muy bien cuidado Nada,5,Hotel Roca Negra del Arenal,alojamiento,booking,es,El lugar muy bien cuidado Nada,
"Elisabeth és una gran professional, ens ha atès molt bé i amb molta atenció a tot el que hem necessitat. L'hotel ajardinat està molt ben cuidat, la piscina amb jacuzzi calentet s'agraeix moltíssim i ens ha anat molt bé que hi ha una zona de cafetería on pots fer-te cafè, infusions, sucs... també hi ha jocs de taula... molt agradable tot! I tenen alguns animals fins i tot! L'esmorzar que s'ofereix amb cost adicional no ens va semblar massa bé. Vam preferir esmorzar a la zona cafeteria self service del mateix hotel. 
L'aigua de la dutxa no té molta presió.",5,Hotel Roca Negra del Arenal,alojamiento,booking,ca,"Elisabeth es una gran profesional, nos ha atendido muy bien y con mucha atención a todo lo que necesitamos. El hotel ajardinado está muy bien cuidado, la piscina con jacuzzi calentito se agradece muchísimo y nos ha ido muy bien que hay una zona de cafetería donde puedes tomarte café, infusiones, zumos... también hay juegos de mesa... ¡muy agradable todo! ¡Y tienen algunos animales incluso! El desayuno que se ofrece con coste adicional no nos pareció demasiado bien. Prefirimos desayuno en la zona cafetería self service del mismo hotel. 
El agua de la ducha no tiene mucha presión.",
"El personal muy amable y servicial en todo momento, es un hotel muy bonito con muchas amenidades, parece que estás dentro de un bosque es hermoso, habitación limpia, desayuno rico, está a 5 min del centro en coche Todo bien ninguna queja",5,Hotel Roca Negra del Arenal,alojamiento,booking,es,"El personal muy amable y servicial en todo momento, es un hotel muy bonito con muchas amenidades, parece que estás dentro de un bosque es hermoso, habitación limpia, desayuno rico, está a 5 min del centro en coche Todo bien ninguna queja",
"O hotel é incrível, funcionários encantadores, quarto bastante confortável, um ambiente cheio de verde com uma vista linda do vulcão. Muitos beija-flores por toda parte. Minha filha de 6 anos gostou tanto que não queria ir embora e disse que queria trabalhar no hotel Teria sido mais conveniente poder pagar no cartão, mas isso não afetou em nada a experiência",5,Hotel Roca Negra del Arenal,alojamiento,booking,pt,"El hotel es increíble, personal encantador, habitación muy cómoda, un ambiente verde con una hermosa vista al volcán. Muchos colibríes por todas partes. A mi hija de 6 años le gustó tanto que no quiso irse y dijo que quería trabajar en el hotel. Hubiera sido más cómodo poder pagar con tarjeta, pero no afectó en absoluto la experiencia.",
"Die Hotelanlage mit dem Pool und dem Regenwald-Garten war wunderbar. Wir hatten einen Bungalow mit Terrasse und traumhafter Aussicht auf den Vulkan. Das Zimmer war groß und sauber, ebenso das Bad. Es wirkte neu. Wir hatten einen Gecko im Zimmer, auf einem Bett haben wir seine Hinterlassenschaften entdeckt. Außerdem fielen durch die Dachbalken ein paar Mal Holzbrösel aufs Kissen. Aber das sind Kleinigkeiten, über die man hinwegsehen kann.",5,Hotel Roca Negra del Arenal,alojamiento,booking,de,"El complejo hotelero con piscina y jardín tropical fue maravilloso. Teníamos un bungalow con terraza y una vista fantástica del volcán. La habitación era grande y limpia, al igual que el baño. Parecía nuevo. Teníamos un gecko en la habitación y descubrimos sus excrementos en una cama. Además, algunos trozos de madera cayeron sobre la almohada a través de las vigas. Pero éstas son pequeñas cosas que pueden pasarse por alto.",
"Locatie prachtig, veel groen en mooie huisjes/kamers met top airco, hele grote bedden, goede douche  en super schoon Ontbijt was heerlijk.  Personeel ook geweldig. Aanrader! niks",5,Hotel Roca Negra del Arenal,alojamiento,booking,nl,"Hermosa ubicación, mucha vegetación y hermosas casas/habitaciones con aire acondicionado de primera, camas muy grandes, buena ducha y súper limpias. El desayuno estuvo delicioso.  El personal también es genial. ¡Recomendado! nada",
"Ein wirklich schönes Hotel mit einem tollen Garten ! Wir konnten früher einchecken, was wirklich toll war. Der Pool ist auch sehr schön ! Die Zimmer haben eine tolle Veranda mit Blick auf den Vulkan, von dem man Kolibris beobachten kann. Die Betten sind leider sehr sehr weich",5,Hotel Roca Negra del Arenal,alojamiento,booking,de,"¡Un hotel realmente bonito con un gran jardín! Pudimos registrarnos temprano, lo cual fue realmente genial. La piscina también es muy bonita! Las habitaciones tienen una gran terraza con vista al volcán donde se pueden observar colibríes. Lamentablemente las camas son muy, muy blandas.",
"Tolle Unterkunft mit Blick auf dem Vulkan. Grüne Oase, dennoch sehr zentral. Herzliche engagierte Gastgeber.",5,Hotel Roca Negra del Arenal,alojamiento,booking,de,"Gran alojamiento con vista al volcán. Oasis verde, pero muy céntrico. Anfitriones cálidos y comprometidos.",
"Zwembad, view op de vulkaan Cash te betalen",5,Hotel Roca Negra del Arenal,alojamiento,booking,nl,"Piscina, vista al volcán. Pago al contado",
"Localització bona, tranquilitat, espai i zones comunes molt boniques. Esmorzar molt bo. Tot molt bé.",5,Hotel Roca Negra del Arenal,alojamiento,booking,ca,"Localización buena, tranquilidad, espacio y zonas comunes muy bonitas. Desayuno muy bueno. Todo muy bien.",
"Tout, le jardin, la piscine, l'accueil, la vue de notre terrasse sur le volcan par temps découvert. Le parking à côté de notre maison.",5,Hotel Roca Negra del Arenal,alojamiento,booking,fr,"Todo, el jardín, la piscina, la bienvenida, la vista desde nuestra terraza al volcán cuando hace buen tiempo. El estacionamiento al lado de nuestra casa.",
"Tolle Lage zwischen La Fortuna und dem Vulkan. Schöne, gemütliche Zimmer mit toller Terrasse.
Gepflegter Poolbereich, Möglichkeit, sich Café zuzubereiten. 
Top für unsere Kids : Tischtennis, Kicker und Billard. Sehr gute Pancakes am Morgen :-)
Alternativ ist das Soda schräg gegenüber sehr zu empfehlen Wir waren zu viert und hatten leider nur drei Sitzmöglichkeiten auf der schönen Veranda.",5,Hotel Roca Negra del Arenal,alojamiento,booking,de,"Excelente ubicación entre La Fortuna y el volcán. Habitaciones bonitas y acogedoras con una gran terraza.
Zona de piscina bien cuidada, posibilidad de preparar una cafetería. 
Lo mejor para nuestros niños: tenis de mesa, futbolín y billar. Muy buenos panqueques por la mañana :-)
Alternativamente, se recomienda encarecidamente el refresco al otro lado de la calle. Éramos cuatro y lamentablemente sólo teníamos tres lugares para sentarnos en la hermosa terraza.",
"- Leuk uitzicht op de vulkaan. 
- Grote bedden. 
- Leuk zwembad en jacuzzi
- Pooltafel, kickertafel en pingpong
- Vriendelijke mensen aan de receptie",5,Hotel Roca Negra del Arenal,alojamiento,booking,nl,"- Linda vista al volcán. 
- Camas grandes. 
- Bonita piscina y jacuzzi.
- Mesa de billar, kicker y ping pong.
- Gente amable en la recepción.",
"L'hôtel est très bien placé au coeur de la ville au centre des spas, des restaurants, des excursions, avec une vue sur le volcan qui était nous concernant dans les nuages. Piscine, espace café/thé à volonté, jeux... Les chambres en bungalows sont très grandes et bien agencées, avec un lit immense. Les bungalows sont relativement espacés, au cœur d'un jardin verdoyant. Les pancakes du petit déjeuner sont une tuerie. Le jacuzzi un peu frais.",5,Hotel Roca Negra del Arenal,alojamiento,booking,fr,"El hotel está muy bien ubicado en el corazón de la ciudad en el centro de spas, restaurantes, excursiones, con vista al volcán que nos miraba entre las nubes. Piscina, zona de té y café ilimitado, juegos... Las habitaciones del bungalow son muy grandes y están bien equipadas, con una cama enorme. Los bungalows están relativamente espaciados, en el corazón de un jardín verde. Los panqueques para el desayuno son mortales. El jacuzzi un poco fresco.",
"De tuin van dit hotel is werkelijk prachtig, de dames bij de receptie super vriendelijk en de kamer met zitje was heerlijk 
Ook het zwembad was mooi zorgde voor verkoeling Als we iets moeten kiezen het ontbijt.
Dat betaal je los in de ontbijtzaal,en vonden wij prijzig zeker omdat je voor alle extra s moet bij betalen.",5,Hotel Roca Negra del Arenal,alojamiento,booking,nl,"El jardín de este hotel es realmente hermoso, las señoras de la recepción fueron súper amables y la habitación con zona de estar era encantadora. 
La piscina también era agradable y proporcionaba algo de enfriamiento. Si teníamos que elegir algo era el desayuno.
Esto se paga por separado en la sala de desayunos y pensamos que era caro, especialmente porque hay que pagar más por todos los extras.",
"De mooie tuin met prachtige bloemen, vogels en andere diertjes. De leuke huisjes. Alles was met zoveel liefde en zorg ingericht, met aandacht voor decoratie en detail. Een genot om hier te zijn!
Het hartelijke en gastvrije personeel, vooral de immer sprankelende Elisabetta.
Mooi zwembad en jaccuzzi. Leuke algemene ruimtes, zoals het hoekje voor koffie en thee of de ruimte met ping-pong, biljart en tafelvoetbal.
Door het hele park ligt een pad met een groen tapijtje zodat je comfortabel kunt lopen.
Zeer schoon en netjes. Grote bungalow en terras. Elke ochtend komt een ploeg het zwembad uitgebreid schoonmaken.
Alles was perfect. Een van de twee beste hotels waar we in Costa Rica hebben verbleven. Absoluut niets.",5,Hotel Roca Negra del Arenal,alojamiento,booking,nl,"El hermoso jardín con hermosas flores, pájaros y otros animales. Las casas bonitas. Todo estaba decorado con mucho amor y cuidado, con atención a la decoración y al detalle. ¡Un placer estar aquí!
El personal cálido y hospitalario, especialmente la siempre brillante Elisabetta.
Bonita piscina y jacuzzi. Bonitas zonas comunes, como el rincón para tomar café y té o la sala con ping-pong, billar y futbolín.
Hay un sendero con alfombra verde por todo el parque para que puedas caminar cómodamente.
Muy limpio y ordenado. Amplio bungalow y terraza. Cada mañana viene un equipo a limpiar a fondo la piscina.
Todo fue perfecto. Uno de los dos mejores hoteles en los que nos alojamos en Costa Rica. Absolutamente nada.",
"Gyönyörű és tiszta,nagyon kedves személyzet Nem volt ilyen",5,Hotel Roca Negra del Arenal,alojamiento,booking,hu,"Hermoso y limpio, personal muy amable. No habia nada igual",
"Bon accueil,  superbe emplacement,  face au volcan",5,Hotel Roca Negra del Arenal,alojamiento,booking,fr,"Buena acogida, excelente ubicación, frente al volcán.",
"Hele mooie ruime kamer, fantastisch uitzicht, airco, koelkastje, heerlijk ontbijt (pannenkoeken).",5,Hotel Roca Negra del Arenal,alojamiento,booking,nl,"Habitación muy bonita y espaciosa, vista fantástica, aire acondicionado, mini nevera, delicioso desayuno (panqueques).",
"L'emplacement, la taille de la chambre, la piscine Le paiement en liquide uniquement",5,Hotel Roca Negra del Arenal,alojamiento,booking,fr,"Ubicación, tamaño de la habitación, piscina Pago solo en efectivo",
"מלון מטופח ויפה מאד. חדרים ענקיים ומדהימים. עם נוף לארנל. 
אליזבט המארחת נותנת תחושה של בית והשירות מעל ומעבר. 
מיקום מצוין ונוח. נקי מאד. היה מושלם",5,Hotel Roca Negra del Arenal,alojamiento,booking,he,"Un hotel muy bien mantenido y hermoso. Habitaciones enormes y sorprendentes. con vista al Arenal. 
Elizabeth, la anfitriona, brinda una sensación de hogar y el servicio va más allá. 
Excelente y conveniente ubicación. muy limpio era perfecto",
"Gezellig, knusse locatie met een fijn zwembad Personeel was wat sarcastisch",5,Hotel Roca Negra del Arenal,alojamiento,booking,nl,Ubicación acogedora y acogedora con una bonita piscina. El personal era un poco sarcástico.,
"Prachtig eigen huis in mooie tuin vol bloemen. Mooi uitzicht. 
Heerlijke jacuzzi. We hadden hier een week willen blijven.",5,Hotel Roca Negra del Arenal,alojamiento,booking,nl,"Hermosa casa privada en un hermoso jardín lleno de flores. Bonita vista. 
Maravilloso jacuzzi. Queríamos quedarnos aquí por una semana.",
"Prachtige locatie,  een ruim terras met schommel stoelen en hangmat om rustig te kunnen genieten van het uitzicht op de vulkaan en de mooie tuin.
Ook het zwembad was een groot pluspunt. Niets",5,Hotel Roca Negra del Arenal,alojamiento,booking,nl,"Hermosa ubicación, una amplia terraza con columpios y hamaca para disfrutar tranquilamente de la vista al volcán y el hermoso jardín.
La piscina también fue una gran ventaja. Nada",
"Le jardin magnifique et très bien entretenu. Les cabines grande propres bonne literie.
Un grand merci a Elisabeth qui est très efficace. Rien.
Euh ..... juste une chose que le propriétaire dise a sa famille de ne pas utiliser la piscine avec ses amis très bruyants quand il y a des clients.
Merci Élisabeth d'être intervenue.",5,Hotel Roca Negra del Arenal,alojamiento,booking,fr,"El jardín es magnífico y muy bien cuidado. Las cabañas son grandes, limpias y con buena ropa de cama.
Muchas gracias a Elisabeth que es muy eficiente. Nada.
Um... sólo una cosa: el propietario le dice a su familia que no use la piscina con sus amigos muy ruidosos cuando hay invitados.
Gracias Élisabeth por intervenir.",
"La localisation est parfaite, à proximité du village d'Arenal sans etre dans celui-ci Tout était bien",5,Hotel Roca Negra del Arenal,alojamiento,booking,fr,"La ubicación es perfecta, cerca del pueblo de Arenal sin estar en él. Todo estuvo bien.",
Sehr schöner gepflegter Garten. Blick auf den Vulkan (nur wenn es nicht Regenten😅). Restaurants in Laufdistanz. Nichts.,5,Hotel Roca Negra del Arenal,alojamiento,booking,de,Jardín muy bonito y bien cuidado. Vista del volcán (solo cuando no es Regente). Restaurantes a poca distancia. Nada.,😅
"Wir hatten einen der hinteren Bungalows (Nr 14) in ruhiger Lage. Top Ausstattung mit bequemen Betten und gutem Badezimmer. Der Garten ist sehr schön angelegt. Sehr gepflegte Gemeinschaftsbereiche mit Pool, Billard/Kicker, Kaffee
cke. Das Frühstück kostet extra und ist für den Preis in Ordnung. Wir wären gerne länger geblieben. Im vorderen Bereich ist die Straße deutlich hörbar",5,Hotel Roca Negra del Arenal,alojamiento,booking,de,"Teníamos uno de los bungalows traseros (nº 14) en una zona tranquila. Instalaciones de primera con camas cómodas y un buen baño. El jardín está muy bien cuidado. Zonas comunes muy cuidadas con piscina, billar/futbolín, cafetería.
ck. El desayuno cuesta extra y está bien por el precio. Nos hubiera gustado quedarnos más tiempo. En la zona delantera se oye claramente la carretera.",
Bij de receptie een zeer vriendelijke ontvangst. Kamer is prima. De tuin is echt prachtig met veel bloemen. Mooi zwembad erbij. Het ontbijt is los af te nemen. Opzich eenvoudig maar wel keuzes. De 2 dames die het ontbijt regelen zijn helaas niet heel vriendelijk en sociaal. Dat is erg jammer. Ze hebben geen plezier in hun werk! Komen erg verveeld en chagrijnig over op klanten.,5,Hotel Roca Negra del Arenal,alojamiento,booking,nl,"Una bienvenida muy amable en recepción. La habitación está bien. El jardín es realmente hermoso con muchas flores. Bonita piscina allí. El desayuno se puede adquirir por separado. Aparentemente simple, pero con opciones. Lamentablemente, las dos señoras que organizan el desayuno no son muy amables ni sociables. Es una pena. ¡No disfrutan de su trabajo! Parecer muy aburrido y de mal humor ante los clientes.",
"Abseits, jedoch nah vom sehr touristischen La Fortuna. Inmitten eines sehr schönen Parks. Liegt auf dem Weg zum Vulcan Arenal. Wir haben das verbesserungswürdige Frühstück am zweiten Tag durch Sonderbestellungen optimiert. Das Personal war hier für die Änderungen sehr aufgeschlossen.",5,Hotel Roca Negra del Arenal,alojamiento,booking,de,"Lejos pero cerca de la muy turística La Fortuna. En medio de un parque muy hermoso. Ubicado camino a Vulcán Arenal. Optimizamos el desayuno del segundo día, que podría mejorarse mediante pedidos especiales. El personal aquí fue muy receptivo a los cambios.",
"Sehr schöne Anlage mit Bungalows in einem gepflegten großen Garten (etwas gewöhnungsbedürftig sind nur die mit Kunstrasen ausgelegten Wege). Macht Spaß, sich dort aufzuhalten und die zahlreichen Vögel zu beobachten (ein Aguti kam auch mal vorbei). Kaffee und Tee den ganzen Tag kostenlos, schöner Pool, toller Jacuzzi. Elizabeth von der Rezeption immer gut drauf und auch die andere Kollegin sehr, sehr nett. Frühstück kostet 8 Dollar extra, lohnt sich vor allem, wenn man das klassische Gallo Pinto nimmt, und man sitzt dabei sehr nett im Grünen. Das Hotel liegt in einem Vorort von La Fortuna, aber es gibt dort auch fussläufig ein paar nette Restaurants wie das Soda fast gegenüber. Roca Negra ist ein Wohlfühlort mit herzlicher Atmosphäre. Ich würde jederzeit wiederkommen, aber das nächste Mal ein Superior- oder Deluxezimmer nehmen und nicht das Standardzimmer. Das war zu zweit mit Koffern schon recht klein - bei den auf Booking angegebenen 30 Quadratmetern wurde offenbar die Terrasse grosszügigst mit eingerechnet - und sehr hellhörig, man bekommt viel von den Nachbarn mit. Dass ausschließlich Barzahlung akzeptiert wird, wurde zwar vorher mehrmals kommuniziert, es ist aber trotzdem bei höheren Summen lästig.",5,Hotel Roca Negra del Arenal,alojamiento,booking,de,"Muy bonito complejo con bungalows en un jardín grande y bien cuidado (lo único que cuesta acostumbrarse son los caminos de césped artificial). Es divertido quedarse allí y observar las numerosas aves (una vez también pasó un agutí). Café y té gratis todo el día, bonita piscina, fantástico jacuzzi. Elizabeth, la de recepción, siempre está de buen humor y el otro compañero también es muy, muy agradable. El desayuno cuesta $8 extra, pero vale la pena, especialmente si pides el clásico Gallo Pinto, y es un lugar encantador para sentarse en el campo. El hotel está situado en las afueras de La Fortuna, pero también hay algunos buenos restaurantes a poca distancia, como Soda, casi enfrente. Roca Negra es un lugar para sentirse bien con un ambiente cálido. Volvería en cualquier momento, pero la próxima vez cogería una habitación superior o deluxe y no la estándar. Era bastante pequeño para dos personas con maletas (la terraza aparentemente estaba incluida generosamente en los 30 metros cuadrados indicados en la reserva) y muy ruidoso, se escuchaba mucho a los vecinos. El hecho de que sólo se aceptan pagos en efectivo ya se ha comunicado varias veces, pero sigue siendo molesto para cantidades mayores.",
"Heel erg mooi aangelegd. Prachtige tuinen bij elke kamer, of beter gezegd, huisje. Voor 8 $US krijg je een simpel maar gezellig ontbijtje bij het zwembad met een prachtig uitzicht op het groen. Erg vriendelijk en behulpzaam personeel. We hebben diverse huisjes gehad en de wat duurdere huisjes zijn ruimer en iets meer aan te raden. Het uitzicht op de vulkaan hangt erg af van het weer. Er zijn ook wat leuke restaurantjes op 5-10 minuten lopen. Naar La Fortuna lopen duurt ongeveer een half uur, maar er is geen mooi voetpad. Doorgaans loop je door de berm, of een gebrekkig pad. Er is een kluisje, maar het kan erg klein zijn. De maat en uitvoering hangt af van het huisje. Het kan gebeuren dat je een sleuteltje moet gebruiken. Ook paste zelfs een iPad niet altijd. Het oversteken van de drukke weg naar sommige restaurantjes valt niet altijd mee, maar lukt met wat geduld altijd wel :-)",5,Hotel Roca Negra del Arenal,alojamiento,booking,nl,"Muy bellamente ajardinado. Hermosos jardines en cada habitación, o mejor dicho, casa. Por 8 $US obtienes un desayuno sencillo pero acogedor junto a la piscina con una hermosa vista de la vegetación. Personal muy amable y servicial. Hemos tenido varias casas y las casas más caras son más espaciosas y un poco más recomendables. La vista del volcán depende mucho del clima. También hay algunos buenos restaurantes a 5-10 minutos a pie. Caminar hasta La Fortuna dura aproximadamente media hora, pero no hay ningún sendero agradable. Generalmente se camina por el arcén o por un camino defectuoso. Hay una caja fuerte, pero puede ser muy pequeña. El tamaño y el diseño dependen de la casa. Quizás tengas que usar una llave. Ni siquiera un iPad siempre cabía. Cruzar la concurrida calle hacia algunos restaurantes no siempre es fácil, pero con un poco de paciencia siempre es posible :-)",
Heel vriendelijk ontvangen locatie prima mooie tuin,5,Hotel Roca Negra del Arenal,alojamiento,booking,nl,"Bienvenida muy amable, ubicación, hermoso jardín.",
"Proche de la ville et de toutes les activités. La piscine était tout à fait correct. On avait la chance d’avoir une vue sur le volcan. Un très bon logement à prix abordable. Je ne conseille pas le petit déjeuner. 
Il y a du café à disposition qui fait très bien l’affaire.",5,Hotel Roca Negra del Arenal,alojamiento,booking,fr,"Cerca del pueblo y de todas las actividades. La piscina estaba bastante bien. Tuvimos la suerte de tener una vista del volcán. Muy buen alojamiento a un precio asequible. No recomiendo el desayuno. 
Hay café disponible que hace muy bien su trabajo.",
"gutes Preis-Leistungsverhältnis,
schöne Anlage",5,Hotel Roca Negra del Arenal,alojamiento,booking,de,"buena relación precio-rendimiento,
hermosas instalaciones",
"Amazing hotel!
המלון ממש ממש יפה, כל חדר הוא סוג של בקתה וממש מזכיר מתחם צימרים מיוחד ומפנק. מלא טבע ומיוחד מאוד! 
החדר היה חדש, נקי וגדול!

Thank u😍 Nothing!!",5,Hotel Roca Negra del Arenal,alojamiento,booking,he,"Hotel increíble!
El hotel es realmente hermoso, cada habitación es una especie de cabaña y realmente recuerda a un complejo de B&B especial y acogedor. Lleno de naturaleza y muy especial! 
La habitación era nueva, limpia y grande.

Gracias ¡¡Nada!!",😍
Super schönes Fleckchen Erde. Häuschen gelegen in einem wunderschönen Garten mit vielen Vögeln. Die Angestellten super freundlich und immer hilfreich.,5,Hotel Roca Negra del Arenal,alojamiento,booking,de,Un lugar súper hermoso en la tierra. Cabaña ubicada en un hermoso jardín con muchas aves. El personal es muy amable y siempre servicial.,
"Super nettes Personal, wunderschöne grüne und gepfegte Anlage, toller Pool + Whirlpool. Super Preis-Leistung beim Frühstück ($8 p.P.). Sicheres (nachts mit Tor/PIN verschlossen) und familienfreundliches (Billard, TT)t Hotel!",5,Hotel Roca Negra del Arenal,alojamiento,booking,de,"Personal super agradable, hermosa zona verde y bien cuidada, gran piscina + jacuzzi. Excelente relación calidad-precio en el desayuno ($8 por persona). Caja fuerte (cerrada con puerta/PIN por la noche) y hotel ideal para familias (billar, TT).",
"Tolle Ausstattung der Unterkunft. Alles was man braucht und noch mehr. Hängematte/Schaukelstuhl/Extra Nackenkissen uvm. Jacuzzi Billardtisch Kaffeelounge usw. Unfassbar viele Tiere, einen tollen Ausblick direkt auf den Vulkan, richtig richtig schöne Pflanzen im ganzen Gelände. Frühstück kostet extra und war jetzt nichts besonderes. Besser direkt gegenüber beim Soda Turnito frühstücken",5,Hotel Roca Negra del Arenal,alojamiento,booking,de,"Excelentes instalaciones de alojamiento. Todo lo que necesitas y más. Hamaca/mecedora/almohada extra para el cuello y mucho más. Jacuzzi, mesa de billar, salón de café, etc. Una increíble cantidad de animales, una gran vista del volcán, plantas realmente hermosas en toda la zona. El desayuno cuesta extra y no era nada especial. Mejor desayunar justo enfrente en Soda Turnito",
Piscine et jacuzzi très agréables.,5,Hotel Roca Negra del Arenal,alojamiento,booking,fr,Piscina y jacuzzi muy agradables.,
Le jardin,5,Hotel Roca Negra del Arenal,alojamiento,booking,unknown,Le jardin,
"Jacuzzi mit Ausblick auf den Vulkan, schöne Poolgestaltung.
Wir hatten mit Freunden 2 Häuser nebeneinander. Tolle,gepflegte  Anlage.",5,Hotel Roca Negra del Arenal,alojamiento,booking,de,"Jacuzzi con vista al volcán, hermoso diseño de piscina.
Teníamos 2 casas una al lado de la otra con amigos. Excelentes instalaciones bien mantenidas.",
"Großräumige Bungalows mit sehr schönem gepflegten Garten Das Frühstück war sehr überschaubar und man musste die Unterkunft und Frühstück bar bezahlen, das war bei der Buchung nicht erkennbar.",5,Hotel Roca Negra del Arenal,alojamiento,booking,de,"Amplios bungalows con un jardín muy bonito y bien cuidado. El desayuno era muy manejable y había que pagar el alojamiento y el desayuno en efectivo, lo cual no estaba claro al hacer la reserva.",
La piscine,5,Hotel Roca Negra del Arenal,alojamiento,booking,unknown,La piscine,
"Farbenfroh, Tierreich und lebendig Nichts",5,Hotel Roca Negra del Arenal,alojamiento,booking,de,"Colorido, rico en animales y animado. Nada",
"Grandeur de la chambre propreté accueil très’ amical 
Jardin luxuriant animaux en liberté parking près du bungalow propreté accueil 
Un peu à l’écart de la ville et de la foule Petit déjeuner vraiment très basique café sans goût 
Paiement uniquement en espèces mais nous étions prévenues",5,Hotel Roca Negra del Arenal,alojamiento,booking,fr,"Tamaño de la habitación Limpieza bienvenida muy amable. 
Exuberante jardín con animales deambulando. Aparcamiento gratuito cerca del bungalow. Limpieza bienvenida. 
Un poco alejado de la ciudad y de las multitudes. Desayuno realmente muy básico. Café sin sabor. 
Pago solo en efectivo pero nos avisaron.",
De accommodatie was prachtig! Ligt op een ideale plek en je hebt mooi uitzicht op de vulkaan. Het zwembad is mooi en schoon. De tuin rondom het hotel is ook prachtig. Veel dieren en heel veel mooie planten. Alles beviel :),5,Hotel Roca Negra del Arenal,alojamiento,booking,nl,¡El alojamiento fue hermoso! Ubicado en una ubicación ideal y tienes una hermosa vista al volcán. La piscina es bonita y limpia. El jardín que rodea el hotel también es precioso. Muchos animales y muchas plantas hermosas. Me gustó todo :),
"Personnel sympathique, Chambre impeccable. Bel environnement avec beaucoup de plantes et d'animaux. Bons petits déjeuners. Bien placé pour les excursions.",5,Hotel Roca Negra del Arenal,alojamiento,booking,fr,"Personal amable, habitación impecable. Hermoso entorno con muchas plantas y animales. Buenos desayunos. Bien situado para excursiones.",
"Mooie tuin met veel vogels van allerlei soort en leuke bungalow.
Elizabeth aan de receptie was echt erg grappig en behulpzaam.
Vlakbij een keuze in overvloed aan eetgelegenheden. Erg drukke weg met vooral s'morgens en s'avonds hinder van lawaai voorbijrijdend verkeer.
Misschien bungalows die verder van de weg zijn afgelegen minder hinder van verkeersdrukte maar zo hebben wij geen gekregen.
Alles te betalen met cash geld en ontbijt niet inbegrepen.
Wij vonden het ontbijt wel lekker.",5,Hotel Roca Negra del Arenal,alojamiento,booking,nl,"Precioso jardín con muchas aves de todo tipo y un bonito bungalow.
Elizabeth en recepción fue muy divertida y servicial.
Una gran cantidad de opciones para comer cerca. Calle muy transitada con ruido del tráfico que pasa, especialmente por la mañana y por la noche.
Quizás los bungalows que están más alejados de la carretera se vean menos afectados por el tráfico, pero no lo entendimos.
Todo a pagar en efectivo y desayuno no incluido.
Nos gustó el desayuno.",
"Die Sicht auf den Vulkan, die Flora und Fauna um das Haus, die Hängematte vor dem Haus, die Nähe eines guten Sodas (traditionelles Restaurant), die Möglichkeit das Frühstück anzunehmen oder nicht, das Hotel befindet sich nicht im Zentrum sondern beim Ausgang der Stadt in der Richtung des Vulkans Ein Tag war der Jacuzzi nicht an und wären länger im Pool Bereich geblieben wäre es so gewesen.",5,Hotel Roca Negra del Arenal,alojamiento,booking,de,"La vista al volcán, la flora y fauna alrededor de la casa, la hamaca frente a la casa, la cercanía de un buen refresco (restaurante tradicional), la posibilidad de desayunar o no, el hotel no está en el centro sino a la salida de la ciudad con dirección al volcán. Un día el jacuzzi no estaba encendido y si nos hubiésemos quedado más tiempo en la zona de la piscina hubiera sido así.",
"Este hotel é uma agradável surpresa, mal entramos encontramos vários animais que habitam na propriedade. O staff da receção é muito simpático e prestável. A localização é ótima, perto da cidade mas longe o suficiente para sentirmos que estamos numa pequena selva com colibris a cantar à nossa janela.",5,Hotel Roca Negra del Arenal,alojamiento,booking,pt,"Este hotel es una grata sorpresa, apenas ingresamos encontramos varios animales que habitan la propiedad. El personal de recepción es muy amable y servicial. La ubicación es excelente, cerca de la ciudad pero lo suficientemente lejos como para sentirte como si estuvieras en una pequeña jungla con colibríes cantando afuera de tu ventana.",
"Das Zimmer ist sehr groß und schön, die Deko hat mir gut gefallen, das Bad ist riesig und toll, wir hatten zwei(!) eigene Terrassen, eine davon überdacht mit bequemen Sesseln, die andere mit Tisch, Stühlen und Sonnenschirm. Das WLAN war schnell und stabil.
Es gibt einen kleinen, blitzsauberen Gemeinschaftsbereich, in dem Kaffee und Tee frei zur Verfügung standen, außerdem etwas Geschirr und Besteck. Die Poolanlage mit Liegen ist schön angelegt, perfekt gepflegt und supersauber. Es gibt einen überdachten Bereich mit Tischtennis, Kicker und Billard. Die Anlage wirkt durch dezente Features wie Kameras, ein nachts geschlossenes Tor mit Zahlencode und einen hochwertig wirkenden Zimmersafe sehr sicher.
Die Gartenanlage ist ein einziger Traum. Gut gepflegt, aber naturnah. Deshalb kann man Unmengen an unterschiedlichen Vögeln direkt vor der eigenen Terasse oder überall sonst im Garten bewundern. 
Die Lage fanden wir auch prima, mehrere Restaurants sind zu Fuß erreichbar, auch abends bei Dunkelheit. Wir hatten einen Leihwagen und würden das auch empfehlen, um bei Ausflügen nicht auf sehr teure Komplettpakete angewiesen zu sein.

Diese Unterkunft ist viel schöner, als es die Anbieterfotos zeigen. Es war toll, wir wären gerne länger geblieben. Es wurde nur Barzahlung akzeptiert. Alles andere war perfekt.",5,Hotel Roca Negra del Arenal,alojamiento,booking,de,"La habitación es muy grande y bonita, me gustó la decoración, el baño es enorme y genial, teníamos dos (!) terrazas propias, una cubierta con cómodos sillones y la otra con mesa, sillas y sombrilla. El WiFi era rápido y estable.
Hay una pequeña zona común, limpia y reluciente, donde había café y té disponibles gratuitamente, así como algo de vajilla y cubertería. La zona de la piscina con tumbonas está muy bien diseñada, perfectamente mantenida y súper limpia. Hay una zona cubierta con ping-pong, futbolín y billar. La instalación parece muy segura gracias a detalles sutiles como cámaras, una puerta con un código numérico que se cierra por la noche y una caja fuerte de alta calidad.
Los jardines son sólo un sueño. Bien mantenido pero cerca de la naturaleza. Por eso podrás admirar multitud de pájaros diferentes justo delante de tu propia terraza o en cualquier otro lugar del jardín. 
La ubicación también nos pareció estupenda, hay varios restaurantes a poca distancia, incluso por la noche después del anochecer. Teníamos un coche de alquiler y lo recomendaríamos para no tener que depender de paquetes completos muy caros para las excursiones.

Este alojamiento es mucho mejor de lo que muestran las fotos del proveedor. Fue genial, nos hubiera gustado quedarnos más tiempo. Sólo se aceptó pago en efectivo. Todo lo demás fue perfecto.",
Super schöner Garten mit vielen Pflanzen sehr gepflegt. Nichts,5,Hotel Roca Negra del Arenal,alojamiento,booking,de,"Jardín súper bonito con muchas plantas, muy bien cuidado. Nada",
"Ny stor fin bungalow, faciliteterna och trädgården
Parkering utanför dörren Klädförvaring i fuktigt utrymme, dvs i badrummet som hade flera nätade gluggar.",5,Hotel Roca Negra del Arenal,alojamiento,booking,sv,"Nuevo bungalow grande y bonito, instalaciones y jardín.
Estacionamiento afuera de la puerta Almacenamiento de ropa en un área húmeda, es decir, en el baño que tenía varias ventanas con redes.",
"Le logement sympa, le site est tres propre bien entretenu, on s y sent bien",5,Hotel Roca Negra del Arenal,alojamiento,booking,fr,"Buen alojamiento, el sitio está muy limpio y bien mantenido, te sientes bien allí.",
"Minden tetszett. A szállás nagyon jó helyen van, tiszta, a környezet csodálatos. A személyzet kedves. A különálló házacskák teljesen biztosítják a magánszférát.",5,Hotel Roca Negra del Arenal,alojamiento,booking,hu,"Me gustó todo. El alojamiento está en muy buena ubicación, limpio, el entorno es maravilloso. El personal es agradable. Las cabañas independientes garantizan total privacidad.",
"Minden! A környezet, a szoba, a kiszolgálás.",5,Hotel Roca Negra del Arenal,alojamiento,booking,hu,"¡Todo! El ambiente, la habitación, el servicio.",
"Geräumiges Zimmer und Bad, sehr bequeme Betten, eine wunderbare Terrasse mitten in dem schönen Garten. Eine Möglichkeit Kaffe im Zimmer zu kochen, wäre noch das Toping!",5,Hotel Roca Negra del Arenal,alojamiento,booking,de,"Habitación y baño amplios, camas muy cómodas, una maravillosa terraza en medio del hermoso jardín. ¡La posibilidad de preparar café en la habitación sería el complemento!",
"La localisation, les jardins, les chambres Par temps pluvieux et froid, les chambres sont très humides, sans chauffage, avec un minimum de couvertures. Les petits déjeuners sont bien, mais servis avec du jus en sachet  et du café de qualité moyenne. L’accueil est plutôt de type administratif..",5,Hotel Roca Negra del Arenal,alojamiento,booking,fr,"La ubicación, los jardines, las habitaciones En tiempo de lluvia y frío, las habitaciones son muy húmedas, sin calefacción, con un mínimo de mantas. Los desayunos son buenos, pero se sirven con jugo de bolsita y café de calidad media. La recepción es más de tipo administrativo.",
"Vue imprenable sur le volcan Arenal depuis la terrasse de notre chambre,  jardin luxuriant et plein d´oiseaux,  personnel adorable Rien",5,Hotel Roca Negra del Arenal,alojamiento,booking,fr,"Impresionante vista del volcán Arenal desde la terraza de nuestra habitación, exuberante jardín lleno de pájaros, personal encantador Nada",
Tout parfait 👍,5,Hotel Roca Negra del Arenal,alojamiento,booking,fr,Todo perfecto,👍
Son emplacement les oiseaux partout présents et magnifiques,5,Hotel Roca Negra del Arenal,alojamiento,booking,fr,"Su ubicación, los pájaros están presentes por todas partes y son magníficos.",
"Petit hôtel familial situé au pied du volcan. De très beaux jardins et la possibilité de voir de nombreux oiseaux. Très bon accueil, équipe disponible et serviable. Un espace extérieur est réservé pour prendre un café ou un thé, c’est très sympa.
Place de parking sécurisée à l’intérieur de l’hôtel. Soda et restaurants à proximité à pied. Le bruit de la circulation, hôtel situé sur la route principale. 
Le tarif du petit déjeuner très cher.",5,Hotel Roca Negra del Arenal,alojamiento,booking,fr,"Pequeño hotel familiar ubicado al pie del volcán. Jardines muy bonitos y posibilidad de ver muchas aves. Muy cálida bienvenida, equipo disponible y servicial. Se reserva un espacio al aire libre para tomar un café o un té, es muy agradable.
Plaza de aparcamiento segura dentro del hotel. Soda y restaurantes a poca distancia. Ruido de tráfico, hotel situado en la vía principal. 
El precio del desayuno muy caro.",
"Gostámos de tudo.
Localização perfeita, central sem ser no meio da confusão. Um oásis no meio da cidade, sossegado, muito espaçoso e limpo. O quarto era enorme, tem cofre, muito confortável, duche super espaçoso, água com boa pressão. Estacionamento seguro no interior. Excelente Wifi.
O pessoal é super simpático e prestável, sentimo-nos sempre bem recebidos. Pena que não me lembro do nome da senhora que nos recebeu porque era realmente de notar, foi excepcional. Pequeno-almoço variado e saboroso, tem piscina e jacuzzi
Voltando a La Fortuna, ficaremos de certeza neste hotel, um dos melhores onde já estive, é o pacote completo. Não houve nada de negativo a apontar. Marcaria de novo, sem dúvida.",5,Hotel Roca Negra del Arenal,alojamiento,booking,pt,"Nos gustó todo.
Ubicación perfecta, céntrica sin estar en medio de la multitud. Un oasis en medio de la ciudad, tranquilo, muy espacioso y limpio. La habitación era enorme, tiene caja fuerte, muy cómoda, ducha súper amplia, buena presión de agua. Estacionamiento seguro en el interior. Excelente WiFi.
El personal es super amable y servicial, siempre nos sentimos bienvenidos. Es una pena no recordar el nombre de la señora que nos recibió porque fue realmente extraordinario, fue excepcional. Desayuno variado y sabroso, cuenta con piscina y jacuzzi.
Volviendo a La Fortuna, definitivamente nos hospedaremos en este hotel, uno de los mejores en los que he estado, es el paquete completo. No había nada negativo que señalar. Volvería a reservar, sin duda.",
"Alles! Wat een top verblijf. Centraal, dichtbjj restaurant en bar. Mooie tuinen, zoveel vogels en dieren. Serene rust. Grote kamers, nieuw en schoon, mooi, vakwerk. Buiten een veranda met comfortabele schommelstoelen. Heerlijk! Toiletartikelen en fohn ook aanwezig.  ook nog een prachtig zwembad en warme jaccuzi.  Poolen, tafelvoetbal,  spelletjes,  gratis koffie en thee hoekje. Alles was meer dan geweldig.  Mooiste en fijnste hotel ooit! En ook nog super goedkoop Helemaal niets",5,Hotel Roca Negra del Arenal,alojamiento,booking,nl,"¡Todo! ¡Qué gran estancia! Céntrico, cerca de restaurante y bar. Hermosos jardines, tantas aves y animales. Serena tranquilidad. Habitaciones grandes, nuevas y limpias, hermosas, artesanales. En el exterior hay una terraza con cómodas mecedoras. ¡Delicioso! También se proporcionan artículos de tocador y secador de pelo.  también una hermosa piscina y cálido jacuzzi.  Billar, futbolín, juegos, rincón de café y té gratuito. Todo fue más que genial.  ¡El hotel más bonito y bonito de todos los tiempos! Y súper barato también. Nada en absoluto",
"L'emplacement proche du volcan et de la Fortuna.
Le logement était très propre et très bien équipé.",5,Hotel Roca Negra del Arenal,alojamiento,booking,fr,"La ubicación cerca del volcán y La Fortuna.
El alojamiento estaba muy limpio y muy bien equipado.",
"Wunderschöne, gepflegte Anlage sehr zentral gelegen. 
In der Parkanlage hat man die Chance viele farbige Vögel zu beobachten.",5,Hotel Roca Negra del Arenal,alojamiento,booking,de,"Precioso complejo bien cuidado y muy céntrico. 
En el parque tienes la oportunidad de observar muchas aves coloridas.",
"O quarto e o banheiro são amplos, as camas  e os travesseiros são confortáveis e os jardins do hotel são lindos e bem cuidados. Cada quarto tem seu estacionamento privativo O hotel exigiu pagamento antecipado em dinheiro e o café da manhã também deveria ser pago em dinheiro, o que foi bastante inconveniente. Esse foi o único lugar, de toda a Costa Rica, onde passamos por isso.",5,Hotel Roca Negra del Arenal,alojamiento,booking,pt,"La habitación y el baño son espaciosos, las camas y las almohadas son cómodas y los jardines del hotel son hermosos y están bien cuidados. Cada habitación tiene su propio aparcamiento privado. El hotel requería un pago por adelantado en efectivo y el desayuno también debía pagarse en efectivo, lo cual era bastante inconveniente. Este fue el único lugar en toda Costa Rica donde experimentamos esto.",
"Wunderschöne Anlage mit einem tollen kleinen Pool und Whirlpool. 
Besonders toll ist die Outdoorküche, in der man sich Kaffee und Tee machen kann, einen Wasserkocher und Geschirr hat. Außerdem gibt es einen Billardtisch etc. Man kann dort also prima schöne entspannte Tage genießen Angeblich nur cash Zahlung möglich. Ungewöhnlich und vorher nicht angekündigt. Das hat uns irritiert.",5,Hotel Roca Negra del Arenal,alojamiento,booking,de,"Hermoso complejo con una pequeña piscina y jacuzzi. 
La cocina al aire libre es especialmente buena, donde se puede preparar café y té, además de un hervidor y platos. También hay una mesa de billar, etc. Para que pueda disfrutar de unos agradables días de relax allí. Al parecer sólo es posible el pago en efectivo. Inusual y no anunciado previamente. Eso nos irritó.",
"Très belle hôtel avec chambre terrasse et beau paysage 
 Chambre très confortable. Très bon déjeuner.",5,Hotel Roca Negra del Arenal,alojamiento,booking,fr,"Muy bonito hotel con terraza y hermoso paisaje. 
 Habitación muy cómoda. Muy buen almuerzo.",
"Un endroit magnifique entouré de nature. Pleins de stations: piscine, endroit pour se faire un café ou un thé, un endroit avec des jeux: billard, etc. On peut déjeuner sur place. On y voit beaucoup d'oiseaux. Chambre très propre avec frigo et coffret de sûreté. Il y a aussi des poules, des canards, des dindes et des oies en liberté de jour sur le terrain. C'est un endroit de rêve et très sécuritaire! Près des restaurants et des activités! Très bien situé! Je vous le recommande fortement!",5,Hotel Roca Negra del Arenal,alojamiento,booking,fr,"Un hermoso lugar rodeado de naturaleza. Muchos resorts: piscina, lugar para preparar un café o té, un lugar con juegos: billar, etc. Se puede almorzar en el lugar. Vemos muchos pájaros allí. Habitación muy limpia con nevera y caja de seguridad. También hay pollos, patos, pavos y gansos vagando libremente durante el día en el recinto. ¡Es un lugar de ensueño y muy seguro! ¡Cerca de restaurantes y actividades! ¡Excelente ubicación! ¡Lo recomiendo mucho!",
"Hatten nein Frühstück bestellt, aber man konnte selber immer Filterkaffee machen.
Das Oersonal ist sehr freundlich!
Es gibt sehr viele Kolibris Muss nichts suchen wenn nichts ist",5,Hotel Roca Negra del Arenal,alojamiento,booking,de,"No pedimos desayuno, pero siempre puedes preparar tu propio café filtrado.
¡El personal es muy amable!
Hay muchos colibríes. No hay que buscar nada si no hay nada",
"Het is een heel sfeervol hotel in een mooie tuin. Elke kamer heeft een mooie voortuin en zicht op de Arenal vulkaan. 
De voorzieningen zijn prima: je hebt de mogelijkheid om gedurende de hele dag gratis koffie en thee te maken op een centrale plek. Het ontbijt is prima. 
De locatie is goed: net iets buiten het centrum van Fortuna. Met de auto ben je in een paar minuten bij heel veel restaurants en ook op loopafstand zijn diverse restaurants.",5,Hotel Roca Negra del Arenal,alojamiento,booking,nl,"Es un hotel muy atractivo en un hermoso jardín. Cada habitación tiene un hermoso jardín frontal y una vista del volcán Arenal. 
Las instalaciones son excelentes: tienes la opción de preparar café y té gratis en una ubicación céntrica durante todo el día. El desayuno está bien. 
La ubicación es buena: justo a las afueras del centro de Fortuna. Se puede llegar a muchos restaurantes en pocos minutos en coche y también hay varios restaurantes a poca distancia.",
Toplocatie en heel vriendelijk personeel!,5,Hotel Roca Negra del Arenal,alojamiento,booking,nl,¡Excelente ubicación y personal muy amable!,
"Schöne Unterkunft mit wunderbarem Garten, Sauber und gepflegt",5,Hotel Roca Negra del Arenal,alojamiento,booking,de,"Precioso alojamiento con un maravilloso jardín, limpio y bien mantenido.",
"Labai jaukus viešbutis, apsuptas nuostabaus sodo. Labai kokybiškas biliardo stalas. Neatsimenu",5,Hotel Roca Negra del Arenal,alojamiento,booking,lt,Un hotel muy acogedor rodeado de un maravilloso jardín. Mesa de billar de muy alta calidad. no recuerdo,
"La situation géographique près de tout et en même temps très intime.
La piscine, la chambre, les jardins, le personnel. Les petit déjeuner payant.",5,Hotel Roca Negra del Arenal,alojamiento,booking,fr,"La ubicación geográfica cerca de todo y a la vez muy íntima.
La piscina, la habitación, los jardines, el personal. Desayuno pagado.",
"Zimmer haben angenehme Größe. Badezimmer ok.
Schöne Terrasse mit 2 Sesseln und Hängematte. 
Wunderschöne Gartenanlage mit Blick auf den Arenal und mit unzähligen Blüten. Hier sahen wir mehr Vögel als in allen besuchten Parks!
Kleiner Pool und Jaccuci. - Frühstück eher Basic und die Damen im Service eher wenig motiviert.
- Immer alles sofort Bar bezahlen!
- Preise für Getränke und Ausflüge etc. überteuert.",5,Hotel Roca Negra del Arenal,alojamiento,booking,de,"Las habitaciones son de buen tamaño. Baño bien.
Bonita terraza con 2 sillones y hamaca. 
Hermosos jardines con vista al Arenal e innumerables flores. ¡Vimos más aves aquí que en cualquier parque que visitamos!
Pequeña piscina y jacuzzi. - El desayuno es bastante básico y las señoras del servicio están bastante desmotivadas.
- ¡Pague siempre todo en efectivo de inmediato!
- Precios de bebidas y excursiones, etc. demasiado caros.",
"La chambre 6 a une terrasse avec un magnifique point de vue que l’on peut également observer depuis les baies vitrées des 2 chambres qui sont spacieuses et confortables. Amanda a l’accueil est très souriante. L’aménagement de la partie cuisine et salon n’est pas très chaleureuse mais nous n’avons de toute façon pas passé suffisamment de temps à l’hôtel pour en profiter. 
Il y a de beaux couchers de soleils depuis la chambre mais sur les montagnes, pas côté Pacifique.",5,Hotel Roca Negra del Arenal,alojamiento,booking,fr,"El dormitorio 6 tiene una terraza con una vista magnífica que también se puede observar desde los ventanales de los 2 dormitorios, que son espaciosos y cómodos. Amanda en recepción es muy alegre. El diseño de la cocina y la sala de estar no es muy acogedor, pero de todos modos no pasamos suficiente tiempo en el hotel para disfrutarlo. 
Hay hermosas puestas de sol desde la habitación pero sobre las montañas, no en el lado del Pacífico.",
Los jardines espectaculares.,5,Hotel Roca Negra del Arenal,alojamiento,booking,es,Los jardines espectaculares.,
Belles chambres (bungalows) propres avec de grandes terrasse entourées de végétation. Paiement en argent seulement.,5,Hotel Roca Negra del Arenal,alojamiento,booking,fr,Hermosas y limpias habitaciones (bungalows) con amplias terrazas rodeadas de vegetación. Sólo pago en efectivo.,
"Really nice rooms in nature, with lot of animals around Normale glazen en mokken in de kamer zijn nodig",5,Hotel Roca Negra del Arenal,alojamiento,booking,nl,"Habitaciones realmente bonitas en la naturaleza, con muchos animales alrededor. Se necesitan vasos y tazas normales en la habitación.",
Super Garten !,5,Hotel Roca Negra del Arenal,alojamiento,booking,de,¡Gran jardín!,
"Wunderschöne Anlage mit vielen Vögeln, sehr guter Lage, nettem Team, gutem Frühstück und angenehmen Einrichtungen. Wir kommen sehr gerne wieder.",5,Hotel Roca Negra del Arenal,alojamiento,booking,de,"Hermosas instalaciones con muchas aves, muy buena ubicación, buen equipo, buen desayuno y agradables instalaciones. Nos encantaría volver.",
"Mooi verblijf met uitzicht op de vulkaan. Aardig personeel, mooie tropische omgeving.",5,Hotel Roca Negra del Arenal,alojamiento,booking,nl,"Hermosa estancia con vista al volcán. Personal agradable, hermoso ambiente tropical.",
"Mooie kamer, veel vogels in de tuin",5,Hotel Roca Negra del Arenal,alojamiento,booking,nl,"Bonita habitación, muchos pájaros en el jardín.",
"Cet endroit est magnifique!  Vous vous retrouverez dans un  incroyable  jardin duquel nous pouvons voir une immense variété, de plantes , de fleurs et  d'oiseaux.   On se croirait dans la forêt, alors que nous sommes à 20 min à pieds du centre de Lafortuna.  À 1 min à pieds , vous trouverez des restos et une épicerie.  Les logis sont confortables et spacieux.  La piscine et le spa sont tres propres.     Le personnel est ultra accueillant.",5,Hotel Roca Negra del Arenal,alojamiento,booking,fr,"¡Este lugar es hermoso!  Te encontrarás en un increíble jardín desde el que podremos observar una inmensa variedad de plantas, flores y pájaros.   Parece que estamos en el bosque, a pesar de que estamos a 20 minutos a pie del centro de Lafortuna.  A 1 minuto a pie encontrará restaurantes y una tienda de comestibles.  Las habitaciones son cómodas y espaciosas.  La piscina y el spa están muy limpios.     El personal es extremadamente acogedor.",
綺麗に整理されたお庭でとても素敵な環境でした。暇さえあればポーチのハンモックに揺られ、空き時間さえも有意義でした。とてもお薦めです。,5,Hotel Roca Negra del Arenal,alojamiento,booking,unknown,綺麗に整理されたお庭でとても素敵な環境でした。暇さえあればポーチのハンモックに揺られ、空き時間さえも有意義でした。とてもお薦めです。,
"L’hotel est comme un jardin botanique, avec bcp de végétation et des fleurs. Chambre et sdb tres spacieuse; La vue du volcan de notre chambre; Le coin détente avec babyfoot; billard et ping-pong ; La cuisinette commune extérieur pour se préparer un café/thé; La dame de réception est très gentille et nous a donné des conseils utiles pour la visite de volcan et de bon restaurant local. L’eau chaud de la douche prends un peu de temps à arriver. 
C’est dommage qu’il y a une grille à la fenêtre ça gâche un peu la vue de jardin et volcan.",5,Hotel Roca Negra del Arenal,alojamiento,booking,fr,"El hotel es como un jardín botánico, con mucha vegetación y flores. Dormitorio y baño muy amplios; La vista del volcán desde nuestra habitación; La zona de relax con futbolín; billar y ping-pong; La cocina americana compartida al aire libre para preparar café/té; La señora de recepción es muy amable y nos dio consejos útiles para visitar el volcán y buenos restaurantes locales. El agua caliente de la ducha tarda un poco en llegar. 
Es una pena que haya una reja en la ventana, estropea un poco la vista al jardín y al volcán.",
Traumhafte Unterkunft für unsere Bedürfnisse. Das Personal war sehr freundlich. Kommunikation war reibungslos. Der Garten ist ein Traum. Wir würden jederzeit wieder buchen. Uneingeschränkte Weiterempfehlung. Das Wlan war in unsererm Appartement nicht sehr stabil. Richtung Rezeption wurde es dann besser. Für uns allerdings kein großes Problem.,5,Hotel Roca Negra del Arenal,alojamiento,booking,de,"Fantástico alojamiento para nuestras necesidades. El personal fue muy amable. La comunicación fue fluida. El jardín es un sueño. Volveríamos a reservar en cualquier momento. Recomendación sin restricciones. El WiFi no era muy estable en nuestro apartamento. Las cosas mejoraron hacia la recepción. Sin embargo, no es un gran problema para nosotros.",
酒店非常美,5,Hotel Roca Negra del Arenal,alojamiento,booking,unknown,酒店非常美,
"Emplacement super, proche de la ville, jardin magnifique, facilité d’accès et personnelle très agréable ! Chambre spacieuse et agréable. Il est facile de voir des animaux (oiseaux, grenouilles…) dans le jardin. Le frigidaire ne fonctionnait pas. C’est le seul point négatif",5,Hotel Roca Negra del Arenal,alojamiento,booking,fr,"Excelente ubicación, cerca de la ciudad, magnífico jardín, fácil acceso y personal muy agradable. Habitación amplia y agradable. Es fácil ver animales (pájaros, ranas, etc.) en el jardín. La nevera no funcionaba. Este es el único punto negativo.",
Dies war die schönste Unterkunft unserer Rundreise!! Ein wunderschöner Garten mit vielen Vögeln. Wir hätten gar keine Tour mehr gebraucht. Tolle Ausstattung und schönes Bad!,5,Hotel Roca Negra del Arenal,alojamiento,booking,de,¡Este fue el alojamiento más hermoso de nuestro viaje! Un hermoso jardín con muchas aves. No hubiéramos necesitado una gira en absoluto. Excelentes instalaciones y hermoso baño!,
De ontvangst en het ontbijt. De ligging en de mooie kamer. Leuk zwembad en jacuzzi. Prima soda vlakbij. Dicht bij de warmwater thermen. De kamer werd niet gepoetst en er dient contant betaald te worden.,5,Hotel Roca Negra del Arenal,alojamiento,booking,nl,La recepción y el desayuno. La ubicación y la habitación preciosa. Bonita piscina y jacuzzi. Gran refresco cerca. Cerca de los baños termales de agua caliente. La habitación no fue limpiada y el pago debe realizarse en efectivo.,
Tolle Lage! Sehr Sauber! Top Aussicht! WLAN praktisch nie funktioniert.,5,Hotel Roca Negra del Arenal,alojamiento,booking,de,¡Excelente ubicación! ¡Muy limpio! ¡Gran vista! El WiFi prácticamente nunca funciona.,
"Prachtig aangelegde tuin met veel vogels. Goede ruime kamers met goed werkende airco. Leuke omgeving rondom zwembad met jacuzzi en een apart gedeelte met pool tafel, pingpong tafel, tafelvoetbal tafel. Hier hebben we volop gebruik van gemaakt Het ligt een beetje dicht bij de doorgaande weg dus je hoort s’ochtends vroeg al veel verkeer langsrijden",5,Hotel Roca Negra del Arenal,alojamiento,booking,nl,"Precioso jardín con muchas aves. Buenas habitaciones espaciosas con aire acondicionado que funciona bien. Bonita zona alrededor de la piscina con jacuzzi y zona independiente con mesa de billar, mesa de ping pong y futbolín. Hicimos pleno uso de esto. Está un poco cerca de la carretera principal, por lo que se oye mucho tráfico pasar temprano en la mañana.",
Suite molto curata in ogni dettaglio Nulla,5,Hotel Roca Negra del Arenal,alojamiento,booking,it,Suite con gran atención al detalle. Nada,
De vriendelijkheid van het personeel Wifi signaal,5,Hotel Roca Negra del Arenal,alojamiento,booking,nl,La amabilidad del personal Señal wifi,
Mooie ruime jamer met fijn terras. Zwembad en jacuzzy! Gelegen in prachtige tropische tuin. Op loopafstand van restaurants. Niets,5,Hotel Roca Negra del Arenal,alojamiento,booking,nl,Hermosa habitación espaciosa con bonita terraza. ¡Piscina y jacuzzi! Ubicado en un hermoso jardín tropical. A poca distancia de restaurantes. Nada,
Nous en sommes à notre 4e fois et toujours impeccable,5,Hotel Roca Negra del Arenal,alojamiento,booking,fr,Esta es nuestra cuarta vez y sigue impecable.,
Das ganze Team ist so hilfsbereit und freundlich. Die Anlage sehr gepflegt und es ist absolut alles vorhanden was man braucht. Perfekte Lage etwas ausserhalb des Dorfkerns aber es hat genügend Restaurant und Supermarkt Auswahl in Fuss-Distanz.,5,Hotel Roca Negra del Arenal,alojamiento,booking,de,"Todo el equipo es muy servicial y amigable. Las instalaciones están muy bien mantenidas y hay absolutamente todo lo que necesitas. Ubicación perfecta, un poco fuera del centro del pueblo, pero hay suficiente selección de restaurantes y supermercados a poca distancia.",
"Mooie omgeving, veel planten en vogels en een prachtig uitzicht op de vulkaan vanuit het terrasje voor je kamer!
De hangmat en het zwembad waren ook fantastisch! Het zwembad ligt naast de grote weg. Dus je hoort soms wel vrachtwagen of motoren rijden. Maar zeker niet storend.",5,Hotel Roca Negra del Arenal,alojamiento,booking,nl,"Hermosos alrededores, muchas plantas y pájaros y una hermosa vista del volcán desde la terraza frente a tu habitación.
¡La hamaca y la piscina también eran fantásticas! La piscina está situada al lado de la carretera principal. Por eso a veces se oye conducir camiones o motocicletas. Pero ciertamente no es perturbador.",
Tout Rien,5,Hotel Roca Negra del Arenal,alojamiento,booking,unknown,Tout Rien,
"Zimmer sauber, Lage etwas außerhalb hat uns gut gefallen, die Anlage ist insgesamt nett und sauber. Frühstück gut.",5,Hotel Roca Negra del Arenal,alojamiento,booking,de,"La habitación estaba limpia, nos gustó la ubicación un poco afuera, el complejo era agradable y limpio en general. Buen desayuno.",
"Wunderschöne Anlage mit Bungalows in parkähnlicher Umgebung, schöner Pool, Billiard, Kicker, kleine Küche, alles vorhanden. Leider weiss ich den Namen der Dame nicht mehr, die sich um uns gekümmert hat. Danielle?😬 Jedenfalls super freundlich und witzig! Absolute Empfehlung! Und Fortuna hat so viel zu bieten!",5,Hotel Roca Negra del Arenal,alojamiento,booking,de,"Hermoso complejo con bungalows en un entorno tipo parque, hermosa piscina, billar, futbolín, pequeña cocina, todo está disponible. Lamentablemente no recuerdo el nombre de la señora que nos atendió. ¿Danielle? De todos modos, ¡súper amigable y divertida! Recomendación absoluta! ¡Y Fortuna tiene mucho que ofrecer!",😬
"Personeel was uitermate vriendelijk en aangezien het niet druk was kregen we een upgrade.
Huisjes waren geweldig met een privé terras Het ligt iets uit het centrum dus zonder vervoer kan dit vervelend zijn",5,Hotel Roca Negra del Arenal,alojamiento,booking,nl,"El personal fue extremadamente amable y como no estaba ocupado, nos dieron un ascenso.
Las cabañas eran geniales con una terraza privada. Está un poco alejado del centro por lo que sin transporte esto podría resultar molesto.",
"Wunderschöner Ausblick von der Terrasse auf den Vulkan, grüner üppiger Garten und man kann hier einige Tiere in freier Wildbahn sehen.",5,Hotel Roca Negra del Arenal,alojamiento,booking,de,"Hermosa vista del volcán desde la terraza, un jardín verde y exuberante y aquí puedes ver algunos animales en estado salvaje.",
Lekker ontbijt. Prima zwembad. Pooltafel was ook leuk voor de kids. Guller ontbijt. Een bar ‘s avonds.,5,Hotel Roca Negra del Arenal,alojamiento,booking,nl,Buen desayuno. Excelente piscina. La mesa de billar también fue divertida para los niños. Desayuno más generoso. Un bar por la noche.,
"Fijne bedden, mooi zwembad, schoon, lekker ontbijt en fijne veranda om ‘s avonds te zitten",5,Hotel Roca Negra del Arenal,alojamiento,booking,nl,"Bonitas camas, bonita piscina, desayuno limpio y sabroso y una bonita terraza para sentarse por la noche.",
Het uitzicht op de tuin. Heerlijk ‘s ochtends de kolibrie’s spotten in de schommelstoelen op het terras. -,5,Hotel Roca Negra del Arenal,alojamiento,booking,nl,La vista del jardín. Es encantador ver a los colibríes en las mecedoras de la terraza por la mañana. -,
Sehr schöne Anlage mit vielen Tieren und sehr lustige Betreiberin,5,Hotel Roca Negra del Arenal,alojamiento,booking,de,Instalaciones muy bonitas con muchos animales y un operador muy divertido.,
"De prachtige tuin, het uitzicht op de vulkaan, de ruime lodges. Het mooie zwembad met leuke speelmogelijkheden voor de kids. Zalig ontbijt dat vers wordt bereid. Mogelijkheid om zelf koffie of thee te pakken. Eigenlijk niets, alles was perfect. Behalve het wandelen naar het dorp is even opletten. Je moet langs een drukke weg lopen, er wordt erg hard gereden.",5,Hotel Roca Negra del Arenal,alojamiento,booking,nl,"El hermoso jardín, la vista al volcán, los espaciosos albergues. La hermosa piscina con divertidas opciones de juego para los niños. Delicioso desayuno recién preparado. Posibilidad de preparar tu propio café o té. En realidad nada, todo fue perfecto. Además de caminar hasta el pueblo, hay que tener cuidado. Tienes que caminar por una calle muy transitada, el tráfico es muy rápido.",
"Sehr schönes Haus mit großem Bad, großer Terrasse und viel Platz. Der Garten der Anlage war ebenfalls hübsch, auch wenn die zum Teil sehr künstliche Gestaltung etwas gewöhnungsbedürftig war (u.a. Kunstrasen auf den Wegen). Das Frühstück war gut und der Pool laut den Kids der Beste im gesamten Urlaub. Mehr Möglichkeiten zum Aufhängen nasser Wäsche wäre gut gewesen.",5,Hotel Roca Negra del Arenal,alojamiento,booking,de,"Casa muy bonita con baño grande, terraza grande y mucho espacio. El jardín del complejo también era bonito, aunque hubo que acostumbrarse al diseño en parte muy artificial (incluido el césped artificial en los caminos). El desayuno era bueno y, según los niños, la piscina fue la mejor de todas las vacaciones. Hubiera sido bueno tener más opciones para colgar la ropa mojada.",
"Für uns eins der besten Hotels auf unserer Costa Rica Reise. Die Bilder werden der gepflegten Anlage, dem lustigen und netten Personal und der mega Appartements nicht gerecht. Es ist viel schöner 🥰

Wir hatten App. 16 mit einem fantastischen Blick auf den Vulkan Arenal. Der Pool sowie der Spielbereich (Tischtennis, Billard, Tischkicker) waren für die Kids (8 und 10) ein Traum. Auch sie sagten, dass das eine der besten Unterkünfte für sie war. Das Frühstück ist ok, aber 400m entfernt ist das Restaurant Red Frog, das günstiger und besser ist sowie mehr Auswahl bietet. Wir haben dort mehrmals zu Abend sowie einmal zum Frühstück gegessen - absolut empfehlenswert.

Ansonsten überhaupt nichts zu bemängeln, wir würden immer wieder kommen 🤙",5,Hotel Roca Negra del Arenal,alojamiento,booking,de,"Para nosotros uno de los mejores hoteles en nuestro viaje a Costa Rica. Las fotografías no hacen justicia a las cuidadas instalaciones, al divertido y amable personal y a los megaapartamentos. Es mucho mejor 

Teníamos aplicación. 16 con una fantástica vista del Volcán Arenal. La piscina y la zona de juegos (ping-pong, billar, futbolín) fueron un sueño para los niños (de 8 y 10 años). También dijeron que era uno de los mejores alojamientos para ellos. El desayuno está bien, pero a 400 metros está el restaurante Red Frog, que es más barato, mejor y ofrece más opciones. Comimos allí varias veces para cenar y una vez para desayunar, muy recomendable.

De lo contrario, no hay nada de qué quejarse, volveríamos una y otra vez",🥰 🤙
"Zimmer und Badezimmer waren sehr groß, die Terrasse vor dem Zimmer gemütlich, alles gut durchdacht und sehr schön eingerichtet, mit Blick fürs Detail. Kommunikation über booking war sehr gut, Check-in easy, der Frühstücksbereich war nett, ausreichend Parkplätze vorhanden; sehr schön im Grünen gelegen. Das Frühstück war etwas teuer und man musste den Aufenthalt bar bezahlen.",5,Hotel Roca Negra del Arenal,alojamiento,booking,de,"La habitación y el baño eran muy grandes, la terraza frente a la habitación era acogedora, todo estaba bien pensado y muy bien decorado, cuidando los detalles. La comunicación a través de la reserva fue muy buena, el check-in fue fácil, la zona de desayuno era agradable, había suficiente espacio para aparcar; muy bien situado en el campo. El desayuno era un poco caro y había que pagar la estancia en efectivo.",
"Die Zimmer und die gesamte Hotelanlage sind ein Traum! Wir wären gern noch länger geblieben.. man kann in der Hängematte auf den Vulkan schauen und chillen, dabei fliegen Kolibris und Schmetterlinge um einen herum. Wir würden sofort wiederkommen! Die Zimmer sind sehr nah beieinander, dadurch ist es recht hellhörig.",5,Hotel Roca Negra del Arenal,alojamiento,booking,de,"¡Las habitaciones y todo el complejo hotelero son un sueño! Nos hubiera gustado quedarnos más tiempo... puedes mirar el volcán en la hamaca y relajarte, con colibríes y mariposas volando a tu alrededor. ¡Volveríamos en un abrir y cerrar de ojos! Las habitaciones están muy cerca unas de otras, lo que hace que haya bastante ruido.",
"Véritablement tout mais plus précisement :
un personnel au top au petit soin toujours le sourire
Une salle de jeu hyper pratique pour des jours de pluie
Un Petit jacuzzi et une piscine parfaite pour ce détendre 
La chambre très propre et suffisante et le lit était grand et confortable 
Un coin café et thé en libre service un vrai plus 
Mais surtout un environnement très fleuri et apaisant. Ba rien",5,Hotel Roca Negra del Arenal,alojamiento,booking,fr,"Realmente todo pero más precisamente:
Personal de primer nivel, siempre con una sonrisa.
Una sala de juegos súper práctica para los días de lluvia
Un pequeño jacuzzi y una piscina perfecta para relajarse 
La habitación estaba muy limpia y era suficiente y la cama era grande y cómoda. 
Un rincón de autoservicio para café y té es una verdadera ventaja 
Pero sobre todo un ambiente muy florido y relajante. Nada",
"És un Hotel molt acollidor rodejat de vegetació, amb unes instal•lacions molt ben cuidades. El personal és molt amable. 
Pots gaudir de les millors vistes al volcà de l'Arenal assegut a la terrassa de la teva habitació i jugar al billar, ping-pong o al futbolí sota un porxo magnífic al costat de la piscina. Res a dir.",5,Hotel Roca Negra del Arenal,alojamiento,booking,ca,"Es un Hotel muy acogedor rodeado de vegetación, con excelentes instalaciones. El personal es muy amable. 
Puedes disfrutar de las mejores vistas al volcán del Arenal sentado en la terraza de tu habitación y jugar al billar, ping-pong o al futbolín bajo un magnífico porche junto a la piscina. Nada que decir.",
"Alles! Besonders freundliches, hilfsbereites Personal. Tolle Atmosphäre, familiär, gute Lage für Ausflüge, schöner Blick auf den Vulkan, toller Garten! Nichts",5,Hotel Roca Negra del Arenal,alojamiento,booking,de,"¡Todo! Personal especialmente amable y servicial. Gran ambiente, familiar, buena ubicación para excursiones, hermosa vista al volcán, gran jardín! Nada",
"Cadre, confort appréciable. Logement et places de parking Rapport qualité prix avec les petits dejeuner en complément et le service du linge très cher !! 48 dollars pour une machine !",5,Hotel Roca Negra del Arenal,alojamiento,booking,fr,"Entorno, confort apreciable. Alojamiento y plazas de aparcamiento ¡Relación calidad-precio con desayunos adicionales y servicio de ropa de cama muy caro! ¡48 dólares por una máquina!",
Superbe petit hôtel bien tenu avec piscine et jacuzzi. Petit déjeuner sympa. Tout est vraiment très soigné ici. Très fleuri. En retrait de la route que l'on entend malgré tout un peu la nuit.,5,Hotel Roca Negra del Arenal,alojamiento,booking,fr,"Magnífico hotelito bien gestionado con piscina y jacuzzi. Buen desayuno. Aquí todo está realmente muy bien. Muy florido. Apartado de la carretera, que todavía se oye un poco por la noche.",
"Pareltje van een hotel. Wij hadden een gewone kamer voor de kinderen en een deluxe kamer voor onszelf. Alles is in prima staat en mooi onderhouden. Het bed was gigantisch, onze kamer en badkamer zeer ruim, aangenaam terras. De kamers liggen in een prachtige tuin vol met bloemen die veel vogels aantrekken, ook kolibries. Het ontbijt is lekker. De kinderen hebben genoten van de buitenspeelruimte met pooltafel, ping-pongtafel, kickertafel,… Het personeel is zeer vriendelijk. Niets op aan te merken maar als ik dan toch iets moet vermelden is dat de handdoeken in de zon gedroogd worden en aanvoelen als schuurpapier. Er kan alleen cash betaald worden.",5,Hotel Roca Negra del Arenal,alojamiento,booking,nl,"Joya de hotel. Teníamos una habitación normal para los niños y una habitación de lujo para nosotros. Todo está en excelentes condiciones y muy bien mantenido. La cama era gigante, nuestra habitación y baño muy espaciosos, agradable terraza. Las habitaciones están ubicadas en un hermoso jardín lleno de flores que atraen a muchas aves, incluidos los colibríes. El desayuno es delicioso. Los niños disfrutaron de la zona de juegos al aire libre con mesa de billar, mesa de ping-pong, mesa de kicker, etc. El personal es muy amable. Nada de que quejarse, pero si tengo que mencionar algo es que las toallas se secan al sol y se sienten como papel de lija. El pago sólo se puede realizar en efectivo.",
Der große Garten hat schön geblüht und war sehr schön. Die kleine Terrasse mit den Schaukelstühlen mit tollem Ausblick auf den Vulkan war ein Highlight.,5,Hotel Roca Negra del Arenal,alojamiento,booking,de,El gran jardín floreció maravillosamente y era muy hermoso. Lo más destacado fue la pequeña terraza con mecedoras con una gran vista del volcán.,
"Fijne, schone kamers met prachtig uitzicht op de vulkaan. Verblijf met veel oog voor detail bijgehouden. Veel leuke faciliteiten voor de kinderen (pool, tafelvoetbal en -tennis, zwembad). Heel veel tr doen in de omgeving. Wasserette en fijne soda op loopafstand. Eigenlijk niets.",5,Hotel Roca Negra del Arenal,alojamiento,booking,nl,"Habitaciones bonitas y limpias con hermosas vistas al volcán. Manténgase mantenido con gran atención al detalle. Muchas instalaciones divertidas para los niños (billar, futbolín y tenis, piscina). Muchas cosas que hacer en la zona. Lavandería y refrescos finos a poca distancia. En realidad nada.",
"Sehr schönes Hotel in toller Gartenlage mit Blick auf den Vulkan. Hier stimmt fast alles. Nur Schade, dass das Frühstück nicht enthalten ist. Es ist mit 7 Dollar aber recht günstig",5,Hotel Roca Negra del Arenal,alojamiento,booking,de,Hotel muy bonito en una excelente ubicación en el jardín con vista al volcán. Casi todo está aquí. Es una pena que el desayuno no esté incluido. Pero es bastante barato a $7.,
Das Frühstück war sehr gut und  für jeden frisch zubereitet.,5,Hotel Roca Negra del Arenal,alojamiento,booking,de,El desayuno era muy bueno y recién preparado para todos.,
"La vue sur le volcan, les espaces communs. Très joli jardin (mais peu adapté aux familles avec jeunes enfants)",5,Hotel Roca Negra del Arenal,alojamiento,booking,fr,"La vista al volcán, las áreas comunes. Jardín muy bonito (pero no apto para familias con niños pequeños)",
"Le petit déjeuner à payer en plus, c est absurde. Ça devrait être inclus dans le prix de la chambre, qui est déjà plutôt cher.",5,Hotel Roca Negra del Arenal,alojamiento,booking,fr,"Tener que pagar el desayuno además es absurdo. Esto debería estar incluido en el precio de la habitación, que ya de por sí es bastante caro.",
"Goede ligging, restaurants op wandelafstand, mooi zicht op de vulkaan! Geluid van de straat is onvermijdelijk; op maandag geen ontbijt mogelijk…",5,Hotel Roca Negra del Arenal,alojamiento,booking,nl,"Buena ubicación, restaurantes a poca distancia, hermosa vista del volcán! El ruido de la calle es inevitable; No se puede desayunar los lunes…",
Le jardin est magnifique. Les colibris que l'on croise tous les jours au milieu des nombreuses fleurs. La vue depuis la terrasse de notre chambre ou depuis le jaccuzi face au volcan Arenal. Le petit coin café et jeux. La gentillesse et l'accueil. Un petit paradis .,5,Hotel Roca Negra del Arenal,alojamiento,booking,fr,El jardín es magnífico. Los colibríes que nos cruzamos cada día entre las muchas flores. La vista desde la terraza de nuestra habitación o desde el jacuzzi frente al volcán Arenal. La pequeña zona de café y juegos. Amabilidad y bienvenida. Un pequeño paraíso.,
"Elisabeth nous a accueillis avec chaleur et un humour communicatif qui a tout de suite créé une ambiance conviviale. Le jardin fleuri est splendide, les chambres sont décorées avec élégance et raffinement, et nous avons adoré profiter de l’espace piscine, du jacuzzi et du billard, pour des moments de pur amusement. Les nuages du volcan Arenal présents pendant tout notre séjour, Elisabeth n’a rien pu faire !",5,Hotel Roca Negra del Arenal,alojamiento,booking,fr,"Elisabeth nos recibió con calidez y un humor contagioso que inmediatamente creó una atmósfera amigable. El jardín florido es espléndido, las habitaciones están decoradas con elegancia y refinamiento, y nos encantó aprovechar la zona de la piscina, el jacuzzi y la mesa de billar, para momentos de pura diversión. Las nubes del volcán Arenal estuvieron presentes durante toda nuestra estancia, ¡Elisabeth no pudo hacer nada!",
Très bon accueil ! Et chambre très belle,5,Hotel Roca Negra del Arenal,alojamiento,booking,fr,¡Muy cálida bienvenida! Y muy hermosa habitación,
"Erg leuke tuin met veel vlinders en kolibrie’s 
Mooie kamers met een handige frigo 
Leuk zwembad met hottub. Niets",5,Hotel Roca Negra del Arenal,alojamiento,booking,af,"Muy bonito jardín con muchas mariposas y colibríes. 
Hermosas habitaciones con una práctica nevera. 
Bonita piscina con jacuzzi. Nada",
"Sehr freundliches Personal, die Zimmer haben Klimaanlage und falls keine Wolken sind kann man den Arenal von der Terasse aus sehen..",5,Hotel Roca Negra del Arenal,alojamiento,booking,de,"El personal muy amable, las habitaciones tienen aire acondicionado y si no hay nubes se puede ver el Arenal desde la terraza.",
Der angelegte Garten ist super schön und man kann viele Kolibris sehen. Die Betten waren etwas zu weich.,5,Hotel Roca Negra del Arenal,alojamiento,booking,de,El jardín paisajístico es súper hermoso y puedes ver muchos colibríes. Las camas eran un poco demasiado blandas.,
מקום מדהים קרוב לכל מקום חדרים מעולים צוות מעולה מומלץ ביותר,5,Hotel Roca Negra del Arenal,alojamiento,booking,he,Increíble lugar cerca de todas partes excelentes habitaciones excelente personal muy recomendado,
"O hotel é bem localizado, tem opções variadas de restaurante ao redor,  e lojinhas de souvenirs, as instalações são básicas mas atendem o necessário para uma boa hospedagem, e o ponto alto é o atendimento dos funcionários, sempre sorridentes e solícitos. Após fazer a reserva pela booking fui surpreendido por uma mensagem do hotel que eles não aceitam cartões, apenas dinheiro em espécie para pagamento da hospedagem, eu não estava preparado pra isso, apesar da atendente me dizer que isso estava descrito na política de pagamento, o que pra mim não era visível.
Além disso o quarto que estávamos entrava luz, o black out não era suficiente, além da cama que pra mim era mole demais, e o chuveiro saia pouca água.",5,Hotel Roca Negra del Arenal,alojamiento,booking,pt,"El hotel está bien ubicado, tiene variedad de opciones de restaurantes alrededor y tiendas de souvenirs, las instalaciones son básicas pero cumplen con lo necesario para una buena estadía, y lo más destacado es el servicio del personal, siempre sonriente y servicial. Después de hacer la reserva a través de booking, me sorprendió un mensaje del hotel que no aceptaban tarjetas, solo efectivo para pagar el alojamiento, no estaba preparado para esto, a pesar de que el encargado me dijo que así estaba descrito en la política de pago, que no era visible para mí.
Además, a la habitación en la que estábamos entraba luz, el black out no era suficiente, además de la cama, que para mí era demasiado blanda, y de la ducha salía poca agua.",
Ruime kamer met mooi uitzicht,5,Hotel Roca Negra del Arenal,alojamiento,booking,nl,Amplia habitación con linda vista.,
"Sehr ruhig, kein Straßenlärm zuhören, die Lage war super Der Pool hätte ein wenig wärmer sein können, die Böden sind bei Nässe sehr rutschig",5,Hotel Roca Negra del Arenal,alojamiento,booking,de,"Muy tranquilo, sin ruido de la calle, la ubicación era genial. La piscina podría haber estado un poco más caliente, los pisos son muy resbaladizos cuando están mojados.",
"Hôtel très agréable, chambre confortable, emplacement accessible à tous pour se faire café ou thé (tout est fourni par l’hôtel)",5,Hotel Roca Negra del Arenal,alojamiento,booking,fr,"Hotel muy agradable, habitación cómoda, ubicación accesible a todos para preparar café o té (todo lo proporciona el hotel)",
"Propriedade linda, cama excelente, equipe muito simpática.",5,Hotel Roca Negra del Arenal,alojamiento,booking,pt,"Hermosa propiedad, cama excelente, personal muy amable.",
"Tout ! La vue sur le volcan, Les chambres toutes isolées les unes des autres par une végétation luxuriante, les petits chemins pour mener à la piscine, à la salle de jeux (billards, ping pong, babyfoot), la salle du déjeuner … la chambre elle même : grande avec une belle salle de bains, la terrasse qui invite au repos et à l’observation des oiseaux …. Et le personnel adorable, serviable et souriant : Muchas gracias Eugenia y Paula",5,Hotel Roca Negra del Arenal,alojamiento,booking,fr,"Todo ! La vista al volcán, Las habitaciones todas aisladas entre sí por una exuberante vegetación, los pequeños senderos que conducen a la piscina, la sala de juegos (billar, ping pong, futbolín), el comedor... la habitación en sí: grande con un bonito baño, la terraza que invita al descanso y a la observación de aves... Y el personal adorable, servicial y sonriente: Muchas gracias Eugenia y Paula",
L'hôtel devrait inclure le petit déjeuner et augmenter légèrement le prix de la nuit. Les bungalows dissimulés dans une extraordinaire nature et l'accueil juste incroyable...,5,Hotel Roca Negra del Arenal,alojamiento,booking,fr,El hotel debería incluir el desayuno y aumentar ligeramente la tarifa por noche. Los bungalows escondidos en una naturaleza extraordinaria y la bienvenida simplemente increíble...,
"Fijn hotel met goede faciliteiten, prachtige tuin en uitzicht op de vulkaan.",5,Hotel Roca Negra del Arenal,alojamiento,booking,nl,"Bonito hotel con buenas instalaciones, hermoso jardín y vista al volcán.",
"Auffallend gepflegte, schöne Anlage im Aussenbereich von La Fortuna.
Tolle Bungalows. 
Morgens gutes Frühstück in netter Atmosphäre. Forsche, aber sehr freundliche Dame an der Rezeption mit prima Tipps etc. Es war ausschließlich Barzahlung (Zimmer und separat fürs Frühstück) möglich",5,Hotel Roca Negra del Arenal,alojamiento,booking,de,"Hermosas instalaciones sorprendentemente bien cuidadas en el área exterior de La Fortuna.
Grandes bungalows. 
Buen desayuno por la mañana en un ambiente agradable. Señora de recepción dinámica pero muy amable con excelentes propinas, etc. El pago sólo era posible en efectivo (habitación y desayuno por separado).",
"Unser schönstes Hotel auf der gesamten Costa Rica Reise
Traumhafte Gartenanlage und schöner kleiner Pool
Bungalow top Wir hatten hier leider nur 3 Nächte  :-(",5,Hotel Roca Negra del Arenal,alojamiento,booking,de,"Nuestro hotel más hermoso en todo el viaje a Costa Rica.
Fantásticos jardines y hermosa piscina pequeña.
Bungalow superior Desafortunadamente solo pasamos 3 noches aquí :-(",
"Cadre charmant et très fleuri, accueil impeccable et belles prestations. Petit déjeuner correct.",5,Hotel Roca Negra del Arenal,alojamiento,booking,fr,"Entorno encantador y florido, acogida impecable y excelentes servicios. Desayuno decente.",
"Personeel is super vriendelijk, kamer was nieuw en erg comfortabel. Alles is erg goed bijgehouden en schoon. Zowel het park als de huisjes. Leuk om ‘s avonds nog te kunnen pingpongen of een ander spel. Ook leuk om zoveel dieren te zien! Kolibries in je tuin. Enige dat we kunnen bedenken is dat er maar 1 stoel op de kamer staat. De kamer is erg ruim en een zit gedeelte of tafel was fijn geweest",5,Hotel Roca Negra del Arenal,alojamiento,booking,nl,"El personal es super amable, la habitación era nueva y muy cómoda. Todo está muy bien cuidado y limpio. Tanto el parque como las casas. Es agradable poder jugar al ping pong u otro juego por la noche. ¡También es agradable ver tantos animales! Colibríes en tu jardín. Lo único que se nos ocurre es que solo hay 1 silla en la habitación. La habitación es muy espaciosa y hubiera estado bien una zona de estar o una mesa.",
Super gezellige plek met fijne faciliteiten! Super mooie tuin en als je geluk hebt zie je de vulkaan in de verte. Het licht in de huisjes was heel wit maar voor de rest alles top!,5,Hotel Roca Negra del Arenal,alojamiento,booking,nl,"Lugar súper acogedor con excelentes instalaciones! Jardín súper hermoso y si tienes suerte puedes ver el volcán a lo lejos. La luz en las casas era muy blanca, ¡pero todo lo demás genial!",
Wunderschönen Garten mit vielen Vögel Deluxe Zimmer ungemütlich und ohne Hängematte,5,Hotel Roca Negra del Arenal,alojamiento,booking,de,Hermoso jardín con muchos pájaros Habitación Deluxe incómoda y sin hamaca.,
"Hele vriendelijke ontvangst, je kan het personeel om alles vragen, hele centrale locatie t.o.v. de activiteiten/parken en het stadje, prachtig uitzicht op de (vaak bewolkte) vulkaan, hangmat op het terras, grote kamer en badkamer (niet sfeervol maar dat geeft niet), auto voor de deur zetten, fijn zwembad en pooltafel… -",5,Hotel Roca Negra del Arenal,alojamiento,booking,nl,"Bienvenida muy amable, puedes pedirle cualquier cosa al personal, ubicación muy céntrica en relación con las actividades/parques y la ciudad, hermosa vista del volcán (a menudo nublado), hamaca en la terraza, habitación y baño grandes (no atractivos pero eso no importa), estacionamiento frente a la puerta, bonita piscina y mesa de billar... -",
"Chambre propre et spacieuse. Salle de bain très grande et fonctionnelle L’établissement est quand même loin du centre ville de la fortuna.
La vue sur le volcan n’est pas au rendez vous 
Bruyant à cause de quad à proximité de l’hôtel",5,Hotel Roca Negra del Arenal,alojamiento,booking,fr,"Habitación limpia y espaciosa. Baño muy amplio y funcional. El establecimiento aún está alejado del centro de la ciudad de Fortuna.
La vista del volcán no está ahí. 
Ruidoso debido al quad cerca del hotel.",
Alles Bezahlung nur mit Bargeld,5,Hotel Roca Negra del Arenal,alojamiento,booking,de,Todo pago solo en efectivo,
"Veruit de humor en gastvrijheid van Elise! van 's morgens tot 's avonds een glimlach, en een grapje was niet ver zoek. Ook de kamer en het zwembad waren super! Het is er ietwat gehorig, waardoor we onze enthousiaste buren vaak hoorden. 😉",5,Hotel Roca Negra del Arenal,alojamiento,booking,nl,"¡Con diferencia el humor y la hospitalidad de Elise! una sonrisa de la mañana a la noche, y una broma no estaba muy lejos. La habitación y la piscina también eran geniales! Es algo ruidoso, por lo que a menudo escuchamos a nuestros vecinos entusiastas.",😉
"Eines der besten oder sogar das Beste Hotel in dem ich je übernachtet habe.
Prime location, sehr schöne Anlage mit Spielen usw, sehr freundliches Personal,...
10/10",5,Hotel Roca Negra del Arenal,alojamiento,booking,de,"Uno de los mejores o incluso el mejor hotel en el que me he alojado.
Ubicación privilegiada, instalaciones muy bonitas con juegos, etc., personal muy amable...
10/10",
"Très beau jardin
Personnel très agréable , merci Elisa pour votre accueil ! Rien tout très bien",5,Hotel Roca Negra del Arenal,alojamiento,booking,fr,"Jardín muy bonito
Personal muy agradable, ¡gracias Elisa por tu bienvenida! Nada todo muy bien",
"Wunderschöner Garten voll mit Vögeln und sogar Blick auf den Vulkan Es liegt an der Hauptstraße, zwar etwas nach hinten, aber der viele Verkehr ist präsent.",5,Hotel Roca Negra del Arenal,alojamiento,booking,de,"Hermoso jardín lleno de pájaros y hasta vista al volcán. Está en la carretera principal, un poco atrás, pero hay mucho tráfico.",
Tolle Bungalows in einer schönen Gartenanlage. Sehr sauber.,5,Hotel Roca Negra del Arenal,alojamiento,booking,de,Grandes bungalows en un hermoso jardín. Muy limpio.,
"עשינו 2 לילות במלון, הכל כלכך נקי ומתוקתק, פאולה שבקבלה מאוד נחמדה ותמיד הייתה שם לשאלה או עזרה.
המלון במיקום מצויין, סה״כ חוויה טובה . 
הייתי חוזר לשם.",5,Hotel Roca Negra del Arenal,alojamiento,booking,he,"Pasamos 2 noches en el hotel, todo está muy limpio y agradable, Paula en la recepción es muy amable y siempre estuvo ahí para cualquier pregunta o ayuda.
El hotel está en una excelente ubicación, en general fue una buena experiencia. 
Volvería allí.",
"Super accueil, très propre,",5,Hotel Roca Negra del Arenal,alojamiento,booking,ca,"Gran bienvenida, muy limpio,",
la qualité du logement et la terrasse avec vue sur le volcan. Les bons petits déjeuners rien,5,Hotel Roca Negra del Arenal,alojamiento,booking,fr,la calidad del alojamiento y la terraza con vista al volcán. Buenos desayunos nada,
Tolle Lage in schönem und ruhigem Garten Das Frühstück war nicht so gut,5,Hotel Roca Negra del Arenal,alojamiento,booking,de,Excelente ubicación en un hermoso y tranquilo jardín. El desayuno no era tan bueno.,
"Wij hadden een huisje wat net daarvoor volledig was gerenoveerd. Prachtig modern, hele mooie badkamer, allemaal heel strak en schoon. Goed werkende airco. Bij het ontbijt mag je kiezen uit een aantal gerechten en dan maken ze het vers voor je, bv. pancakes of traditioneel ontbijt met bonen. Alles heel lekker. Locatie is goed, aan de rand van het centrum. Mooi uitzicht op de vulkaan. De tuin staat vol met planten en bloemen die mooie vogels aantrekken. Niets, alles was prima in orde.",5,Hotel Roca Negra del Arenal,alojamiento,booking,nl,"Teníamos una casa que acababan de renovar por completo. Bellamente moderno, baño muy bonito, todo muy elegante y limpio. Aire acondicionado en buen funcionamiento. En el desayuno podrás elegir entre varios platos y te lo prepararán recién hecho, como tortitas o el tradicional desayuno con frijoles. Todo muy sabroso. La ubicación es buena, en las afueras del centro. Bonita vista del volcán. El jardín está lleno de plantas y flores que atraen a hermosas aves. Nada, todo estuvo bien.",
"Établissement formidable en tous points :
- l’accueil était extraordinaire avec une réceptionniste vraiment très sympathique
- la chambre top au milieu du jardin avec une literie 5 étoiles très confortable et une pergola avec hamac bien appréciable pour profiter de la vue sur le volcan, nous garons notre voiture dans l’enceinte sécurisée à côté de notre chalet
- les espaces communs (jeux, coin thé/cafe, piscine, pergola/salon près de la piscine, jardin très bien entretenu avec un mini semtier de balade et des animaux poules, paon) nous permettent de nous sentir comme à la maison et ont ravi toute la famille
- la localisation est très pratique : près de nombreux magasins de souvenirs, épiceries/supermarchés, sodas/restaurants, thermes populaires. Nous nous sommes baladés à pied et étions très prêts en voiture des principaux centres d’intérêt du coin.",5,Hotel Roca Negra del Arenal,alojamiento,booking,fr,"Un establecimiento maravilloso en todos los sentidos:
- la bienvenida fue extraordinaria con una recepcionista realmente muy amable
- la habitación superior en medio del jardín con ropa de cama de 5 estrellas muy cómoda y una bonita pérgola con hamaca para disfrutar de la vista del volcán, estacionamos nuestro auto en el recinto seguro al lado de nuestro chalet
- las zonas comunes (juegos, rincón de té/café, piscina, pérgola/salón cerca de la piscina, jardín muy cuidado con una mini zona de paseo y animales de gallinas y pavos reales) nos permiten sentirnos como en casa y haber hecho las delicias de toda la familia
- la ubicación es muy conveniente: cerca de muchas tiendas de souvenirs, tiendas de comestibles/supermercados, refrescos/restaurantes y baños termales populares. Caminamos a pie y estábamos a poca distancia en coche de los principales puntos de interés de la zona.",
Superbe hôtel très bien situé et au calme. Bungalow spacieux et confortable avec vue sur le volcan. Personnel très accueillant. Grand jardin bien aménagé avec piscine. Le petit déjeuner est servi en option avec plusieurs choix. Plusieurs restaurants situés à quelques pas de l'hôtel.  Nous avons beaucoup apprécié notre séjour. Rien,5,Hotel Roca Negra del Arenal,alojamiento,booking,fr,"Magnífico hotel, muy bien situado y tranquilo. Amplio y confortable bungalow con vista al volcán. Personal muy acogedor. Amplio jardín bien cuidado con piscina. El desayuno se sirve como opción con varias opciones. Varios restaurantes ubicados a poca distancia del hotel.  Realmente disfrutamos de nuestra estancia. Nada",
המלון יפה. חצר מטופחת. המיטה די נוחה.,5,Hotel Roca Negra del Arenal,alojamiento,booking,he,El hotel es hermoso. Un patio bien cuidado. La cama es bastante cómoda.,
"L'accueil du personnel,  très aimable, plein de sourires et plein de conseils. Merci Eugénia!
La situation géographique sur la route vers le parc national arenal et autres excursions. 
La piscine et le jacuzzi.
Le confort du lit dans la chambre lit king-size.
La vue incroyable sur le volcan depuis la superbe terrasse avec fauteuils rocking-chairs 😀
Le magnifique jardin, bravo les jardiniers! Le petit déjeuner à 7$, bien que bon, n'est pas compris dans le prix de la chambre.",5,Hotel Roca Negra del Arenal,alojamiento,booking,fr,"La acogida del personal, muy amable, llena de sonrisas y muchos consejos. ¡Gracias Eugenia!
Ubicación en ruta al Parque Nacional Arenal y otras excursiones. 
La piscina y el jacuzzi.
La comodidad de la cama en el dormitorio tamaño king.
La increíble vista del volcán desde la magnífica terraza con mecedoras 
¡El magnífico jardín, bien hecho jardineros! El desayuno de 7 dólares, aunque bueno, no está incluido en el precio de la habitación.",😀
"Sehr  liebevoll betreute, familiär wirkende Bungalowanlage in gepflegt angelegtem Garten- die Zimmer und das Bad sehr geräumig, Kühlschrank zum Selbstbefüllen im Zimmer, Terrasse mit wunderschönen Schaukelstühlen und Hängematte. Blick direkt auf den Arenal, gutes Frühstück zubuchbar, Kaffee und Teebar zum Self Service- toller Ausgangspunkt für die Aktivitäten rund um Fortuna! Restaurants/Bars in der Nähe. Tolles Preis/Leistungsverhältnis!",5,Hotel Roca Negra del Arenal,alojamiento,booking,de,"Complejo de bungalows familiar, cuidado con mucho cariño, en un jardín bien cuidado: las habitaciones y el baño son muy espaciosos, nevera que puedes llenar tú mismo en la habitación, terraza con bonitas mecedoras y hamacas. Vista directa al Arenal, se puede reservar un buen desayuno, bar de té y café de autoservicio: ¡excelente punto de partida para actividades en Fortuna! Restaurantes/bares cercanos. ¡Excelente relación precio/rendimiento!",
"Ein wunderschöner Aufenthalt. Wir waren 4 Nächte vor Ort und haben es vollauf genossen. Der Bungalow war sehr geräumig und die Betten sehr bequem. Alles war Tip Top sauber. Es ist nochmals deutlich schöner und freundlicher als auf den Bildern. Die Terasse ist sehr privat mit tollem Garten vor der Tür und Hängematte sowie Schaukelstühlen.

Das Personal war total freundlich und jederzeit sehr hilfsbereit. Frühstück fanden wir Klasse. Zu einem Preis von 7$ bekommt man einen leckeren frischen Obstteller und kann zwischen pancakes, amerikanischen Frühstück, Costarikanischen Frühstück wählen. Besonders das Gallo Pinto kann ich sehr empfehlen. Große Portionen und sehr schmackhaft. 

Am Pool gab es Spielzeug, was die Kinder sehr begeisterte. Genauso wie der Spielbereich mit Kicker, Billiard und Tischtennis",5,Hotel Roca Negra del Arenal,alojamiento,booking,de,"Una estancia maravillosa. Nos alojamos allí por 4 noches y lo disfrutamos muchísimo. El bungalow era muy espacioso y las camas eran muy cómodas. Todo estaba impecablemente limpio. Es mucho más bonito y amigable que en las fotos. La terraza es muy privada con un gran jardín frente a la puerta y hamacas y mecedoras.

El personal fue realmente amable y muy servicial en todo momento. Pensamos que el desayuno era genial. Por un precio de $7 te llevas un delicioso plato de fruta fresca y puedes elegir entre panqueques, desayuno americano, desayuno costarricense. Puedo recomendar especialmente el Gallo Pinto. Porciones grandes y muy sabrosas. 

Había juguetes junto a la piscina, que los niños disfrutaron mucho. Al igual que la zona de juegos con futbolín, billar y ping-pong.",
"Funcionária da recepção muito acolhedora, simpática e alegre. Espaço exterior muito bonito e organizado com muitos detalhes a pensar no condorto dos hóspedes. Localização convenientemente entre La Forurna e as hot springs.  Dá para ir a pé jantar a sodas muito boas.",5,Hotel Roca Negra del Arenal,alojamiento,booking,pt,"El personal de recepción muy acogedor, amable y alegre. Espacio exterior muy bonito y organizado con muchos detalles pensando en la comodidad de los huéspedes. Ubicación conveniente entre La Forurna y aguas termales.  Puedes ir caminando a cenar y tomar muy buenos refrescos.",
"Super ! Bonne chambre , propre , belle piscine , équipe très sympa !!",5,Hotel Roca Negra del Arenal,alojamiento,booking,fr,"Excelente ! Buena habitación, limpia, bonita piscina, muy buen equipo!!",
"Top, zeer prachtige tuinen met heel veel vogels.Huisjes liggen naast elkaar maar wij hebben geen last gehad van de buren. Prachtig zicht op de vulkaan .Ontbijt was extra bij te betalen 7$pp, maar was wel in orde maar basis zoals overal in Costa Rica. Zeer ruime kamer en badkamer.
Ruime parking. Naast drukke baan maar hebben daar geen last van gehad.",5,Hotel Roca Negra del Arenal,alojamiento,booking,nl,"Grandes y muy hermosos jardines con muchas aves. Las casas están una al lado de la otra, pero los vecinos no nos molestaron. Hermosa vista del volcán. El desayuno tenía un cargo extra de 7$ por persona, pero estaba bien, pero era básico como en todas partes en Costa Rica. Habitación y baño muy amplios.
Amplio estacionamiento. Al lado de un trabajo ocupado pero no nos molestó.",
Todo me encanta!  ya es la segunda vez que nos hospedamos aqui y definitivamente pensamos regresar!!  es el mejor lugar de la Fortuna!  Gracias,5,Hotel Roca Negra del Arenal,alojamiento,booking,es,Todo me encanta!  ya es la segunda vez que nos hospedamos aqui y definitivamente pensamos regresar!!  es el mejor lugar de la Fortuna!  Gracias,
"Un hotel muy bien cuidado y una atención espectacular, muy recomendable y céntrico, excelente opción que además cuenta con sistema de estacionamiento privado.  Delicioso desayuno, la piscina super bonita y el jacuzzi caliente con vistas al a vegetación.  muy recomendable!   regresaremos! en general todo bien!",5,Hotel Roca Negra del Arenal,alojamiento,booking,es,"Un hotel muy bien cuidado y una atención espectacular, muy recomendable y céntrico, excelente opción que además cuenta con sistema de estacionamiento privado.  Delicioso desayuno, la piscina super bonita y el jacuzzi caliente con vistas al a vegetación.  muy recomendable!   regresaremos! en general todo bien!",
"L'acceuil fort sympathique, et l'emplacement très bien situé. Le fait de ne pas pouvoir payer en carte bleue, dommage !",5,Hotel Roca Negra del Arenal,alojamiento,booking,fr,"Bienvenida muy amable y ubicación muy bien situada. No poder pagar con tarjeta de crédito, ¡lástima!",
"Das Zimmer war sehr schlicht und nichts besonderes aber die Lage unschlagbar. Versteckt im grünen. Das Hotelgrundstück war voller schöner Pflanzen, Bäume und Tiere. Oase der Ruhe. Das Hotelpersonal war sehr freundlich. Hector hat soch die Zeit genommen uns alle Pflanzen und Tiere zu zeigen. Eine andere Dame hat uns mit den simkarten geholfen. alle sehr zuvorkommend 🤗",5,Hotel Roca Negra del Arenal,alojamiento,booking,de,"La habitación era muy sencilla y nada especial, pero la ubicación era inmejorable. Escondido en el verde. Los jardines del hotel estaban llenos de hermosas plantas, árboles y animales. Oasis de paz. El personal del hotel fue muy amable. Héctor se tomó el tiempo de mostrarnos todas las plantas y animales. Otra señora nos ayudó con las tarjetas SIM. todos muy complacientes",🤗
Hôtel très mal insonorisé donc avec voisins qui se couche tard et qui se leve tôt les nuits sont courtes je confirme vraiment les avis a ce sujet,5,Hotel Roca Negra del Arenal,alojamiento,booking,fr,Hotel muy mal insonorizado por lo que con vecinos que se acuestan tarde y se levantan temprano las noches son cortas realmente confirmo las opiniones sobre este tema.,
"Les bungalows sont qualitatifs et spacieux avec une très bonne literie. La terrasse donne sur un jardin luxurieux et est sans vis à vis. On  a aussi apprécié les petites attentions pour les guests à savoir le café et thé mis à disposition, ainsi que les jeux ( billard, ping-pong, ...). Le jacuzzi a également été un vrai plus lors d'une journée pluvieuse.
Enfin l''équipe de l'accueil est disponible et attentionnée. La météo mais l'hôtel n'y est évidemment pour rien.",5,Hotel Roca Negra del Arenal,alojamiento,booking,fr,"Los bungalows son de calidad y espaciosos con muy buena ropa de cama. La terraza da a un lujoso jardín y no se pasa por alto. También apreciamos los pequeños detalles para los huéspedes, como el café y el té, así como los juegos (billar, ping-pong, etc.). El jacuzzi también fue una verdadera ventaja en un día lluvioso.
Por último, el equipo de recepción está disponible y atento. El clima pero el hotel obviamente no tienen nada que ver.",
Super tolle Gartenanlage. Nette Bungalows.,5,Hotel Roca Negra del Arenal,alojamiento,booking,no,Súper gran zona ajardinada. Bonitos bungalows.,
Der gepflegte Garten war einfach toll. Man kann viele Tiere beobachten Alles perfekt,5,Hotel Roca Negra del Arenal,alojamiento,booking,de,El jardín bien cuidado era simplemente genial. Puedes observar muchos animales. todo es perfecto,
"Stationnement pour garder notre voiture en sécurité près de la chambre. Galerie avec vue sur le volcan et jardin aménagé avec beaucoup d'oiseaux. Belle salle de bain avec de la pression et de l'eau chaude. Espace convivial pour se faire café/thé toute la journée. Coffre fort ne fonctionnait pas mais ce n'était pas un problème, vous avons opté pour garder nos passeports avec nous.",5,Hotel Roca Negra del Arenal,alojamiento,booking,fr,"Aparcamiento para mantener nuestro coche seguro cerca de la habitación. Galería con vista al volcán y jardín paisajístico con muchas aves. Bonito baño con buena presión y agua caliente. Espacio acogedor para preparar café/té durante todo el día. La caja fuerte no funcionó, pero eso no fue un problema, optamos por conservar nuestros pasaportes con nosotros.",
"Accueil très chaleureux, grand chambre, piscine très sympa et jacuzzi 
les enfants ont adoré le billard et les autres jeux
très bien situé 
des oiseaux partout dans la végétation, superbe
on a pu faire laver notre linge pour un prix raisonnable le petit déjeuner est correct sans plus - il y a un soda vraiment top juste en face de l'hotel (accessible a pied)",5,Hotel Roca Negra del Arenal,alojamiento,booking,fr,"Muy cálida bienvenida, habitación grande, muy bonita piscina y jacuzzi. 
A los niños les encantaba el billar y otros juegos.
muy bien ubicado 
pájaros por todas partes en la vegetación, magnífico
Pudimos lavar nuestra ropa por un precio razonable. El desayuno está bien, nada más. Hay un refresco realmente excelente justo en frente del hotel (accesible a pie).",
原本只是路过住一晚，没抱太高期待，但实际住得非常好。酒店院子里环境优美，花木繁盛。温泉泳池虽然不大但很精致干净，旁边还有台球和乒乓球可以玩。酒店养的小猫很受孩子们欢迎。房间虽然简朴但很宽敞干净。门廊上还有沙发和吊床，我们去的季节也没有蚊虫，在外面坐坐很舒服。因为到的比较晚，所以没在酒店用餐，但隔壁就有一家很棒的Pizza店，出门右转走路4分钟，在一家很大纪念品商店里面，味道很好。总之超越期待，值得推荐。,5,Hotel Roca Negra del Arenal,alojamiento,booking,unknown,原本只是路过住一晚，没抱太高期待，但实际住得非常好。酒店院子里环境优美，花木繁盛。温泉泳池虽然不大但很精致干净，旁边还有台球和乒乓球可以玩。酒店养的小猫很受孩子们欢迎。房间虽然简朴但很宽敞干净。门廊上还有沙发和吊床，我们去的季节也没有蚊虫，在外面坐坐很舒服。因为到的比较晚，所以没在酒店用餐，但隔壁就有一家很棒的Pizza店，出门右转走路4分钟，在一家很大纪念品商店里面，味道很好。总之超越期待，值得推荐。,
"Le personnel...Elizabeth a l'accueil, La propriété,  l'emplacement, le jardin est sublime",5,Hotel Roca Negra del Arenal,alojamiento,booking,fr,"El personal... Elizabeth en la recepción, La propiedad, la ubicación, el jardín es sublime.",
De schoonheid van het park. Erg leuk aangekleed. Het ontbijt was te eten maar kon wat meer zijn.,5,Hotel Roca Negra del Arenal,alojamiento,booking,nl,La belleza del parque. Muy bien decorado. El desayuno era comestible pero podría haber sido un poco más.,
"Einfach tolles Ambiente, tolle Lage, sehr freundliches Personal, nächstes Mal wieder dort! La Fortuna ist nicht die leiseste Stadt.",5,Hotel Roca Negra del Arenal,alojamiento,booking,de,"Simplemente excelente ambiente, excelente ubicación, personal muy amable, ¡volveremos la próxima vez! La Fortuna no es la ciudad más tranquila.",
"Vriendelijk en behulpzaam personeel, fantastische kamer en badkamer, terras met uitzicht op de vulkaan, restaurantjes op loopafstand en op prima afstand van alle activiteiten in La Fortuna. En natuurlijk de prachtige tuin. Echt een aanrader! Het is inderdaad gelegen aan de doorgaande weg maar ‘s avonds wordt het rustiger en heb je er eigenlijk geen last van.",5,Hotel Roca Negra del Arenal,alojamiento,booking,nl,"Personal amable y servicial, habitación y baño fantásticos, terraza con vista al volcán, restaurantes a poca distancia y con fácil acceso a todas las actividades en La Fortuna. Y por supuesto el hermoso jardín. ¡Muy recomendado! Efectivamente, está situado en la carretera principal, pero por la noche se vuelve más tranquilo y no molesta mucho.",
"Sehr schön angelegte Anlage, sehr nettes Zimmer und Terrasse",5,Hotel Roca Negra del Arenal,alojamiento,booking,de,"Zona muy bien ajardinada, muy bonita habitación y terraza.",
"Le personnel très gentil 
La vue de la chambre avec terrasse et hamac
La localisation, restaurant à pied 
Lit immense et très confortable 
L'environnement est magnifique On entend les voisins de la chambre 
Il y avait beaucoup de famille avec des enfants qui se croyaient seuls à la piscine et utilisaient le jacuzzi sans surveillance 
Dommage que le petit déjeuner n'était pas inclus. C'est 7 dollars",5,Hotel Roca Negra del Arenal,alojamiento,booking,fr,"Personal muy amable 
La vista desde la habitación con terraza y hamaca.
Ubicación, restaurante a pie. 
Cama enorme y muy cómoda. 
El entorno es magnífico. Podemos escuchar a los vecinos en la habitación. 
Había muchas familias con niños que pensaban que estaban solos en la piscina y utilizaban el jacuzzi sin supervisión. 
Lástima que el desayuno no estuviera incluido. son 7 dolares",
"Freundliches Personal, saubere Zimmer, gutes und preiswertes Frühstück, Pool, Whirlpool, Tischtennisplatte, Billardtisch und Tischkicker, schöne Anlage, Toller Blick auf den Vulkan.. einfach ALLES.",5,Hotel Roca Negra del Arenal,alojamiento,booking,de,"Personal amable, habitaciones limpias, desayuno bueno y económico, piscina, jacuzzi, mesa de ping-pong, mesa de billar y futbolín, hermosos jardines, excelente vista del volcán... simplemente TODO.",
Pool sehr schön. Alles sehr grün und naturbelassen. Portionsgröße beim Frühstück eher klein.,5,Hotel Roca Negra del Arenal,alojamiento,booking,de,Piscina muy bonita. Todo es muy verde y natural. El tamaño de las porciones en el desayuno es bastante pequeño.,
"Nuostabi aplinka, labai gražūs augalai. Tiesiog gyvenome kaip parke. Daug privatumo. Namukai atskiri. Baseinas, džiakuzi. Bet kuriuo paros metu galima naudotis kava, arbata.
Labai patiko.

Reda, Lietuva",5,Hotel Roca Negra del Arenal,alojamiento,booking,lt,"Entorno increíble, plantas muy hermosas. Vivíamos como en un parque. Mucha privacidad. Las casas están separadas. Piscina, jacuzzi. Café y té están disponibles a cualquier hora del día.
Me gustó mucho.

Reda, Lituania",
Très bien positionné pour visiter les alentours et le parc du volcan. Personnel très serviable. Chambre confortable avec bonne literie et la terrasse privative appréciée !,5,Hotel Roca Negra del Arenal,alojamiento,booking,fr,Muy bien posicionado para visitar los alrededores y el parque del volcán. Personal muy servicial. ¡Habitación cómoda con buena ropa de cama y una popular terraza privada!,
"Die Anlage ist wunderschön. Es ist sehr sauber und die Zimmer sind grosszügig. Man hat eine kleine Terrasse mit zwei Schaukelstühlen und einer Hängematte. Sehr gemütlich. Restaurants sind in 5 Gehminuten zu erreichen. Das Hotel MUSS barbezahlt werden, sowie alles was man in der Anlage konsumiert. Das ist ein bisschen umständlich.",5,Hotel Roca Negra del Arenal,alojamiento,booking,de,"La instalación es hermosa. Está muy limpio y las habitaciones son espaciosas. Hay una pequeña terraza con dos mecedoras y una hamaca. Muy acogedor. Se puede llegar a restaurantes en 5 minutos a pie. El pago del hotel ES IMPRESCINDIBLE en efectivo, así como todo lo consumido en el complejo. Esto es un poco complicado.",
"Bel accueil, site magnifique avec vue sur le volcan Arenal. Magnifique végétation. Chambres confortables. A proximité des marchés et des restaurants.",5,Hotel Roca Negra del Arenal,alojamiento,booking,fr,"Encantadora bienvenida, magnífico sitio con vista al volcán Arenal. Magnífica vegetación. Habitaciones confortables. Cerca de mercados y restaurantes.",
"Très bel endroit, bien entretenu, personnel attentif, belle grande chambre, balcon avec chaise très confortable, petite table extérieure près de chaque chambre.
Une nature exceptionnelle, fleurs, végétaux, hôtel enwine végétation tropicale. Merveilleux! J' y séjournerais  de nouveau demain matin.",5,Hotel Roca Negra del Arenal,alojamiento,booking,fr,"Muy lindo lugar, bien mantenido, personal atento, habitación grande y bonita, balcón con silla muy cómoda, pequeña mesa al aire libre cerca de cada habitación.
Naturaleza excepcional, flores, plantas, hotel rodeado de vegetación tropical. ¡Maravilloso! Me quedaré allí de nuevo mañana por la mañana.",
"Lodge très confortable 
Propriété bien entretenue et agréable 
Emplacement près des activités Petit déjeuner pas très diversifié et cher",5,Hotel Roca Negra del Arenal,alojamiento,booking,fr,"Alojamiento muy cómodo 
Propiedad bien mantenida y agradable. 
Ubicación cerca de actividades Desayuno poco variado y caro.",
"Heel fijn om je aparte bungalow te hebben, veel ruimte. Er was een sterke hondengeur aanwezig op de kamer.",5,Hotel Roca Negra del Arenal,alojamiento,booking,nl,"Es muy agradable tener tu bungalow independiente, mucho espacio. Había un fuerte olor a perro en la habitación.",
Belle chambre donnant sur un superbe jardin et magnifique vue du volcan Arenal. Belle piscine et joli coin de repos et jeux . Le bruit de la route à côté de la piscine,5,Hotel Roca Negra del Arenal,alojamiento,booking,fr,Hermosa habitación con vista a un magnífico jardín y magnífica vista al volcán Arenal. Hermosa piscina y agradable área de descanso y juegos. Ruido de la carretera al lado de la piscina.,
"Großer Bungalow, großer Badebereich, toll. Terrasse inmitten eines wunderbaren Gartens, man sieht hier unzählige Vögel! Personal freundlich, immer ansprechbar. Kaffee/Tee kann man sich zentral zubereiten, gute Idee. Wir waren bereits das 2.Mal in dieser Unterkunft, weil es so schön ist!",5,Hotel Roca Negra del Arenal,alojamiento,booking,de,"Amplio bungalow, gran zona de baño, genial. Terraza en medio de un maravilloso jardín, ¡aquí puedes ver innumerables aves! Personal amable, siempre accesible. Puedes preparar café/té de forma centralizada, buena idea. ¡Esta es la segunda vez que nos hospedamos en este alojamiento porque es muy hermoso!",
Endroit excellent. Petit sentier et aménager pour les oiseaux et papillons.,5,Hotel Roca Negra del Arenal,alojamiento,booking,fr,Excelente lugar. Camino pequeño y diseñado para pájaros y mariposas.,
De tuin en uitzicht. Huisje zag er iets gedateerd uit van binnen.,5,Hotel Roca Negra del Arenal,alojamiento,booking,nl,El jardín y la vista. La casa parecía un poco anticuada por dentro.,
"Un véritable coup de cœur pour cet hôtel. 
Le cadre est magnifique, le jardin est très bien entretenu, piscine et jacuzzi pour le bonheur des grands et des petits. 
Les logements sont spacieux, propres et bien décorés.
Petits déjeuners très bons. La connexion wifi à améliorer à l’intérieur du logement.",5,Hotel Roca Negra del Arenal,alojamiento,booking,fr,"Un verdadero favorito para este hotel. 
El entorno es magnífico, el jardín está muy bien cuidado, piscina y jacuzzi para el deleite de grandes y pequeños. 
Las habitaciones son espaciosas, limpias y bien decoradas.
Muy buenos desayunos. Es necesario mejorar la conexión wifi dentro del alojamiento.",
"Eine sehr gute Lage mit Blick auf den Vulkan Arenal und eine wunderschöne Anlage mit vielen Pflanzen & Vögeln. Es gibt einen tollen Aufenthaltsbereich mit großem Swimminggool und heißem Whirlpool, Billard, Tischkicker, Tischtennis und hübsch gemachter Sitzecke. Auch eine Möglichkeit sich Kaffe & Tee zu kochen gibt es👍. Es war schon sehr hellhörig und somit entsprechend laut wenn man verschiedene Schlafens-und Aufstehzeiten hat. Aber so ist das auf Reisen eben und auch kein Minuspunkt.",5,Hotel Roca Negra del Arenal,alojamiento,booking,de,"Una muy buena ubicación con vista al Volcán Arenal y una hermosa zona con muchas plantas y aves. Hay una gran sala de estar con una gran piscina y bañera de hidromasaje, billar, futbolín, tenis de mesa y una zona de estar muy bien decorada. También existe la opción de preparar café y té. Era muy ruidoso y, por lo tanto, correspondientemente ruidoso si tienes diferentes horas de acostarse y despertarse. Pero así es cuando se viaja y no es un punto negativo.",👍
"Heerlijk park, van alle gemakken voorzien: koffiebarretje,  zwembad met ligstoelen,  overdekt pool/biljart/tafeltennis, wandelpaden door het park, alles prima in orde. In vergelijking tot recente accommodaties wat aan de duurdere kant. Ook lang een drukke doorgaande weg gelegen. Verder prima en prachtig park!",5,Hotel Roca Negra del Arenal,alojamiento,booking,nl,"Precioso parque, totalmente equipado: cafetería, piscina con tumbonas, piscina cubierta/billar/ping pong, senderos para caminar por el parque, todo en perfecto estado. En comparación con alojamientos recientes, un poco más caro. También ubicado a lo largo de una calle principal muy transitada. Además, excelente y hermoso parque!",
Le cadre et les équipements sont d’un bon niveau Ras,5,Hotel Roca Negra del Arenal,alojamiento,booking,fr,El entorno y el equipamiento son de buen nivel.,
"Jacuzzi, Garden, Room, Poolbillard Ein Herd in der gemeinschaftlich genutzten Outdoor-Küche wäre hilfreich",5,Hotel Roca Negra del Arenal,alojamiento,booking,de,"Jacuzzi, jardín, habitación, piscina, billar. Sería útil tener una estufa en la cocina exterior compartida.",
Keurig ruim huisje in mooi park met fijn terras. Er zaten bloedvlekken op een van de lakens. Maar dat zagen we gelukkig pas toen we weggingen.,5,Hotel Roca Negra del Arenal,alojamiento,booking,nl,Casa espaciosa y cuidada en un hermoso parque con una bonita terraza. Había manchas de sangre en una de las sábanas. Pero afortunadamente eso sólo lo vimos cuando nos fuimos.,
"Tout était parfait !! Magnifique surtout les jardins et le coin piscine
On a eu le bonheur d'y observer des toucans des colibris Rien",5,Hotel Roca Negra del Arenal,alojamiento,booking,fr,"¡¡Todo fue perfecto!! Magnífico especialmente los jardines y la zona de la piscina.
Tuvimos el placer de observar tucanes y colibríes. Nada",
"Hôtel situé dans un magnifique jardin .
Piscine et jaccusi un plus pour la détente après une journée intense ..
Le personnel vraiment sympathique que se soit à la réception comme au petit déjeuner. 
Restaurants et magasins à proximité. Rien à dire ...pour nous tout était parfait !",5,Hotel Roca Negra del Arenal,alojamiento,booking,fr,"Hotel situado en un magnífico jardín.
Piscina y jaccusi un plus para relajarse después de un día intenso..
El personal es realmente amable, tanto en recepción como en el desayuno. 
Restaurantes y tiendas cercanas. Nada que decir... ¡para nosotros todo fue perfecto!",
"Tout ! La chambre très confortable, la vue sur le volcan, une végétation luxuriante, la piscine et le tout décoré avec beaucoup de goûts. J’ai tellement aimé que je n’ai pas trouvé de point négatif.",5,Hotel Roca Negra del Arenal,alojamiento,booking,fr,"Todo ! La habitación muy cómoda, la vista al volcán, vegetación exuberante, la piscina y todo decorado con mucho gusto. Me gustó tanto que no pude encontrar ningún punto negativo.",
"De huisjes lagen in een grote tuin vol met exotische planten. Vanuit het huisje zag je de vulkaan. Het huisje, een zitje bij het zwembad, de ontbijtruimte, overal was alles met veel kleur en liefde aan gekleed.
Personeel (zoals Elisabeth) vriendelijk en behulpzaam. 2 km van La Fortuna met veel souvenirshops en restaurants. Grote supermarkt onderweg naar La Fortuna. Veel activiteiten/bezienswaardigheden binnen een half uur.
Welness Tabacon Spa & Hotspring is ongeëvenaard prachtig (forse entree, maar zeker waard). -",5,Hotel Roca Negra del Arenal,alojamiento,booking,nl,"Las casas estaban ubicadas en un gran jardín lleno de plantas exóticas. Se podía ver el volcán desde la casa. La casa, un asiento junto a la piscina, el desayunador, todo estaba decorado con mucho color y amor.
El personal (como Elisabeth) es amable y servicial. A 2 km de La Fortuna con muchas tiendas de souvenirs y restaurantes. Gran supermercado camino a La Fortuna. Muchas actividades/lugares de interés en media hora.
Welness Tabacon Spa & Hotspring es incomparable en belleza (la entrada es elevada, pero definitivamente vale la pena). -",
"Absolument tout! La gentillesse du personnel, la propreté, la sécurité, le confort de la literie, les petits déjeuners exceptionnels, la vegetation luxuriante, les animaux (les colibris juste devant la terrasse!!), les toucans, agoutis, la piscine, le jacuzzi, l'espace jeux, l'emplacement parfait pour faire les excursions, les sodas et restos juste à côté... Nous avons passé une semaine au paradis! Rien à redire, tout était parfait! Pour les adultes comme pour les enfants :-)",5,Hotel Roca Negra del Arenal,alojamiento,booking,fr,"¡Absolutamente todo! La amabilidad del personal, la limpieza, la seguridad, la comodidad de la ropa de cama, los desayunos excepcionales, la exuberante vegetación, los animales (¡¡los colibríes justo en frente de la terraza!!), los tucanes, agutíes, la piscina, el jacuzzi, la zona de juegos, la ubicación perfecta para excursiones, los refrescos y restaurantes justo al lado... ¡Pasamos una semana en el paraíso! No hay nada de qué quejarse, ¡todo fue perfecto! Para adultos y niños por igual :-)",
"Haveanlægget, man ser masser af fugle fra sin terasse Kun kontant betaling",5,Hotel Roca Negra del Arenal,alojamiento,booking,da,"Las instalaciones del jardín, puedes ver muchas aves desde tu terraza Solo pago en efectivo",
"Roca Negra ist eine sehr liebevoll angelegte und gepflegte Hotel / Bungalow Anlage. Die ganze Anlage gleicht einem idyllischen Garten mit zahlreichen Pflanzen, Blumen und Bäumen/Palmen. Dazwischen sind die Bungalows.
Die Bungalows sind über grüne Gehwege (wie künstlicher Rasen) mit der Reception, Frühstücksraum, Spielraum, Sitzplätze und Swimming Pool verbunden.
Das Auto wird neben dem Bungalow geparkt.
Schöner Pool Platz mit geheiztem Jacuzzi.
Das leckere Frühstück wird ab Karte bestellt.

Von unserem Bungalow aus hatten wir freie Sicht auf den Vulkan Arenal. Leider war er bis auf einen kurzen Moment ständig teilweise in Wolken. Geschuldet an den starken Niederschlägen die Tage zuvor, hohe Luftfeuchtigkeit.
Der Bungalow Eingang erfolgt über eine gemütliche Veranda mit 2 tollen Liegestühlen aus Holz.
Schaukelnd konnten wir so den Vulkan sowie verschiedene Vögel in unserem Garten beobachten.
Auch 1 Kolibri drehte wiederholt seine Runden beim Nektar suchen.

Die Hotelmanagerin ist eine sehr aufgestellte Dame mit viel Humor :D
Wir wären am liebsten einige Tage länger geblieben.
Für Ausflüge in der Arenal Gegend liegt das Hotel sehr gut.
Zahlreiche Restaurants können zu Fuss erreicht werden.
Ein Hotel mit feinem Essen ist gerade gegenüber.
Die kleine Stadt ist mit dem Auto in 5min. zu erreichen. 
Das nächste Mal in dieser Gegend, sehr gerne wieder hier im Roca Negra.",5,Hotel Roca Negra del Arenal,alojamiento,booking,de,"Roca Negra es un complejo de hotel/bungalow diseñado y mantenido con mucho cariño. Todo el complejo parece un jardín idílico con numerosas plantas, flores y árboles/palmeras. En el medio están los bungalows.
Los bungalows están conectados con la recepción, la sala de desayunos, la sala de juegos, los asientos y la piscina a través de pasillos verdes (como césped artificial).
El coche está aparcado al lado del bungalow.
Bonito espacio de piscina con jacuzzi climatizado.
El delicioso desayuno se pide del menú.

Desde nuestro bungalow teníamos una vista clara del Volcán Arenal. Desafortunadamente, excepto por un breve momento, siempre estuvo parcialmente nublado. Debido a las fuertes precipitaciones de los días anteriores, elevada humedad.
La entrada al bungalow se realiza a través de un acogedor porche con 2 grandes tumbonas de madera.
Pudimos observar el volcán y varias aves en nuestro jardín mientras nos balanceábamos.
1 colibrí también hizo repetidas vueltas en busca de néctar.

La directora del hotel es una señora muy alegre y con mucho humor :D
Nos hubiera gustado quedarnos unos días más.
El hotel está muy bien situado para realizar excursiones por la zona del Arenal.
Se puede llegar a pie a numerosos restaurantes.
Justo enfrente hay un hotel con buena comida.
El pequeño pueblo está a 5 minutos en coche. para llegar. 
La próxima vez en esta zona, me encantaría quedarme aquí en Roca Negra.",
"Private Unterkunft mit Garten und Hängematte, nicht einsehbar, relativ ruhige Unterkunft und trotzdem gut gelegen, sehr gut gepflegte Anlage, schöner Pool Eingeschränkte Möglichkeiten und Equipment, um sich selbst zu versorgen",5,Hotel Roca Negra del Arenal,alojamiento,booking,de,"Alojamiento privado con jardín y hamaca, sin vecinos, alojamiento relativamente tranquilo pero bien ubicado, complejo muy bien cuidado, bonita piscina. Opciones y equipamiento limitados para autoservicio.",
Chambre isolée Aurions aimé avoir cafetière et toaster dans la chambre,5,Hotel Roca Negra del Arenal,alojamiento,booking,fr,Habitación aislada. Me hubiera gustado tener cafetera y tostadora en la habitación.,
Tolle Anlage und sehr freundliches Personal. Zimmer sind sehr großzügig und sauber. Top Empfehlung,5,Hotel Roca Negra del Arenal,alojamiento,booking,de,Excelentes instalaciones y personal muy amable. Las habitaciones son muy espaciosas y limpias. Recomendación superior,
"Coup de cœur pour notre balcon avec de grosses chaises berçantes en cuir d’où nous avons observé les oiseaux. Le seul point négatif c’est qu’il n’y a pas de trottoir sur la rue pour se rendre au restaurant ou autre commerce, mais ça n’a rien n’a avoir avec l’établissement.",5,Hotel Roca Negra del Arenal,alojamiento,booking,fr,"Nos enamoró nuestro balcón con grandes mecedoras de cuero desde donde observábamos los pájaros. El único punto negativo es que no hay acera en la calle para llegar al restaurante u otro negocio, pero eso no tiene nada que ver con el establecimiento.",
Les petits déjeuners n’étaient pas très recherchés.,5,Hotel Roca Negra del Arenal,alojamiento,booking,fr,Los desayunos no eran muy populares.,
"Bed, buitenstoelen op terras van het huisje, hangmat, tuin Dicht bij doorgaande weg",5,Hotel Roca Negra del Arenal,alojamiento,booking,nl,"Cama, sillas de exterior en la terraza de la casa, hamaca, jardín Cerca de vía principal",
"La vue magnifique sur le volcan. La qualité de la literie. La terrasse avec le hamac. La situation à côté des parcs et des restaurants. Mauvaise isolation, on entendait tout ce qui se disait a côté. 
Le fait de devoir payer en liquide. Le retrait a été fait en colones, et le prix était affiché en $, la gérante a fait la conversion selon son taux. On a donc perdu des sous et payé des frais en retirant de l’argent plutôt qu’en payant en CB + perte d’argent avec la conversion.",5,Hotel Roca Negra del Arenal,alojamiento,booking,fr,"La magnífica vista del volcán. La calidad de la ropa de cama. La terraza con la hamaca. La ubicación al lado de parques y restaurantes. Mal aislamiento, se oía todo lo que se decía al lado. 
Tener que pagar en efectivo. El retiro se realizó en columnas y el precio se mostró en $, el gerente realizó la conversión según su tarifa. Por lo tanto, perdimos dinero y pagamos tarifas retirando dinero en lugar de pagar con tarjeta de crédito + pérdida de dinero con la conversión.",
"Das Hotel glänzt vor allem durch seine Anlage. Der Garten ist wunderschön und es gibt überall tolle Sitzgelegenheiten!
Die Zimmer sind groß und sauber, die Betten okay.
Für 7$ bekommt man ein zu diesem Preis gutes Frühstück.
Der Pool ist sehr schön!
Das Personal ist sehr freundlich! Das Wlan ist sehr schwach!
Leider fehlen an den Fenstern Mückengitter!
Bei Regen sind die Terrassenfliesen sehr rutschig - aufpassen!",5,Hotel Roca Negra del Arenal,alojamiento,booking,de,"El hotel destaca sobre todo por sus instalaciones. ¡El jardín es hermoso y hay excelentes asientos en todas partes!
Las habitaciones son grandes y limpias, las camas están bien.
Por $7 obtienes un buen desayuno por este precio.
La piscina es muy bonita!
¡El personal es muy amable! ¡El WiFi es muy débil!
¡Desafortunadamente no hay mosquiteras en las ventanas!
Cuando llueve, las baldosas de la terraza resbalan mucho, ¡cuidado!",
"Прекрасное место. Все красиво и хорошо. Я курящий, нельзя курить на территории.",5,Hotel Roca Negra del Arenal,alojamiento,booking,ru,"Gran lugar. Todo es hermoso y bueno. Soy fumador, no está permitido fumar en el recinto.",
"Wunderschönes kleineres und einfaches  Hotel, das alles hat was nötig ist. Die Zimmer haben alle eine schöne Veranda mit Schaukelstühle sowie Amak und der Garten hat viele schönen Blumen und Vögel. Eugenia ist super nett und sehr hilfsbereit. -",5,Hotel Roca Negra del Arenal,alojamiento,booking,de,Precioso hotel pequeño y sencillo que tiene todo lo necesario. Todas las habitaciones tienen una hermosa terraza con mecedoras y amak y el jardín tiene muchas flores y pájaros hermosos. Eugenia es super simpática y muy servicial. -,
"La vue sur le volcan depuis la terrasse est magnifique, même si des nuages sont fréquents.

La chambre est bien isolée, calme et équipée de rideaux occultants. L’air conditionné n’est pas trop fort, juste ce qu'il faut.

La végétation est incroyable. Le jacuzzi fait plaisir! Il n'y a ni restaurant ni bar dans l'hôtel.

Le petit-déjeuner n'est pas inclus dans le prix.",5,Hotel Roca Negra del Arenal,alojamiento,booking,fr,"La vista del volcán desde la terraza es magnífica, aunque las nubes son frecuentes.

La habitación está bien aislada, es tranquila y está equipada con cortinas opacas. El aire acondicionado no es demasiado fuerte, sólo lo suficiente.

La vegetación es increíble. ¡El jacuzzi es un placer! No hay restaurante ni bar en el hotel.

El desayuno no está incluido en el precio.",
Ruime schone kamer en vriendelijke eigenaresse. Ook een fijn terras voor de bungalow met uitzicht op groen.,5,Hotel Roca Negra del Arenal,alojamiento,booking,nl,Habitación espaciosa y limpia y dueño amable. También una bonita terraza delante del bungalow con vistas a la vegetación.,
"Sehr schöner Garten, viele Pflanzen, Blüten, Kolibris. Ein schöner Pool, sehr schöne gepflegte Anlage. Nicht zu groß. Man kann nur bar zahlen.
Es gibt keinen Schrank und keine Haken um etwas aufzuhängen im Zimmer. (Im Bad sind jedoch einige Kleiderbügel an einer Art Kleiderständer.)",5,Hotel Roca Negra del Arenal,alojamiento,booking,de,"Muy lindo jardín, muchas plantas, flores, colibríes. Una bonita piscina, una zona muy bonita y bien cuidada. No demasiado grande. Sólo puedes pagar en efectivo.
No hay armario ni ganchos para colgar nada en la habitación. (Sin embargo, hay algunas perchas en una especie de perchero en el baño).",
"So eine toll angelegte Anlage! Blumen und Vögel wohin man schaut. Einfach den Tag im Schaukelstuhl vorm Zimmer oder am Pool ausklingen lassen. Zentral gelegen, sehr freundliches Personal,  gute Betten, alles bestens Nichts",5,Hotel Roca Negra del Arenal,alojamiento,booking,de,"¡Qué instalaciones tan bellamente diseñadas! Flores y pájaros por dondequiera que mires. Simplemente termine el día en la mecedora frente a su habitación o junto a la piscina. Céntrico, personal muy amable, buenas camas, todo estuvo bien. Nada",
Accueil parfait.,5,Hotel Roca Negra del Arenal,alojamiento,booking,unknown,Accueil parfait.,
Tolle Anlage mit schönem Pool und Freizeitbereich. Zimmer sind groß und haben eine schöne Veranda. Preis-/Leistungsangebot beim Frühstück,5,Hotel Roca Negra del Arenal,alojamiento,booking,de,Gran complejo con una bonita piscina y zona de ocio. Las habitaciones son grandes y tienen una bonita terraza. Oferta precio/rendimiento en el desayuno.,
El desayuno estaba  bueno,5,Hotel Roca Negra del Arenal,alojamiento,booking,es,El desayuno estaba  bueno,
"Le jardin est super beau. L'emplacement est pratique, facile d'accès, proche des restaurants et des activités. On peut se garer à côté de la chambre. Il manquait de chaises et une petite table dans la chambre.",5,Hotel Roca Negra del Arenal,alojamiento,booking,fr,"El jardín es súper hermoso. La ubicación es conveniente, de fácil acceso, cerca de restaurantes y actividades. Puedes aparcar al lado de la habitación. En la habitación faltaban sillas y una mesa pequeña.",
"Die Lage ist ideal für viele Aktivitäten. Die Unterkunft liegt etwas ausserhalb von La Fortuna, es gibt aber einige Restaurants, alle sind zu Fuss erreichbar. Die Anlage ist sehr schön und gepflegt, mit Pool und Jacuzzi. Das Personal ist freundlich und hilfsbereit. Leider konnte aus Personalmangel kein Frühstück angeboten werden.",5,Hotel Roca Negra del Arenal,alojamiento,booking,de,"La ubicación es ideal para muchas actividades. El alojamiento se encuentra un poco a las afueras de La Fortuna, pero hay algunos restaurantes, todos a poca distancia. El complejo es muy bonito y bien mantenido, con piscina y jacuzzi. El personal es amable y servicial. Lamentablemente no se pudo ofrecer el desayuno por falta de personal.",
Helaas geen ontbijt tijdens de dagen dat wij er waren.,5,Hotel Roca Negra del Arenal,alojamiento,booking,nl,Lamentablemente no hubo desayuno durante los días que estuvimos allí.,
"Wij zaten in een prachtig huisje met fijne bedden en ruime badkamer. Het uitzicht vanaf de veranda op de vulkaan was prachtig. Alle huisjes staan in een grote tuin met mooie planten, bloemen en veel vogels. Föhn is niet heel krachtig… vrouwendingetje ;-)",5,Hotel Roca Negra del Arenal,alojamiento,booking,nl,"Nos alojamos en una hermosa casa con buenas camas y un baño espacioso. La vista desde la terraza del volcán era hermosa. Todas las casas están en un gran jardín con hermosas plantas, flores y muchos pájaros. El secador de pelo no es muy potente... cosa de mujeres ;-)",
Wir hatten einen eigenen bungalow der viel Platz bot mit guter Ausstattung. Das Bad war groß und relativ neu. Auf der Terrasse vor dem bungalow konnte man wunderbar den tollen Ausblick auf den vulkan genießen und unzählige Vögel beobachten. Die Außenanlage ist schön gestaltet und der Pool einladend. Es gab zudem eine kleine outdoorküche bei der man den ganzen Tag kostenlos Tee oder kaffe bekam. Wir haben uns hier auch Obst und sandwiches zubereitet. Es war einer der besten Aufenthalte in unserem costa rica Urlaub. Zudem befinden sich einige Restaurants und Bars in der Nähe. War alles super.,5,Hotel Roca Negra del Arenal,alojamiento,booking,de,Teníamos nuestro propio bungalow que ofrecía mucho espacio y estaba bien equipado. El baño era grande y relativamente nuevo. En la terraza frente al bungalow se puede disfrutar de la gran vista del volcán y observar innumerables aves. El área al aire libre está bellamente diseñada y la piscina es atractiva. También había una pequeña cocina al aire libre donde se podía tomar té o café gratis durante todo el día. Aquí también preparábamos fruta y bocadillos. Fue una de las mejores estadías en nuestras vacaciones en Costa Rica. También hay algunos restaurantes y bares cercanos. Todo fue genial.,
"Sehr freundliches Personal, kleine Küche für jeden, Kaffee zum selber machen incl. 
Toller Garten mit vielen Blumen und landestypischen Gewächsen",5,Hotel Roca Negra del Arenal,alojamiento,booking,de,"Personal muy amable, pequeña cocina para todos, café para hacerse incluido. 
Gran jardín con muchas flores y plantas locales.",
"Wunderschöne Hotelanlage mit tropischem Garten. Dadurch werden viele Kolibris und Vögel angelockt. Frühstück sehr lecker, direkt neben dem schönen Pool darf gegessen werden. Aussicht direkt auf den Vulkan el Arenal. Personal sehr freundlich. Ein Hahn der morgens früh schreit und die Hotelgäste weckt.",5,Hotel Roca Negra del Arenal,alojamiento,booking,de,"Precioso complejo hotelero con jardín tropical. Esto atrae a muchos colibríes y pájaros. El desayuno era muy rico, puedes comer justo al lado de la hermosa piscina. Vista directa del volcán Arenal. El personal es muy amable. Un gallo que llora temprano en la mañana y despierta a los huéspedes del hotel.",
"La vue exceptionnelle sur le volcan
Tres bon confort
Cafe et the offert
Personnel sympathique 
Table de jeu à disposition",5,Hotel Roca Negra del Arenal,alojamiento,booking,fr,"La vista excepcional del volcán.
muy buen confort
Se ofrece café y té.
Personal amable 
Mesa de juego disponible",
"La chambre au top ,grand lit de 2 mètres, climatisation, .Petit plus le hamac et les 2 fauteuils confort devant la casa .Vue exceptionelle sur le volcan .Jardin magnifique avec de nombreux oiseaux . Coin piscine très joli 
Personnel très gentil et accueillant.  Hotel proche des restos , et des piscines thermales . Dommage que le soir nous ne pouvions pas boire un verre à l'hôtel. . Peut être parce que nous étions hors saison haute .",5,Hotel Roca Negra del Arenal,alojamiento,booking,fr,"La habitación de arriba, cama grande de 2 metros, aire acondicionado, poco más la hamaca y los 2 sillones cómodos frente a la casa. Vista excepcional del volcán. Magnífico jardín con muchas aves. Zona de piscina muy bonita. 
Personal muy amable y acogedor.  Hotel cerca de restaurantes y piscinas termales. Lástima que no pudimos tomar una copa en el hotel por la noche. . Quizás porque estábamos fuera de temporada alta.",
"Die Zimmer sind gut eingerichtet, mit einer schönen Terrasse, in einem großen Garten. Der Garten wird von vielen Vögeln  (Kolibris und viele andere) besucht. Die Lage des Hotels ist gut, sehr ruhig, wenige Km vor Fortuna. Um in das Hotelgelände zu fahren muss man einen Code in einem Keyboard eingeben um das Tor zu öffnen. Die Zahlen stehen neben den Tasten und sind nicht beleuchtet. Wenn man bei Dunkelheit zurück kommt (im Oktober war es um 17:30 dunkel) braucht man eine Taschenlampe um die richtigen Tasten zu drücken.",5,Hotel Roca Negra del Arenal,alojamiento,booking,de,"Las habitaciones están bien amuebladas, con una bonita terraza en un gran jardín. El jardín es visitado por muchas aves (colibríes y muchas otras). La ubicación del hotel es buena, muy tranquila, a pocos kilómetros de Fortuna. Para entrar en el recinto del hotel hay que introducir un código en un teclado para abrir la puerta. Los números están al lado de las teclas y no están iluminados. Si regresa después del anochecer (en octubre oscurecía a las 5:30 p. m.), necesitará una linterna para presionar los botones correctos.",
"Grote bedden met fijne kussens
Aardig personeel wat je helpt bij het maken van tours
Mooi uitzicht op de vulkaan Als je geen vervoer hebt is het niet dicht bij de hoofdstraat van La Fortuna.",5,Hotel Roca Negra del Arenal,alojamiento,booking,nl,"Camas grandes con bonitas almohadas.
Personal agradable que te ayuda a hacer tours.
Linda vista del volcán Si no tienes transporte no está cerca de la calle principal de La Fortuna.",
"Wunderschöne Anlage mit vielen Blumen und Tieren, einem tollen Poolbereich und jeder Menge Dinge zu tun (Tischkiker, Billard, Spieleecke, Tischtennis uvm.)
Blick auf Vulkan Kein Faultier gesehen",5,Hotel Roca Negra del Arenal,alojamiento,booking,de,"Precioso complejo con muchas flores y animales, una gran zona de piscina y muchas cosas que hacer (futbolín, billar, zona de juegos, tenis de mesa y mucho más).
Vista del volcán No se ve perezoso",
Le cri des animaux au petit matin Confort du mobilier,5,Hotel Roca Negra del Arenal,alojamiento,booking,fr,El llanto de los animales a primera hora de la mañana. Comodidad de los muebles.,
"Heel knus park met huisjes als kamers. Alles is ruim opgezet, je hebt veel privacy. Ons huisje was net nieuw met een mooie badkamer. Wij hadden uitzicht op de Arenal vanaf ons huisje. De tuin is goed onderhouden en zit vol leuke vogels. Het ontbijt was heerlijk (lekkerste pancakes van heel onze reis hebben we daar gegeten!). Het zwembad en jacuzzi zijn ook helemaal top. De locatie is goed: je zit niet in de drukte van La Fortuna, maar kunt daar wel snel naartoe. Ging prima met onze huurauto. Niet al het personeel spreekt even goed Engels. Wij hadden last van mini miertjes in ons huis, maar dat hoort ook een beetje bij Costa Rica. Er is een kippenren aanwezig op het terrein, waar ook een haan bij zit. Wij zaten vrij ver achterin het park (nr 14), maar als je dichterbij de receptie zit, dan hoor je de haan vermoedelijk wel 's ochtends. Oordoppen mee dus!",5,Hotel Roca Negra del Arenal,alojamiento,booking,nl,"Parque muy acogedor con casas como habitaciones. Todo es espacioso, tienes mucha privacidad. Nuestra casa era nueva y tenía un hermoso baño. Teníamos una vista del Arenal desde nuestra casa. El jardín está bien mantenido y lleno de agradables pájaros. El desayuno era delicioso (¡tuvimos los panqueques más sabrosos de todo nuestro viaje allí!). La piscina y el jacuzzi también son geniales. La ubicación es buena: no estás en el bullicio de La Fortuna, pero puedes llegar rápidamente. Fue bien con nuestro coche de alquiler. No todo el personal habla inglés igual de bien. Tuvimos problemas con mini hormigas en nuestra casa, pero eso también es parte de Costa Rica. En la propiedad hay un gallinero, que también tiene un gallo. Estábamos bastante atrás en el parque (nº 14), pero si estás más cerca de la recepción, probablemente oirás el gallo por la mañana. ¡Así que trae tapones para los oídos!",
"En fantastisk hage med mange sittegrupper over alt med fine møbler. Svømmebasenget med stoler og bord i nærheten. Hagegangene gjør at alt virker meget privat Det var ingen Restaurant bare frokost,men kaffe og te var fritt tilgjengelig",5,Hotel Roca Negra del Arenal,alojamiento,booking,no,"Un maravilloso jardín con muchas zonas para sentarse por todas partes con muebles finos. La piscina con sillas y mesas cercanas. Los senderos del jardín hacen que todo parezca muy privado. No había restaurante, solo desayuno, pero había café y té disponibles gratuitamente.",
"De receptioniste ontving ons met veel enthousiasme. Het verblijf is daarnaast van alle gemakken voorzien. Een gunstige locatie, fijn zwembad en hygiënisch. Het ligt naast een drukke weg waardoor je de auto's ook goed hoort aan het zwembad.",5,Hotel Roca Negra del Arenal,alojamiento,booking,nl,"La recepcionista nos recibió con mucho entusiasmo. El alojamiento también está totalmente equipado. Una ubicación conveniente, bonita piscina e higiene. Está situado al lado de una calle muy transitada, por lo que se pueden oír claramente los coches en la piscina.",
"Wir sind wirklich wunschlos glücklich gewesen.
Es war das beste Hotel auf unserer Rundreise und einen besseren Abschluss hätte man sich nicht wünschen können.
Wir haben uns rundum wohl gefühlt, das Personal war aufmerksam und sehr sehr freundlich. Das Frühstück war top und wir haben den Pool und den Billard Tisch sehr gut nutzen können.
Die Anlage ist top gepflegt und die Zimmer sehr großzügig.
Man sieht sehr sehr viele Tiere, mehr als bei den Besuchen in den Naturschutzgebieten und Nationalparks zusammen.
Danke für diese tollen 4 Tage! Es gab rein gar nichts zu beanstanden.",5,Hotel Roca Negra del Arenal,alojamiento,booking,de,"Estábamos realmente completamente felices.
Fue el mejor hotel de nuestro viaje y no podríamos haber deseado un final mejor.
Nos sentimos completamente cómodos, el personal fue atento y muy, muy amable. El desayuno era fantástico y pudimos hacer buen uso de la mesa de billar y billar.
Las instalaciones están bien mantenidas y las habitaciones son muy espaciosas.
Ves muchos animales, más que cuando visitas las reservas naturales y los parques nacionales juntos.
¡Gracias por estos fantásticos 4 días! No había absolutamente nada de qué quejarse.",
"Prachtige tuin, fijn zwembad, goed ontbijt, veel plekjes om te relaxen. Er zijn veel spelletjes aanwezig en er is zelfs een pooltafel en een pingpong tafel. Het personeel is super vriendelijk en heeft ons zelfs een keer afgezet bij een tour omdat ze ons toevallig tegenkwam. Ook kregen we een gratis upgrade naar een mooiere kamer, echt fantastisch! Het hotel ligt ongeveer een half uurtje lopen van La Fortuna, goed om te weten als je geen auto hebt. Er zijn wel Ubers beschikbaar.",5,Hotel Roca Negra del Arenal,alojamiento,booking,nl,"Hermoso jardín, bonita piscina, buen desayuno, muchos lugares para relajarse. Hay muchos juegos disponibles e incluso hay una mesa de billar y una mesa de ping pong. El personal es muy amable e incluso nos dejaron en un recorrido una vez porque nos vieron. También recibimos un ascenso gratuito a una habitación más bonita, ¡realmente fantástico! El hotel está a aproximadamente media hora a pie de La Fortuna, es bueno saberlo si no tienes coche. Hay Ubers disponibles.",
"Zimmer, Sauberkeit, Pool/Whirlpool, Gartenanlage. Top! Nichts

Anmerkung: Ohne Auto ca. 30 Min. zu Fuß bis La Fortuna",5,Hotel Roca Negra del Arenal,alojamiento,booking,de,"Habitaciones, limpieza, piscina/jacuzzi, jardines. ¡Arriba! nada

Nota: Sin coche, aprox. 30 minutos a pie hasta La Fortuna",
Das Hotel hat einen wunderschönen Garten.,5,Hotel Roca Negra del Arenal,alojamiento,booking,de,El hotel tiene un hermoso jardín.,
Locatie,5,Hotel Roca Negra del Arenal,alojamiento,booking,unknown,Locatie,
"la chambre est un petit bungalow très confortable avec hamac , petite kitchenette dans l'hôtel en libre service pour se faire des salades le soir , 
personnels très sympathique 
piscine agréable rien",5,Hotel Roca Negra del Arenal,alojamiento,booking,fr,"la habitación es un pequeño bungalow muy cómodo con hamaca, pequeña cocina del hotel con autoservicio para preparar ensaladas por la noche, 
personal muy amable 
bonita piscina nada",
Sehr schöne und gepflegte Anlage. Viele tolle Vögel. Schöner Pool. Gute Lage zu Restaurants. Dennoch ruhig,5,Hotel Roca Negra del Arenal,alojamiento,booking,de,Instalaciones muy bonitas y bien mantenidas. Muchas aves geniales. Bonita piscina. Buena ubicación para restaurantes. Todavía tranquilo,
On a exigé le règlement en cash. Un excellent hôtel avec un spa et une piscine fort sympathique.  Quelle fabuleuse vue du volcan au milieu d un parc rempli d'oiseaux. Une chambre spacieuse et charmante.,5,Hotel Roca Negra del Arenal,alojamiento,booking,fr,Exigimos el pago en efectivo. Un excelente hotel con un muy bonito spa y piscina.  Qué vista tan fabulosa del volcán en medio de un parque lleno de aves. Una habitación espaciosa y encantadora.,
"Sehr freundliches und hilfsbereites Personal (insbesondere bei der Auswahl von Aktivitäten / Tagestouren) - ausserdem wurden wir beim Check-in einmal durch die komplette Anlage geführt.
Die Anlage ist sehr schön gepflegt und es führen kleine Wege durch den dicht bewachsenen Garten.
Pool und Jacuzzi sind ein Highlight.
Wir hatten einen direkten Blick auf den Vulkan von unserem Zimmer aus - Zimmer war sauber und mit dem nötigsten ausgestattet. Wir hatten einmal das Frühstück ausprobiert - dies war in Ordnung, aber wir haben es bei diesem einen mal belassen.",5,Hotel Roca Negra del Arenal,alojamiento,booking,de,"Personal muy amable y servicial (especialmente al seleccionar actividades/excursiones de un día). También nos mostraron todo el complejo al momento del check-in.
El complejo está muy bien cuidado y hay pequeños senderos que atraviesan el jardín densamente cubierto de maleza.
La piscina y el jacuzzi son lo más destacado.
Teníamos una vista directa del volcán desde nuestra habitación; la habitación estaba limpia y equipada con lo esencial. Probamos el desayuno una vez, estuvo bien, pero lo dejamos así.",
"Wat een geweldige plek. Prachtig zo midden in een tuin. Leuke huisjes om te verblijven, echt een vakantie gevoel. 
Het personeel was aardig en behulpzaam.
Wij hebben genoten van de hottub bij het zwembad. De badkamer was simpel, maar voldoende.",5,Hotel Roca Negra del Arenal,alojamiento,booking,nl,"Qué gran lugar. Precioso en medio de un jardín. Bonitas casas para alojarse, una auténtica sensación de vacaciones. 
El personal fue agradable y servicial.
Disfrutamos del jacuzzi junto a la piscina. El baño era sencillo pero suficiente.",
"Schöne Anlage, viele Vögel, schöner Pool. Lage fußläufig zu ein paar Restaurants und Souvenir Läden.
Nicht so laut wie direkt in La Fortuna.
Wir würden wieder kommen. Der Vulkanblick war nicht so schön wie beschrieben",5,Hotel Roca Negra del Arenal,alojamiento,booking,de,"Bonitas instalaciones, muchas aves, bonita piscina. Ubicación a poca distancia de algunos restaurantes y tiendas de souvenirs.
No tan ruidoso como directamente en La Fortuna.
Volveríamos. La vista del volcán no era tan hermosa como se describe.",
propreté exemplaire. service à l'accueil exceptionnel. bon rapport qualité prix pour les dejeuners sur place. rien,5,Hotel Roca Negra del Arenal,alojamiento,booking,fr,limpieza ejemplar. servicio de recepción excepcional. Buena relación calidad-precio para almuerzos en el lugar. Nada,
"Super schöne Anlage, welche mit viel Aufwand gepflegt wird. Der Pool ist spitze und hat sogar einen beheizbaren Jacuzzi sowie Aussicht auf den Arenal. Alles in allem ein toller Ort für ein paar Tage in La Fortuna.",5,Hotel Roca Negra del Arenal,alojamiento,booking,de,"Instalaciones súper bonitas, que se mantienen con mucho esfuerzo. La piscina es genial e incluso tiene un jacuzzi climatizado y vistas al Arenal. Considerándolo todo un gran lugar para pasar unos días en La Fortuna.",
"Belles prestations, propreté, confort de la literie. Vue sur volcan arsenal. Jardin bien aménagé. Animaux en liberté. Piscine/jacuzzi, billard, ping pong. Coin café Thé en accès libre Piscine peu propre. Bord de route, parfois un peu bruyant.",5,Hotel Roca Negra del Arenal,alojamiento,booking,fr,"Hermosos servicios, limpieza, comodidad de la ropa de cama. Vista del volcán Arsenal. Jardín bien cuidado. Animales en libertad. Piscina/jacuzzi, billar, ping pong. Rincón de café Acceso gratuito al té Piscina no muy limpia. En carretera, a veces un poco ruidoso.",
Tutto molto curato Niente,5,Hotel Roca Negra del Arenal,alojamiento,booking,it,Todo muy bien cuidado. Nada,
"El hotel es lindo, cómodo, limpio y tiene todo lo que necesitas para un buen descanso.
El personal muy atento y el desayuno delicioso, aunque hay que pagarlo ya que no está incluido en la tarifa.",5,Hotel Roca Negra del Arenal,alojamiento,booking,es,"El hotel es lindo, cómodo, limpio y tiene todo lo que necesitas para un buen descanso.
El personal muy atento y el desayuno delicioso, aunque hay que pagarlo ya que no está incluido en la tarifa.",
Der Platz ist ein Traum.Mitten in der Narur,5,Hotel Roca Negra del Arenal,alojamiento,booking,de,El lugar es un sueño. En medio del Narur,
"L'emplacement, l'environnement magnifique de fleurs, l'aspect privé des habitations. Tout était parfait.",5,Hotel Roca Negra del Arenal,alojamiento,booking,fr,"La ubicación, el magnífico entorno de flores, el aspecto privado de las viviendas. Todo fue perfecto.",
"Super mooie tuin, heerlijk zwembad, ruime kamer met fijne verranda, lekker ontbijt en heel aardig personeel. Airconditioning deed het niet heel goed. Er was geen rekje om handdoeken em zwemkleding op te hangen zodat ze konden drogen.",5,Hotel Roca Negra del Arenal,alojamiento,booking,nl,"Precioso jardín, preciosa piscina, amplia habitación con bonita terraza, delicioso desayuno y personal muy agradable. El aire acondicionado no funcionaba muy bien. No había perchero para colgar toallas y trajes de baño para que pudieran secarse.",
"De lujo , no se puede pedir más , el trato del personal excelente, las vistas de lujo , el lugar un gran hotel . Tenerme que ir de ahí a otra ciudad .",5,Hotel Roca Negra del Arenal,alojamiento,booking,es,"De lujo , no se puede pedir más , el trato del personal excelente, las vistas de lujo , el lugar un gran hotel . Tenerme que ir de ahí a otra ciudad .",
"Es ist eine wunderschöne Anlage mit viel grün, vielen Blumen und man konnte viele Vögel beobachten. Die Lage ist super. Nicht mitten in der Stadt, dennoch sind Restaurants fussläufig erreichbar. Der Vulkan und Hot Springs sind sehr nah. Wir hatten das Häuschen ganz am Ende und hatten einen wunderbaren Ausblick auf den Vulkan (wenn das Wetter es zuliess). Die Kinder liebten den Pool und den Spielbereich mit Billiard, Pingpong etc. Das Personal war sehr aufmerksam und nett. Die Kinder durften auch einmal mit um Eier aus dem Stall zu holen. Sie liebten die vielen Tiere sowieso. Im Bungalow gab es kein WiFi, nur auf der Terrasse.",5,Hotel Roca Negra del Arenal,alojamiento,booking,de,"Es una zona preciosa con mucha vegetación, muchas flores y se pueden observar muchas aves. La ubicación es genial. No está en el centro de la ciudad, pero hay restaurantes a poca distancia. El volcán y las aguas termales están muy cerca. Teníamos la casa al final y teníamos una vista maravillosa del volcán (si el clima lo permite). A los niños les encantó la piscina y la zona de juegos con billar, ping pong, etc. El personal fue muy atento y agradable. A los niños también se les permitió ir a buscar huevos al establo. Amaban a todos los animales de todos modos. No había WiFi en el bungalow, sólo en la terraza.",
"Bel établissement, les logements sont spacieux avec petite terrasse privative, au calme entourée de verdure et de colibris. Bien équipé avec de quoi s’occuper, table de ping pong, baby foot… Règlement en espèces.",5,Hotel Roca Negra del Arenal,alojamiento,booking,fr,"Hermoso establecimiento, las habitaciones son espaciosas con una pequeña terraza privada, tranquila rodeada de vegetación y colibríes. Bien equipado con algo para mantenerte ocupado, mesa de ping pong, futbolín... Pago en efectivo.",
"Vriendelijke ontvangst door de eigenaresse en heel ruime, schone en comfortabele 1-kamer bungalows. Een prachtig uitzicht op de vulkaan vanaf een mooie veranda. De tuin is prachtig aangelegd en je ziet veel vogels, vlinders, kolibries en eekhoorns. Het zwembad en de spellen-plek met oa tafeltennis en poole zijn een leuke bonus. Koffie en thee de hele dag beschikbaar. De rest van het personeel was wat onverschillig.",5,Hotel Roca Negra del Arenal,alojamiento,booking,nl,"Cálida bienvenida por parte del propietario y bungalows de 1 habitación muy espaciosos, limpios y confortables. Una hermosa vista del volcán desde una hermosa terraza. El jardín está bellamente diseñado y se ven muchos pájaros, mariposas, colibríes y ardillas. La piscina y la zona de juegos con mesa de ping-pong y billar son una buena ventaja. Café y té disponibles todo el día. El resto del personal se mostró un poco indiferente.",
"Prachtig uitzicht, hele schone kamer, goed bed, geweldig personeel, we hadden een grote slang op de veranda (super cool), elke avond gebruik gemaakt van de pooltafel, lekker zwembad, veel winkels en restaurants naast het hotel. Niks viel tegen 👍🏻",5,Hotel Roca Negra del Arenal,alojamiento,booking,nl,"Hermosa vista, habitación muy limpia, buena cama, excelente personal, teníamos una manguera grande en la terraza (súper genial), usamos la mesa de billar todas las noches, una bonita piscina, muchas tiendas y restaurantes al lado del hotel. Nada fue decepcionante",👍🏻
"Sehr schöne Anlage in tropischem Garten mit  Pool. Da es oft geregnet hat, haben wir auch den Whirlpool gerne genutzt. Tolle Aussicht auf den Vulkan, sofern kein Nebel. Sehr leckeres Frühstück mit verschiedenen Optionen (Typical, American, Pancake). Der Spielbereich mit Billard, Tischtennis, etc. haben wir ebenfalls sehr gerne genutzt. 
Kühlschrank im Zimmer war praktisch und überraschend leise WLAN hat nicht funktioniert.
Leider keine Bar/Restaurant
Achtung: Übernachtung und Frühstück müssen bar bezahlt werden",5,Hotel Roca Negra del Arenal,alojamiento,booking,de,"Muy bonito complejo en un jardín tropical con piscina. Como llovía a menudo, también disfrutamos usando la bañera de hidromasaje. Gran vista del volcán, siempre que no haya niebla. Desayuno muy rico con diferentes opciones (Típico, Americano, Pancake). También disfrutamos usando la zona de juegos con billar, ping-pong, etc. 
La nevera de la habitación era útil y el WiFi sorprendentemente silencioso no funcionaba.
Desafortunadamente no hay bar/restaurante.
Atención: El alojamiento y el desayuno se deben pagar en efectivo.",
Wunderschöne Gartenanlage. Wir konnten viele Tiere beobachten. Sehr freundlicher und engagierter Service. Tolles Frühstück.,5,Hotel Roca Negra del Arenal,alojamiento,booking,de,Hermosos jardines. Pudimos observar muchos animales. Servicio muy amable y dedicado. Gran desayuno.,
"De vriendelijkheid van het personeel, de propere kamers, het privéterras met comfortabele zetels. De kamers liggen in een mooie omgeving. Je kan gratis handdoeken ontlenen voor het zwembad. Het ontbijt was prijs-kwaliteit ook zeker in orde. Niets",5,Hotel Roca Negra del Arenal,alojamiento,booking,nl,"La amabilidad del personal, las habitaciones limpias, la terraza privada con cómodos asientos. Las habitaciones están ubicadas en una zona preciosa. Puedes prestar toallas para la piscina de forma gratuita. El desayuno era sin duda una buena relación calidad-precio. Nada",
"Vraiment convivial, confortable et à proximité de tout.",5,Hotel Roca Negra del Arenal,alojamiento,booking,fr,"Realmente amigable, cómodo y cerca de todo.",
Elisa nous a très bien accueillies. Elle est sympathique et donne de bons conseils. L’entretien du site est sans reproche. Les lieux ( belle végétation et aménagement entre les unités) et la chambre sont vraiment beaux. La vue du volcan de notre terrasse est impressionnante!,5,Hotel Roca Negra del Arenal,alojamiento,booking,fr,Elisa nos hizo sentir muy bienvenidos. Ella es amigable y da buenos consejos. El mantenimiento del sitio es impecable. Los lugares (hermosa vegetación y distribución entre las unidades) y la habitación son realmente hermosos. ¡La vista del volcán desde nuestra terraza es impresionante!,
"Schöne Anlage, der Whirpool, gemütliches und großes Bett, toller Blick auf den Vulkan, super Personal, Parkplatz inklusive, gute Lage am Ende des Ortes. Wie würden gern wieder kommen! Am Pool hört man etwas die Straße, Frühstück nicht inklusive, aber für 8$ zu buchen, im Pool sind einige Fliesen abgegangen, am ein oder anderen Ende könnte etwas nachgebessert werden, siehe Fliesen im Pool oder defekter Safe.",5,Hotel Roca Negra del Arenal,alojamiento,booking,de,"Hermosas instalaciones, el jacuzzi, cama cómoda y grande, excelente vista al volcán, excelente personal, estacionamiento incluido, buena ubicación al final del pueblo. ¡Nos encantaría volver! En la piscina se escucha un poco la calle, el desayuno no está incluido pero se puede reservar por $8, se han desprendido algunos azulejos de la piscina, se podría mejorar algo en un extremo o en el otro, se ven azulejos en la piscina o caja fuerte rota.",
Piscine Déjeuner non inclus et paiement en argent seulement,5,Hotel Roca Negra del Arenal,alojamiento,booking,fr,Piscina Almuerzo no incluido y pago sólo en efectivo.,
"Grande chambre confortable. Délicieux déjeuner pour 7$ USD en bordure  de piscine à tous les matins.  Piscine propre, bien aménagée. L'ensemble du site est pensé pour nous donner de l'intimité. Les jardins sont luxuriants et bien entretenus. Le personnel, aimable et accueillant, nous donne l'impression d'être à la maison. Le bruit de la route est perceptible lorsque nous sommes au bord de la piscine puisque l'hôtel est situé sur la rue principale. Cependant, être sur la rue principale nous permet d'être près de la ville donc les restaurants sont facilement accessibles.",5,Hotel Roca Negra del Arenal,alojamiento,booking,fr,"Habitación grande y cómoda. Delicioso desayuno por $7 USD junto a la piscina todas las mañanas.  Piscina limpia y bien equipada. Todo el sitio está diseñado para brindarnos privacidad. Los jardines son exuberantes y están bien cuidados. El personal, amable y acogedor, nos hizo sentir como en casa. El ruido de la carretera se nota cuando estamos junto a la piscina ya que el hotel está situado en la calle principal. Sin embargo, estar en la calle principal nos permite estar cerca de la ciudad por lo que los restaurantes son de fácil acceso.",
"Top Lage und gehobene Ausstattung großzügig angelegter Bungalows mit Terrasse! Genialer Blick von der Terrasse in die Gartenanlage und auf den Vulkan Areal! Sehr geräumiges Zimmer und Bad, Parken direkt neben dem Bungalow. Wunderschöne eigene Parkanlage mit vielen Tieren (Tukane, viele Kolibris Dank Blütenpracht vor der Terrasse, Faultier, etc.). Nicht zu vergessen die überdachten Freizeitaktivitäten wie Billardtisch und Tischtennisplatte (insb. an Regentagen genial) + schöne hauseigene Poollandschaft mit überdachtem Whirlpool. Frühstücksangebot könnte verbessert werden. Allerdings war der Preis für das Frühstück auch sehr gering.",5,Hotel Roca Negra del Arenal,alojamiento,booking,de,"¡Excelente ubicación y mobiliario exclusivo de espaciosos bungalows con terraza! ¡Brillante vista desde la terraza hacia los jardines y el área del volcán! Habitación y baño muy amplios, parking justo al lado del bungalow. Precioso parque privado con muchos animales (tucanes, muchos colibríes gracias a las flores frente a la terraza, perezosos, etc.). Sin olvidar las actividades de ocio cubiertas, como mesa de billar y ping-pong (especialmente ideal en días lluviosos) + hermosa zona de piscina interna con jacuzzi cubierto. La oferta de desayuno podría mejorarse. Sin embargo, el precio del desayuno también era muy bajo.",
Très belle emplacement avec aménagement paysager soigné. Multiples végétaux et vue extraordinaire sur le volcan. Un peu trop près de la route pour le bruit.,5,Hotel Roca Negra del Arenal,alojamiento,booking,fr,Muy buena ubicación con un cuidado paisaje. Múltiples plantas y extraordinaria vista al volcán. Un poco demasiado cerca de la carretera para el ruido.,
Csodás környezet,5,Hotel Roca Negra del Arenal,alojamiento,booking,unknown,Csodás környezet,
De huisjes en de aangelegde tuin en zwembad. Ontbreken van een bar voor een drankje.,5,Hotel Roca Negra del Arenal,alojamiento,booking,nl,Las casas y el jardín y la piscina. Falta de barra para tomar copas.,
La faune et la flore et l’amabilité du service. Le paiement en argent comptant.,5,Hotel Roca Negra del Arenal,alojamiento,booking,fr,La fauna y flora y la amabilidad del servicio. Pago en metálico.,
"Wunderschöne Anlage mit schönen sauberen, ruhigen  Zimmern, einer gemütlichen Veranda (wir hatten Blick auf dem Vulkan) und sogar noch einer privaten kleinen Terrasse. Den Pool haben wir ebenso genossen. Zum Frühstück habe ich das Käse-Schinken Sandwich geliebt. Und natürlich nicht zu vergessen und das wichtigste: das sehr freundliche, hilfsbereite und immer fröhliche Personal.  Supermarkt, Restaurant in unmittelbarer Nähe - zwar ein bisschen ausserhalb von La Fortuna - dafür auch ruhiger und für uns auch gemütlicher. Wir waren 4 Nächte dort und es war einer der schönsten Aufenthalte auf unserer Reise! Nichts - alles toll!",5,Hotel Roca Negra del Arenal,alojamiento,booking,de,"Hermosas instalaciones con habitaciones bonitas, limpias y tranquilas, una acogedora terraza (teníamos una vista del volcán) e incluso una pequeña terraza privada. También disfrutamos de la piscina. Para el desayuno me encantó el sándwich de queso y jamón. Y por supuesto no olvidar y lo más importante: el personal muy amable, servicial y siempre alegre.  Supermercado y restaurante en las inmediaciones, aunque un poco fuera de La Fortuna, pero también más tranquilos y cómodos para nosotros. Nos alojamos allí por 4 noches y fue una de las mejores estancias de nuestro viaje. Nada, ¡todo genial!",
Het mooie huisje middenin een bloementuin met veranda met schommelstoelen en hangmat en uitzicht op de vulkaan. Wat wil je nog meer,5,Hotel Roca Negra del Arenal,alojamiento,booking,nl,La hermosa casa en medio de un jardín de flores con terraza con mecedoras y hamacas y vista al volcán. ¿Qué más podrías querer?,
"מלון מאוד מאוד יפה. פרטיות מלאה לכל בקתה. פינת ישיבה מקסימה מחוץ לבקתה. חדר מרווח עם 2 מיטות זוגיות. חדר אמבטיה מפנק. הכל מאוד נקי. מאוד פסטורלי, המקום מתוחזק ברמה מאוד גבוהה. בריכה כיפית. וגקוזי חם מפנק. מומלץ מאוד. הוויפי לא יציב.",5,Hotel Roca Negra del Arenal,alojamiento,booking,he,"Un hotel muy muy bonito. Completa privacidad para cada cabaña. Preciosa zona de estar fuera de la cabina. Amplia habitación con 2 camas dobles. Un baño de lujo. Todo está muy limpio. Muy pastoral, el lugar se mantiene a un nivel muy alto. Piscina divertida. Y un jacuzzi caliente para mimarse. Altamente recomendado. El wifi es inestable.",
"Super fijne kamers, prachtige tuin, heerlijk zwembad.",5,Hotel Roca Negra del Arenal,alojamiento,booking,nl,"Habitaciones súper bonitas, hermoso jardín, hermosa piscina.",
"Locatie was mooi onderhouden, midden in een groene oase en alle faciliteiten waren aanwezig",5,Hotel Roca Negra del Arenal,alojamiento,booking,nl,"La ubicación estaba muy bien mantenida, en medio de un oasis verde y todas las instalaciones estaban disponibles.",
Τα δωμάτια βρίσκονται σε ένα πάρα πολύ ωραίο κήπο πολύ κοντά στο κέντρο και σε όλα τα αξιοθέατα το προσωπικό είναι πολύ φιλικό και εγκάρδιο -,5,Hotel Roca Negra del Arenal,alojamiento,booking,el,Las habitaciones están en un jardín muy bonito muy cerca del centro y en todas las atracciones el personal es muy amable y cordial.,
Je recommande vivement très beau jardin chambre spacieuse très bien situé.,5,Hotel Roca Negra del Arenal,alojamiento,booking,fr,Recomiendo muy hermoso jardín habitación amplia muy bien ubicada.,
"Alles schoon en een prachtige tuin 
Heel comfortabel kamer ruim .Op her terras een heerlijke schommelstoel.
Prachtig zwembad. En een lekker ontbijt. Vriendelijk personeel. Niets",5,Hotel Roca Negra del Arenal,alojamiento,booking,nl,"Todo limpio y un hermoso jardín. 
Habitación muy cómoda y espaciosa. Una preciosa mecedora en la terraza.
Hermosa piscina. Y un buen desayuno. Personal amable. Nada",
Tout Rien,5,Hotel Roca Negra del Arenal,alojamiento,booking,unknown,Tout Rien,
Sehr schönes Zimmer. Sehr schöner Blick auf den Vulcan. Alles sehr sauber und das Personal ist sehr freundlich. Auch das man Abends noch Pool Billard oder Tischtennis spielen kann ist eine nette Abwechslung. Das man das Frühstück separat bezahlen muss,5,Hotel Roca Negra del Arenal,alojamiento,booking,de,Muy bonita habitación. Muy linda vista del volcán. Todo está muy limpio y el personal es muy amable. El hecho de que por la noche se pueda jugar al billar o al ping-pong también es una agradable novedad. Tienes que pagar el desayuno por separado.,
Camera pulita e struttura accogliente. Giardino ben curato. Parcheggio all'interno della struttura. Buona colazione.,5,Hotel Roca Negra del Arenal,alojamiento,booking,it,Habitación limpia y estructura acogedora. Jardín bien cuidado. Aparcamiento dentro de la estructura. Buen desayuno.,
"L’accueil
La vue de la chambre sur le volcan
L’intimité du lodge et la terrasse privative avec wheelchairs et hamac (un troisième fauteuil aurait été idéal pour avoir 4 places sur la terrasse en accord avec cette chambre pour 4)
Le soin dans l’aménagement des espaces verts (très fleuris)
Les espaces communs (jeux, lounge, piscine, jacuzzi …)",5,Hotel Roca Negra del Arenal,alojamiento,booking,fr,"la recepcion
La vista desde la habitación del volcán.
La intimidad del albergue y la terraza privada con sillas de ruedas y hamaca (un tercer sillón hubiera sido ideal para tener 4 plazas en la terraza acorde a esta habitación para 4)
Cuidado en el desarrollo de espacios verdes (muy florido)
Áreas comunes (juegos, lounge, piscina, jacuzzi, etc.)",
Sehr schöne Anlage & nettes Personal,5,Hotel Roca Negra del Arenal,alojamiento,booking,de,Instalaciones muy bonitas y personal agradable.,
"Das Hotel Roca Negra del Arenal war das 2. auf unserem Costa Rica Trip. Wir hatten 3 Nächte und wären am liebsten länger geblieben...
Traumhaft ist untertrieben. Das Personal war super freundlich, fast familiär. Unser Häuschen (16) hatte einen Wahnsinns Ausblick auf den Vulkan und war top ausgestattet, inkl. Kühlschrank und Schaukelstühlen auf der Terrasse. Das Frühstück welches nicht im Preis inbegriffen war, war außerordentlich lecker und mit 7 $ pro Person fast geschenkt. Die Gartenanlage, ein Traum. Wir haben uns pudelwohl gefühlt und kommen ganz sicher wieder. Vielen Dank. Pura Vida Da gibt es gar nichts. Alles war einfach grandios.",5,Hotel Roca Negra del Arenal,alojamiento,booking,de,"El Hotel Roca Negra del Arenal fue el segundo en nuestro viaje a Costa Rica. Pasamos 3 noches y nos hubiera gustado quedarnos más tiempo...
Fantástico es quedarse corto. El personal fue muy amable, casi como una familia. Nuestra casa (16) tenía una vista increíble del volcán y estaba bien equipada, incluyendo un refrigerador y mecedoras en la terraza. El desayuno, que no estaba incluido en el precio, era muy sabroso y casi gratis por 7 dólares por persona. Los jardines, un sueño. Nos sentimos muy cómodos y definitivamente regresaremos. Gracias. Pura Vida Allí no hay nada. Todo fue sencillamente magnífico.",
"Grosszügiger Bungalow, inmitten eines wunderschön angelegten Gartens. Akzeptiert wird nur Cash.",5,Hotel Roca Negra del Arenal,alojamiento,booking,de,Amplio bungalow en medio de un hermoso jardín. Sólo se acepta efectivo.,
"Quel accueil et que le jardin est beau !
Super emplacement et super logement très confortable! Un pur bonheur pour les vacances!",5,Hotel Roca Negra del Arenal,alojamiento,booking,fr,"¡Qué bienvenida y qué hermoso jardín!
Excelente ubicación y alojamiento excelente y muy cómodo. ¡Pura alegría para las fiestas!",
"Die Unterkunft ist gut gelegen nahe an zahlreichen Restaurants. Das Hotel selbst ist eine traumhafte Anlage mit viel grün. Diverse Tiere sind zu beobachten, von Haustieren bis zu den Kolibris ist alles vorhanden. Von unseren Zimmer aus konnten wir direkt den Vulkan sehen. Die Unterkunft sowie Frühstück müssen in Cash bezahlt werden und kann nicht mit der Kreditkarte beglichen werden. Daran soll es jedoch nicht scheitern.",5,Hotel Roca Negra del Arenal,alojamiento,booking,de,"La propiedad está bien ubicada cerca de numerosos restaurantes. El hotel en sí es un complejo fantástico con mucha vegetación. Se pueden observar diversos animales, desde animales domésticos hasta colibríes, de todo está ahí. Pudimos ver el volcán directamente desde nuestra habitación. El alojamiento y el desayuno deben pagarse en efectivo y no pueden pagarse con tarjeta de crédito. Sin embargo, eso no debería fallar.",
"מלון נחמד מאוד, המתבגרים מאוד אהבו את שולחנות המשחק באזור הבריכה. צוות מקסים, ארוחת בוקר משתלמת במקום, חדרים נקיים, הרבה צמחייה ובריכה נעימה. קרוב ללה פורטונה, למסעדות ולכל הפעילויות. בסה""כ מלון משתלם למחיר. היינו בשני חדרים להורים ולילדים. החדר הזוגי היה פחות מוצלח, קטן יחסית ופחות פרטיות כי היה צמוד לחדרים אחרים. החדר המשפחתי היה גדול ונוח יותר, אבל למזגן הקטן היה קצת קשה לקרר אותו.
הקירבה ללה פורטונה נוחה אבל המלון ממוקם ממש על הכביש הראשי ויש רעש של מכוניות באזור הבריכה.",5,Hotel Roca Negra del Arenal,alojamiento,booking,he,"Muy bonito hotel, a los adolescentes les gustaron mucho las mesas de juego en el área de la piscina. Personal encantador, desayuno asequible en el lugar, habitaciones limpias, mucha vegetación y una piscina agradable. Cerca de La Fortuna, restaurantes y todas las actividades. En general es un hotel que vale la pena por el precio. Estábamos en dos habitaciones para padres e hijos. La habitación doble tuvo menos éxito, era relativamente pequeña y tenía menos privacidad porque estaba al lado de otras habitaciones. La sala familiar era más grande y cómoda, pero el pequeño aire acondicionado tenía algunas dificultades para enfriarla.
La proximidad a La Fortuna es conveniente, pero el hotel está ubicado justo en la carretera principal y hay ruido de autos en el área de la piscina.",
"De hele omgeving was werkelijk waar prachtig! Het uitzicht op de tuin vanuit het huisje. Eigenlijk alles!! Zeer vriendelijk personeel, heerlijk ontbijt! Niks",5,Hotel Roca Negra del Arenal,alojamiento,booking,nl,"¡Toda la zona era realmente hermosa! La vista del jardín desde la casa. En realidad todo!! Personal muy amable, desayuno delicioso! Nada",
"Très propre et très calme. Une très belle maisonnette au milieu d’un superbe jardin. 
Les enfants ont beaucoup apprécié l’espace avec le billard, le flipper et la table de ping pong. 
Le petit déjeuner était très bon",5,Hotel Roca Negra del Arenal,alojamiento,booking,fr,"Muy limpio y muy tranquilo. Una casa muy bonita en medio de un magnífico jardín. 
Los niños disfrutaron mucho del espacio con mesa de billar, máquina de pinball y mesa de ping pong. 
El desayuno era muy bueno.",
"Wir hatten einen sehr geräumigen Bungalow mit AC, Kühlschrank und sogar Safe. Die kleine Anlage liegt in einem abgeschlossenen schönen Garten. Es ist super ruhig, da es etwas ausserhalb von La Fortuna ist. Der Pool ist klein und sauber und ist sehr gut für eine Abkühlung. Es gibt auch einen Whirlpool.
Alles ist sauber und gut gepflegt. Das Personal ist sehr nett. Man kann sich wunderbar vor seinem Bungalow auf bequemen Schaukelstühlen oder sogar einer Hängematte entspannen.
Das Frühstück muss man zusätzlich zahlen und bietet die ortsüblichen Optionen für 7$/Person.
Für die Restaurants downtown muss man mit dem Auto fahren. Wir fanden immer eine Parkplatz. Hat alles gepasst.",5,Hotel Roca Negra del Arenal,alojamiento,booking,de,"Teníamos un bungalow muy espacioso con aire acondicionado, nevera e incluso caja fuerte. El pequeño complejo está situado en un bonito jardín cerrado. Es súper tranquilo porque está a las afueras de La Fortuna. La piscina es pequeña y limpia y es muy buena para refrescarse. También hay una bañera de hidromasaje.
Todo está limpio y bien mantenido. El personal es muy agradable. Podrá relajarse maravillosamente frente a su bungalow en cómodas mecedoras o incluso en una hamaca.
Tienes que pagar extra por el desayuno y ofrece las opciones locales habituales por $7 por persona.
Tienes que conducir hasta los restaurantes del centro. Siempre encontramos un lugar para estacionar. Todo estuvo bien.",
Nous avions une petite maisonnette isolé dans un jardin magnifique avec vu sur le Volcan. La piscine qui est très bien un havre de relaxation même si sur la route principal Rien tout était parfait,5,Hotel Roca Negra del Arenal,alojamiento,booking,fr,"Teníamos una pequeña casa aislada en un magnífico jardín con vista al Volcán. La piscina, que es en gran medida un remanso de relajación, incluso si está en la carretera principal. Nada, todo fue perfecto.",
"Nous avons adoré l’accueil, les chambres ainsi que les jardins! Rien, tout était parfait!",5,Hotel Roca Negra del Arenal,alojamiento,booking,fr,"¡Nos encantó la bienvenida, las habitaciones y los jardines! ¡Nada, todo fue perfecto!",
"Das Bett war riesig und bequem, täglich wurden die Zimmer gereinigt, die Anlage war wunderschön und man kann auf seiner eigenen Terrasse im Schaukelstuhl oder in der Hängematte den Vulkan sehen. Außerdem schläft man sehr ruhig. Man hört wenig Lärm. Frühstück war für den Preis in Ordnung aber nicht besonders. 
Ansonsten war alles perfekt",5,Hotel Roca Negra del Arenal,alojamiento,booking,de,"La cama era enorme y cómoda, las habitaciones se limpiaban a diario, los jardines eran hermosos y puedes ver el volcán en tu propia terraza en la mecedora o la hamaca. También duermes muy tranquilo. Se oye poco ruido. El desayuno estaba bien por el precio pero no era especial. 
Por lo demás todo fue perfecto",
"Le personnel, la localisation, la nature environnante, la piscine et les jeux proposés. Le petit déjeuner pourrait peut être être amélioré en proposant plus de choix.",5,Hotel Roca Negra del Arenal,alojamiento,booking,fr,"El personal, la ubicación, la naturaleza circundante, la piscina y los juegos ofrecidos. Quizás el desayuno podría mejorarse ofreciendo más opciones.",
"Les équipements de l'hôtel et la gentillesse du personnel, tant sur l'accueil que pour les conseils de visites.
Très bonne cuisine du petit déjeuner",5,Hotel Roca Negra del Arenal,alojamiento,booking,fr,"Las instalaciones del hotel y la amabilidad del personal, tanto en la acogida como en el asesoramiento en las visitas.
Muy buena comida para el desayuno.",
"Les petites maisons sont géniales!
Le personnel est gentil et la piscine super belle. Le seul bémol est de devoir payer en argent comptant... ça fait beaucoup de colones et ce n'est pas évident de retirer autant. Nous n'avons pas pu déjeuner sur place le dernier matin parce qu'il fallait payer en comptant et qu'il aurait fallu retourner au guichet pour retirer.",5,Hotel Roca Negra del Arenal,alojamiento,booking,fr,"¡Las casas pequeñas son increíbles!
El personal es amable y la piscina es súper hermosa. El único inconveniente es tener que pagar en efectivo... son muchos colones y no es fácil retirar tanto. No pudimos almorzar allí la última mañana porque tuvimos que pagar en efectivo y habríamos tenido que regresar al mostrador para recogerlo.",
Emplacement. Coin repas écrit dans descriptif de la chambre inexistant,5,Hotel Roca Negra del Arenal,alojamiento,booking,fr,Ubicación. Área de comedor escrita en una descripción de habitación inexistente,
"Eine wunderschöne Anlage, tolles Zimmer und sehr nettes Personal. Ich würde jeder Zeit wieder hier übernachten!",5,Hotel Roca Negra del Arenal,alojamiento,booking,de,"Unas hermosas instalaciones, una gran sala y un personal muy agradable. ¡Me alojaría aquí de nuevo en cualquier momento!",
"Schöne Anlage mit kleiner, aber gepflegter Poolanlage. Im Zimmer hat es einen Kühlschrank. Sehr gute Dusche. Gutes Frühstück gegen Aufpreis. Tischtennis, Billard und Tischfußball zur freien Verfügung. Viele Restaurants in Gehdistanz. Sehr freundliches Personal.",5,Hotel Roca Negra del Arenal,alojamiento,booking,de,"Precioso complejo con una zona de piscina pequeña pero bien cuidada. Hay una nevera en la habitación. Muy buena ducha. Buen desayuno por un cargo adicional. Se pueden utilizar de forma gratuita ping pong, billar y futbolín. Muchos restaurantes a poca distancia. Personal muy amable.",
Une maison familiale et chaleureuse un jardin extraordinaire et beaucoup de calme,5,Hotel Roca Negra del Arenal,alojamiento,booking,fr,"Una cálida casa familiar, un jardín extraordinario y mucha paz y tranquilidad.",
"Herzlichster Empfang, sehr schönes und sauberes Zimmer inkl.eigenem kleinen dschungelhaften Vorgarten/ Terrasse mit Hängematte und Sitzmöglichkeiten und Blick auf den Vulkan Arenal. Zudem konnte man den Garten am Hotelgelände erkunden; Vögel gab es dabei einige. Frühstück war im Preis nicht enthalten, man konnte sich jedoch eines dazukaufen. Die Portionen sind dabei eher klein ausgefallen; Obst etc musste man sich extra dazubestellen. 3 Toasts inkl. Marmelade bekam jeder Tisch als Vorspeise gratis.
Die Dame an der Rezeption war äußerst freundlich und man konnte mit jeder Frage/ jedem Anliegen zu ihr kommen; das war großartig! Preis-Leistungs-Verhältnis: Frühstück inkl.wäre toll gewesen, ansonsten war alles spitze!",5,Hotel Roca Negra del Arenal,alojamiento,booking,de,"La más cálida bienvenida, una habitación muy bonita y limpia que incluye su propio pequeño jardín/terraza frontal tipo jungla con hamaca y asientos y una vista del volcán Arenal. También puede explorar el jardín en los terrenos del hotel; Había algunos pájaros. El desayuno no estaba incluido en el precio, pero se podía comprar uno. Las porciones eran bastante pequeñas; Había que pedir fruta, etc. por separado. Cada mesa recibió 3 tostadas con mermelada gratis como entrante.
La señora de recepción fue extremadamente amable y usted podía acudir a ella si tenía alguna pregunta o inquietud; ¡Eso fue genial! Relación calidad-precio: El desayuno incluido hubiera sido genial, por lo demás, ¡todo genial!",
"Schön gestaltete Apartments. Nettes und hilfsbereites Personal. Kleiner Pool, aber ausreichend. Möglichkeiten zum Billard, Tischtennis und Tischsoccer spielen, auch abends bei ausreichender Beleuchtung. Preis- Leistung ist für dieses Arrangement nicht passend.",5,Hotel Roca Negra del Arenal,alojamiento,booking,de,"Apartamentos bellamente diseñados. Personal agradable y servicial. Piscina pequeña, pero suficiente. Posibilidad de jugar al billar, al ping-pong y al futbolín, incluso por la noche con suficiente iluminación. La relación precio-rendimiento no es adecuada para este acuerdo.",
"Schuierende tuis eromheen en een fantastisch uitzicht op de Arenal vulkaan. Heerlijk koel zwembad Webcam camera op het grote raam aan de voorkant van het huis gericht, privacy een beetje in het geding. Behalve een koelkast geen andere borden, bekers, stoelen of koffiezetapparaat aanwezig.",5,Hotel Roca Negra del Arenal,alojamiento,booking,nl,"Jardines corredizos a su alrededor y una vista fantástica del volcán Arenal. Preciosa y fresca piscina Cámara web dirigida a la gran ventana en la parte delantera de la casa, la privacidad está un poco en juego. A excepción del frigorífico, no hay otros platos, tazas, sillas ni cafetera disponibles.",
"Sehr schöne Unterkunft. Der Garten ist traumhaft schön. Es zwitschert überall und wir konnten ein Faultier, Kolibris und viele andere Vögel beobachten. Das Frühstück kann gegen Aufpreis vor Ort dazugebucht werden und war sehr lecker.",5,Hotel Roca Negra del Arenal,alojamiento,booking,de,"Alojamiento muy bonito. El jardín es increíblemente hermoso. Está chirriando por todas partes y pudimos ver un perezoso, colibríes y muchas otras aves. El desayuno se puede reservar en el sitio por un cargo adicional y estaba muy sabroso.",
Sehr schöne Gartenanlage und super große Zimmer.,5,Hotel Roca Negra del Arenal,alojamiento,booking,de,Jardines muy bonitos y habitaciones super grandes.,
"Jardin luxuriant. C'était agréable en rentrant de rando de profiter de la piscine,du jacuzzi et du billard. Bien situé pour rayonner autour de la Fortuna .",5,Hotel Roca Negra del Arenal,alojamiento,booking,fr,"Exuberante jardín. Fue agradable regresar de una caminata para disfrutar de la piscina, el jacuzzi y el billar. Bien ubicado para viajar por La Fortuna.",
"Wir wurden sehr freundlich empfangen und konnten uns jederzeit an das freundliche und hilfsbereite Personal an der Rezeption wenden. 
Die Anlage ist sehr sauber und gepflegt, der große und sehr schöne Garten, der Pool, die Gamelounge, die vielen zusätzlichen Sitzgelegenheiten und auch die Tiere (Hühner, Gänse, Pfau, Hunde usw.) es passt alles zusammen. 
Es ist eine wirklich paradiesische Wohlfühloase, wir haben es genossen auf der schönen Terrasse den Tag beginnen zu können und auch ausklingen zu lassen.",5,Hotel Roca Negra del Arenal,alojamiento,booking,de,"Recibimos una bienvenida muy amable y pudimos contactar con el amable y servicial personal de recepción en cualquier momento. 
El complejo está muy limpio y bien cuidado, el jardín grande y muy bonito, la piscina, la sala de juegos, los numerosos asientos adicionales y también los animales (pollos, gansos, pavos reales, perros, etc.) todo encaja. 
Es un oasis de bienestar verdaderamente paradisíaco, disfrutamos de poder comenzar y terminar el día en la hermosa terraza.",
"Super Lage und sehr ruhig, Terrasse mit fantastischem Blick auf den Vulkan. Sehr schön angelegte und gepflegte Gartenanlage. Entspannte Atmosphäre. Parkplatz fürs Auto direkt neben dem Bungalow. Keine Kartenzahlungen möglich, Bezahlung jeglicher Leistungen wie Unterkunft, Frühstück, Touren, e.c.t.  nur in bar.",5,Hotel Roca Negra del Arenal,alojamiento,booking,de,"Excelente ubicación y muy tranquila, terraza con fantásticas vistas al volcán. Jardines muy bonitos y bien cuidados. Ambiente relajado. Plaza de aparcamiento para el coche justo al lado del bungalow. No es posible realizar pagos con tarjeta, el pago de cualquier servicio como alojamiento, desayuno, tours, etc. sólo en efectivo.",
El servicio por parte del personal fue muy bueno! Solicité un servicio porque mi viaje era de luna de miel y me adornaron la habitación súper lindo Todo me pareció muy bien,5,Hotel Roca Negra del Arenal,alojamiento,booking,es,El servicio por parte del personal fue muy bueno! Solicité un servicio porque mi viaje era de luna de miel y me adornaron la habitación súper lindo Todo me pareció muy bien,
"Le logement était super, de même que les équipements extérieurs. Hamacs, piscine, jacuzzi, billard…
La vue doit être top aussi, mais malheureusement le brouillard ne nous a pas permis de voir l’Arenal 
Une mention particulière pour la personne à la réception qui est très agréable et serviable.",5,Hotel Roca Negra del Arenal,alojamiento,booking,fr,"El alojamiento fue fantástico, al igual que las instalaciones al aire libre. Hamacas, piscina, jacuzzi, billar…
La vista también debe ser genial, pero lamentablemente la niebla no nos permitió ver el Arenal. 
Mención especial para la persona de recepción que es muy agradable y servicial.",
Sehr schöne Unterkunft mit tollem Garten und gepflegten Pool. Optimale Lage zur Erkundung der Umgebung. Freundliches und hilfreiches Personal. Absolut empfehlenswert!,5,Hotel Roca Negra del Arenal,alojamiento,booking,de,Alojamiento muy bonito con un gran jardín y piscina bien cuidada. Ubicación óptima para explorar los alrededores. Personal amable y servicial. ¡Absolutamente recomendado!,
"Hübsche Unterkunft mitten in einem schönen Garten.
Super nettes und aufmerksames Personal",5,Hotel Roca Negra del Arenal,alojamiento,booking,de,"Bonito alojamiento en medio de un hermoso jardín.
Personal super agradable y atento",
El personal recepció molt amable i servicial. La zona de jardi i piscina. Es com un oasi enmig del bullici de La Fortuna. Es senten cantar molts ocells. Parquing molt segur Que no entrés en el preu l'esmorzar,5,Hotel Roca Negra del Arenal,alojamiento,booking,ca,El personal recepción muy amable y servicial. La zona de jardín y piscina. Es como un oasis en medio del bullicio de La Fortuna. Se oyen cantar muchos pájaros. Parquing muy seguro Que no entrara en el precio el desayuno,
"Es war alles toll! Schöne, saubere, geräumige Zimmer mit hübschem großzügigen Bad, sehr nettes Personal (insbesondere Elisabeth und eine der Damen vom Frühstücksservice), wunderschöner Garten mit vielen Vögel zum Beobachten, toller Blick auf den Vulkan Arenal, sehr gepflegter Pool und Jacuzzi, Spielbereich mit Tischkicker, Billard usw.
Es war die tollste Unterkunft auf unserer dreiwöchigen Costa Rica Reise.",5,Hotel Roca Negra del Arenal,alojamiento,booking,de,"¡Todo estuvo genial! Habitaciones hermosas, limpias y espaciosas con un baño bonito y espacioso, personal muy agradable (especialmente Elisabeth y una de las señoras del servicio de desayuno), hermoso jardín con muchas aves para observar, excelente vista del Volcán Arenal, piscina y jacuzzi muy bien cuidados, área de juegos con futbolín, billar, etc.
Fue el alojamiento más increíble en nuestro viaje de tres semanas a Costa Rica.",
"Gute Auswahl und Menge beim Frühstück, sehr nettes Personal beim Frühstück. Zentrum von La Fortuna ist fußläufig erreichbar, das Hotel selbst liegt etwas abseits vom Trubel und ist daher ruhig. Geräumige Zimmer mit vielen Ablagemöglichkeiten.",5,Hotel Roca Negra del Arenal,alojamiento,booking,de,"Buena selección y cantidad en el desayuno, personal muy agradable en el desayuno. El centro de La Fortuna se encuentra a poca distancia, el hotel en sí está situado un poco alejado del bullicio y, por lo tanto, es tranquilo. Amplias habitaciones con mucho espacio de almacenamiento.",
"Die Lage war sehr gut. 
Das Frühstück war mittelmäßig, kostete aber auch nur 7 Dollar pro Tag (Barzahlung). Die Zimmer müssen bar bezahlt, das ist doch ein wenig ungewöhnlich.",5,Hotel Roca Negra del Arenal,alojamiento,booking,de,"La ubicación era muy buena. 
El desayuno era mediocre, pero solo costaba $7 por día (en efectivo). Las habitaciones se pagan en efectivo, lo cual es un poco inusual.",
Un bijoux,5,Hotel Roca Negra del Arenal,alojamiento,booking,unknown,Un bijoux,
"Super hôtel, avec un magnifique jardin et une vue directe sur le volcan. Super piscine, un peu froide mais jaccuzi très agréable. Très bons petit déjeuner. Je recommande cet établissement.",5,Hotel Roca Negra del Arenal,alojamiento,booking,fr,"Gran hotel, con un hermoso jardín y vista directa al volcán. Gran piscina, jacuzzi un poco frío pero muy agradable. Muy buen desayuno. Recomiendo este establecimiento.",
Wir wurden supernett empfangen und uns wurde die Anlage persönlich kurz gezeigt. Der Poolbereich war gepflegt. Es gab einen herrlichen Blick auf den El Arenal-Vulkan. Nix,5,Hotel Roca Negra del Arenal,alojamiento,booking,de,Recibimos una bienvenida muy cálida y nos mostraron brevemente las instalaciones en persona. La zona de la piscina estaba bien mantenida. Había una vista maravillosa del volcán El Arenal. Nada,
"Les chambres dans des petits chalets individuels avec une vue sur le volcan.
La piscine et son jacuzzi. La gentillesse du personnel. Rien",5,Hotel Roca Negra del Arenal,alojamiento,booking,fr,"Habitaciones en pequeños chalets individuales con vista al volcán.
La piscina y su jacuzzi. La amabilidad del personal. Nada",
"Die Terrasse ist überdacht mit bequemen Schaukelstühlen mit Blick auf den wunderschönen Garten. Wir haben Kolibris direkt von der Terrasse aus gesehen. Die Zimmer sind sehr geräumig, sauber und mit großem Bad.",5,Hotel Roca Negra del Arenal,alojamiento,booking,de,"La terraza está cubierta con cómodas mecedoras con vistas al hermoso jardín. Vimos colibríes desde el patio. Las habitaciones son muy amplias, limpias y con un baño grande.",
"Het hotel is heel centraal gelegen, dichtbij de meeste activiteiten in de buurt. Het zwembad was top, maar niet zo warm. Kamers vrij basic, bedden wel groot. Activiteiten minder duur als je ze boekt via hen. Lekker ontbijt! Mooie tuin met veel bloemen, leuke speelruimte voor de kids. De mevrouw aan het onthaal deed heel raar, vonden wij, maar was wel vriendelijk. In het zwembad hoor je de drukke weg ernaast, dat vonden wij wat storend. In 1 kamer werkte de airco niet.",5,Hotel Roca Negra del Arenal,alojamiento,booking,nl,"El hotel tiene una ubicación muy céntrica, cerca de la mayoría de actividades de la zona. La piscina era genial, pero no tan cálida. Las habitaciones son bastante básicas y las camas son grandes. Las actividades son menos costosas si las reservas a través de ellos. ¡Buen desayuno! Precioso jardín con muchas flores, bonita zona de juegos para los niños. Pensamos que la señora de la recepción estaba actuando de manera muy extraña, pero fue amigable. En la piscina se oye la concurrida carretera que hay al lado, lo que nos pareció un poco molesto. El aire acondicionado no funcionaba en 1 habitación.",
"Een oase van groen, schone kamers, heerlijke jacuzzi en gastvrije host. Uitzicht op de vulkaan vanuit je achtertuin. Niks",5,Hotel Roca Negra del Arenal,alojamiento,booking,nl,"Un oasis de vegetación, habitaciones limpias, maravilloso jacuzzi y anfitrión hospitalario. Vista del volcán desde tu patio trasero. Nada",
Ligging en de tuin,5,Hotel Roca Negra del Arenal,alojamiento,booking,af,Ubicación y jardín.,
"Dieses Hotel hatte das beste Preis-Leistungs-Verhältnis während unserer gesamten Rundreise. 
Die Terrasse mit den sehr bequemen Sesseln war super. Von dort hatten wir direkten Ausblick auf den Vulkan und konnten den schönen Garten genießen und viele Vögel beobachten (insbesondere Kolibris). 
Wir hatten dem Hotel vorab mitgeteilt, dass wir vor der eigentlichen Check-In-Zeit ankommen. Das Zimmer war bei unserer Ankunft schon für uns bereit. Top! Leider war nur Barzahlung möglich. Die Banken in Costa Rica haben durchschnittlich 4% Gebühren für unsere Barabhebungen erhoben. Wir hätten es bevorzugt mit der Kreditkarte zu zahlen.",5,Hotel Roca Negra del Arenal,alojamiento,booking,de,"Este hotel tenía la mejor relación calidad-precio de todo nuestro viaje. 
La terraza con los sillones muy cómodos era genial. Desde allí tuvimos una vista directa del volcán y pudimos disfrutar del hermoso jardín y observar muchas aves (especialmente colibríes). 
Habíamos informado al hotel con antelación que llegaríamos antes de la hora real de check-in. La habitación ya estaba lista para nosotros cuando llegamos. ¡Arriba! Lamentablemente sólo fue posible el pago en efectivo. Los bancos en Costa Rica cobraron una tarifa promedio del 4% por nuestros retiros de efectivo. Hubiéramos preferido pagar con tarjeta de crédito.",
"L’accueil exceptionnel, super localisation un peu éloignée de la Fortuna mais a proximité de restos et supermarchés. Le magnifique jardin et la piscine très sympa",5,Hotel Roca Negra del Arenal,alojamiento,booking,fr,"Bienvenida excepcional, excelente ubicación un poco lejos de La Fortuna pero cerca de restaurantes y supermercados. El magnífico jardín y la piscina muy bonita.",
"Une de nos meilleures adresses au Costa Rica.
Des hôtes adorables, toujours prêtes à rendre service et de bon conseil pour les visites. Un jardin et une vue sur le volcan Arenal magnifiques.
Une chambre décorée avec goût.
Une piscine paysagée.
Une pépite ! Rien",5,Hotel Roca Negra del Arenal,alojamiento,booking,fr,"Una de nuestras mejores direcciones en Costa Rica.
Anfitriones adorables, siempre dispuestos a ayudar y dar buenos consejos para las visitas. Un magnífico jardín y vista al volcán Arenal.
Una habitación decorada con buen gusto.
Una piscina ajardinada.
¡Una pepita! Nada",
"De omgeving, de gastvrijheid, het uitstekende ontbijt Niets",5,Hotel Roca Negra del Arenal,alojamiento,booking,nl,"El ambiente, la hospitalidad, el desayuno excelente Nada",
"Super vriendelijk en behulpzaam ontvangst! Prachtige kamer met eigen terrasje en hangmat. Heel groot en comfortabel bed, grote badkamer, erg proper. Super goed gelegen. Een aanrader",5,Hotel Roca Negra del Arenal,alojamiento,booking,nl,"¡Recepción súper amable y servicial! Hermosa habitación con terraza privada y hamaca. Cama muy grande y cómoda, baño grande, muy limpio. Muy bien ubicado. Altamente recomendado",
"Entzückendes Hotel , welches nicht ganz zentral in La Fortuna ist. Dies hat uns auch sehr gut gefallen. In direkter Umgebung befinden sich Einkaufsmöglichkeitenen, Restaurants und Cafés. Sehr freundlicher Empfang. Fantastischer Garten mit vielen Vogelarten. 
Hübsches Zimmer, bequemes Bett und schönes Bad. Gut gefallen hat uns die Veranda mit den Schaukelstühlen und der Hängematte.
Gutes Frühstück mit leckerem Kaffee!! Wie gesagt, ein Wasserkocher wäre nett zu haben 😃",5,Hotel Roca Negra del Arenal,alojamiento,booking,de,"Encantador hotel, que no es del todo céntrico en La Fortuna. Esto también nos gustó mucho. En las inmediaciones hay tiendas, restaurantes y cafeterías. Recepción muy amable. Fantástico jardín con muchas especies de aves. 
Bonita habitación, cama cómoda y bonito baño. Nos gustó mucho la terraza con mecedoras y hamaca.
Buen desayuno con delicioso café!! Como dije, sería bueno tener una tetera",😃
"Extrem freundliches Personal, sehr zuvorkommend, große Handtücher. Für den Pool kriegt man an der Rezeption, jeden Abend im Whirlpool mit einem netten Drink verbracht, überall Kolibris, extrem leckeres Frühstück mit Ausblick in den Garten für sieben Dollar, perfekter Aufenthaltsort, um abends in dem top leckeren und sehr bezahlbaren Restaurant la cava essen zu gehen. Super Pizza und Pasta und Salate. Von der Terrasse aus direkter Blick auf den Vulkan. Wir haben uns extremst wohl gefühlt und wären gerne länger als vier Tage geblieben. Nichts",5,Hotel Roca Negra del Arenal,alojamiento,booking,de,"Personal extremadamente amable, muy servicial, toallas grandes. Para la piscina que obtienes en la recepción, pasas todas las noches en el jacuzzi con una buena bebida, colibríes por todas partes, un desayuno extremadamente delicioso con vista al jardín por siete dólares, un lugar perfecto para pasar la noche en el delicioso y muy asequible restaurante la cava. Gran pizza, pasta y ensaladas. Vista directa al volcán desde la terraza. Nos sentimos muy cómodos y nos hubiera gustado quedarnos más de cuatro días. Nada",
"L’emplacement, l’espace  jeux et la piscine, l’accueil et la gentillesse d’Elisa",5,Hotel Roca Negra del Arenal,alojamiento,booking,fr,"La ubicación, la zona de juegos y la piscina, la acogida y amabilidad de Elisa.",
"L’ambiance générale, les jeux et la piscine. Le petit déjeuner ne vaut pas le prix",5,Hotel Roca Negra del Arenal,alojamiento,booking,fr,"El ambiente general, los juegos y la piscina. El desayuno no vale la pena el precio.",
"Le volume de la chambre, la déco, le jardin Pas de poubelle dans la chambre",5,Hotel Roca Negra del Arenal,alojamiento,booking,fr,"El volumen de la habitación, la decoración, el jardín No hay bote de basura en la habitación.",
"La struttura è molto bella e le camere confortevoli In camera non c'era niente per fare caffè o the, solo alla reception che però era piuttosto distante dalla nostra camera.
Vista la posizione su una statale molto trafficata ,la struttura dovrebbe avere un bar dove poter prendere qualcosa senza dover uscire per forza.",5,Hotel Roca Negra del Arenal,alojamiento,booking,it,"La estructura es muy bonita y las habitaciones cómodas. En la habitación no había nada para preparar café o té, sólo en la recepción, que sin embargo estaba bastante lejos de nuestra habitación.
Dada la ubicación en una autopista muy transitada, la estructura debería tener un bar donde poder tomar algo sin tener que salir.",
"Tolles Ambiente, herrlicher Blick im schönen Garten ayf den Vulkan. Interessante Vögel überall. Die nahe Straße ist im Bereich des ansonsten sehr schõnen Pools etwas laut.",5,Hotel Roca Negra del Arenal,alojamiento,booking,de,"Gran ambiente, maravillosa vista al hermoso jardín y al volcán. Aves interesantes por todas partes. La calle cercana es un poco ruidosa en la zona de la piscina, por lo demás muy bonita.",
"Wunderschöne Anlage, man wohnt inmitten eines tropischen Gartens. Gutes Frühstück, schöner Pool, sehr nettes Personal. Das Beste: Premiumblick auf den Vulkan Arenal! ./.",5,Hotel Roca Negra del Arenal,alojamiento,booking,de,"Hermoso complejo, vives en medio de un jardín tropical. Buen desayuno, bonita piscina, personal muy agradable. Lo mejor: ¡Vistas premium al Volcán Arenal! ./.",
"Het ontvangst, de tuin + zwembad en omgeving waren top! Als er iets moet worden genoemd, was het de breedte van het bed, maar dat valt in t niet ten opzichte vd pluspunten!",5,Hotel Roca Negra del Arenal,alojamiento,booking,nl,"¡La bienvenida, el jardín + piscina y los alrededores fueron geniales! Si hay que mencionar algo, es el ancho de la cama, ¡pero eso no es nada comparado con los aspectos positivos!",
"Accueil chaleureux et hôtel très verdoyant, il y a beaucoup d'oiseaux visibles de jour comme de nuit.
De plus l'hôtel est situé non loin du centre ville, à 15-20 min à pied

Bon rapport qualité - prix Le seul petit bémol est qu'il faut payer en cash",5,Hotel Roca Negra del Arenal,alojamiento,booking,fr,"Cálida bienvenida y hotel muy verde, hay muchas aves visibles de día y de noche.
Además, el hotel se encuentra no lejos del centro de la ciudad, a 15-20 minutos a pie.

Buena relación calidad-precio. El único inconveniente es que hay que pagar en efectivo.",
"Wat een heerlijk verblijf hebben we gehad! De beste die we hebben gehad. Super vriendelijk personeel, de kamer was heel schoon en comfortabel. Ook het zwembad was prachtig en de natuur van het terrein was geweldig. Helemaal top!!! Ontbijt was helaas niet inbegrepen en moest je aangeven van tevoren als je dat wilde.",5,Hotel Roca Negra del Arenal,alojamiento,booking,nl,"¡Qué maravillosa estancia tuvimos! Lo mejor que hemos tenido. Personal super amable, la habitación estaba muy limpia y cómoda. La piscina también era hermosa y la naturaleza de los jardines era increíble. ¡¡¡Absolutamente genial!!! Lamentablemente el desayuno no estaba incluido y había que indicarlo con antelación si lo deseaba.",
"Mooi onderhouden accommodatie in een kleurrijke tuin, kamers werden schoongemaakt op aanvraag en het zwembad was erg fijn met zelfs een warme jacuzzi. Het personeel was erg vriendelijk, benaderbaar, had humor en was flexibel. We kregen onze twee kamers netjes naast elkaar ondanks dat we twee verschillende types kamer hadden geboekt en we konden eerder inchecken. Receptioniste boekte voor ons tickets bij de Valdi hot springs met korting. Eigenlijk was alles perfect, enige kanttekeningen waren de drukke weg vlak naast het complex en de rumoerige receptie die zich vlak naast onze kamers bevond. Daarnaast hadden we graag met creditcard betaald, nu moesten we meerdere keren geld opnemen tegen extra kosten bij de bank omdat alleen contant betalen mogelijk was.",5,Hotel Roca Negra del Arenal,alojamiento,booking,nl,"Alojamiento muy bien cuidado en un jardín colorido, las habitaciones se limpiaban a pedido y la piscina era muy agradable, incluso con un jacuzzi caliente. El personal era muy amable, accesible, tenía humor y era flexible. Nos dieron dos habitaciones una al lado de la otra a pesar de que habíamos reservado dos tipos de habitaciones diferentes y pudimos registrarnos antes. La recepcionista nos reservó entradas para las aguas termales de Valdi con descuento. En realidad todo fue perfecto, los únicos comentarios fueron la calle muy transitada justo al lado del complejo y la recepción ruidosa que estaba justo al lado de nuestras habitaciones. Además, nos hubiera gustado pagar con tarjeta de crédito, pero ahora tuvimos que retirar dinero del banco varias veces con costes adicionales porque solo era posible pagar en efectivo.",
"Sehr nettes und schönes angelegtes Hotel in guter Lage, um Ausflüge zu starten. Das Zimmer war geräumig und hatten einen schönen Blick in den grünen Garten. Das Personal war sehr freundlich und das Frühstück für 7$ p.P war auch gut.",5,Hotel Roca Negra del Arenal,alojamiento,booking,de,Hotel muy bonito y bellamente diseñado en una buena ubicación para iniciar excursiones. La habitación era espaciosa y tenía una bonita vista del jardín verde. El personal era muy amable y el desayuno por $7 por persona también era bueno.,
"Elizabet cudowna, wspaniała, miła, bardzo pomocna kobieta dla której zajmowanie się nami jest pasja. Była naszym aniołem stróżem pod czas pobytu, bo mielysmy trochę kłopotów nie związanych z hotelem. To mejsce to mały raj na ziemi - zielony ogrody, ptaki widok na wulkan, jakuzzi, basen, pyszne śniadanie, mile ludzi. Do tego wszędzie blisko. Polecam każdemu pobyt w tym mejscu. Elizabeth widać jak Kochasz ludzi, a my Kochany Ciebie!!! Zumka I Leszek (kłopotliwe turyści 😅). CUDOWNE MEJSCE! POLECAMY! Wszytko idealnie!",5,Hotel Roca Negra del Arenal,alojamiento,booking,pl,"Elizabet es una mujer maravillosa, maravillosa, simpática, muy servicial y a la que le apasiona cuidarnos. Ella fue nuestro ángel de la guarda durante nuestra estadía, porque tuvimos algunos problemas no relacionados con el hotel. Este lugar es un pequeño paraíso en la tierra: jardines verdes, pájaros, vistas al volcán, jacuzzi, piscina, desayuno delicioso y gente agradable. Además todo está cerca. Recomiendo a todos que se queden en este lugar. ¡¡¡Elizabeth demuestra que amas a la gente y nosotros te amamos!!! Zumka y Leszek (turistas problemáticos ). ¡LUGAR MARAVILLOSO! ¡RECOMENDAMOS! ¡Todo perfecto!",😅
Je zit midden in de natuur en toch dichtbij de activiteiten en restaurants. Koelkast maakt te veel geluid daarom in nacht uitgezet,5,Hotel Roca Negra del Arenal,alojamiento,booking,nl,"Estás en plena naturaleza y, sin embargo, cerca de actividades y restaurantes. El frigorífico hace mucho ruido, por eso lo apago por la noche.",
La struttura e’ immersa nella natura e ci sino i colibri che vengono a mangiare il nettare dei fiori! Un relax incredibile e si vede il vulcano da lontano Niente,5,Hotel Roca Negra del Arenal,alojamiento,booking,it,La estructura está rodeada de naturaleza e incluso hay colibríes que vienen a comer el néctar de las flores. Increíble relajación y puedes ver el volcán desde lejos. Nada,
"Magnifique jardin ,belle vue sur le volcan,plein de belles plantes et des colibris. Mauvaise insonorisation",5,Hotel Roca Negra del Arenal,alojamiento,booking,fr,"Magnífico jardín, hermosa vista al volcán, lleno de hermosas plantas y colibríes. Mala insonorización",
"Velmi milí personál, čisté ubytování, skvělá poloha, cena velmi přijatelná.",5,Hotel Roca Negra del Arenal,alojamiento,booking,cs,"Personal muy agradable, alojamiento limpio, excelente ubicación, precio muy razonable.",
Magnifique établissement ! Personnel et accueil impeccable et emplacement de choix. Un gros coup de cœur pour moi et ma famillle. 10/10 Rien,5,Hotel Roca Negra del Arenal,alojamiento,booking,fr,Magnífico establecimiento! Personal impecable y bienvenida y ubicación privilegiada. Un gran favorito para mí y mi familia. 10/10 Nada,
Mooie plek op een goede locatie! Uitzicht op de vulkaan. Dicht bij winkels en restaurantjes. Niets,5,Hotel Roca Negra del Arenal,alojamiento,booking,nl,Bonito lugar en una buena ubicación! Vista del volcán. Cerca de tiendas y restaurantes. Nada,
"Comfortabele kamer, heel vriendelijk personeel en prima ontbijt, wel tegen betaling Het was te doen om naar Fortuna centrum te lopen, althans overdag. 's avonds niet aan te raden.",5,Hotel Roca Negra del Arenal,alojamiento,booking,nl,"Habitación cómoda, personal muy amable y desayuno excelente, aunque de pago. Era manejable caminar hasta el centro de Fortuna, al menos durante el día. No recomendado por la noche.",
Mooi en netjes! Met uitzicht op de Arenal vulkaan vanuit ons terras. Heerlijk zwembad. Vriendelijk personeel! Niets,5,Hotel Roca Negra del Arenal,alojamiento,booking,nl,¡Agradable y ordenado! Con vista al volcán Arenal desde nuestra terraza. Preciosa piscina. Personal amable! Nada,
"Schöne Bungalows in sehr bunt angelegten Garten mit vielen Tieren Nahe an der Straße, LKWs waren in der Nacht laut störend",5,Hotel Roca Negra del Arenal,alojamiento,booking,de,"Preciosos bungalows en un jardín muy colorido con muchos animales. Cerca de la carretera, los camiones hacían ruido y molestaban por la noche.",
"Le personnel est très professionnel et accueillant. L'endroit est magique grâce à son jardin luxuriant. Les chambres sont spacieuses. Lors de notre séjour, il y a eu un problème de wifi ce qui peut arriver n'importe où.
Le petit déjeuner pourrait être meilleur.",5,Hotel Roca Negra del Arenal,alojamiento,booking,fr,"El personal es muy profesional y acogedor. El lugar es mágico gracias a su exuberante jardín. Las habitaciones son espaciosas. Durante nuestra estancia, hubo un problema de wifi que puede ocurrir en cualquier lugar.
El desayuno podría ser mejor.",
Sehr freundliches Personal! Es war keine Kartenzahlung möglich…,5,Hotel Roca Negra del Arenal,alojamiento,booking,de,Personal muy amable! No fue posible realizar el pago con tarjeta...,
"alles perfekt, wunderschöne Anlage, tolles Personal, sehr sauber, bezaubernd ist der Garten, viele Vögel zu beobachten direkt von der terasse aus, wir würden jederzeit wieder kommen nichts",5,Hotel Roca Negra del Arenal,alojamiento,booking,de,"Todo fue perfecto, hermosos jardines, excelente personal, muy limpio, el jardín es encantador, muchas aves para observar directamente desde la terraza, volveríamos en cualquier momento. Nada",
"An dieser Unterkunft hat uns ausnahmslos ALLES gefallen. Die Besitzerin (?) Elisabeth führt das Hotel mit viel Herzblut und Professionalität, ist dabei tiefenentspannt und begrüßt die Gäste immer mit einem Scherz auf den Lippen. Rezeption, Gemeinschaftsbereiche und Wohneinheiten liegen inmitten einer phantastischen tropischen Gartenlandschaft; von unserer eigenen Terrasse mit Schaukelstühlen hatten wir exklusive Aussicht auf den Vulkan Arenal, das Zimmer selbst war geschmackvoll, sauber, mit Kühlschrank, Safe, TV und großzügigem Bad eingerichtet. Für Hobby-Ornithologen der perfekte Auftakt in den Tag ;)) Schöner Poolbereich, frisches üppiges Frühstück gegen geringen Aufpreis zubuchbar ( das traditionelle Tico-Frühstück wird mit Reis in Vulkanform und frischen Früchten zubereitet ). Viele interessante Sehenswürdigkeiten zentral erreichbar ( unbedingt empfehlenswert die Touren des Anbieters RED LAVA TOURS in La Fortuna/Abholung direkt vor dem Hotel sowie benachbarter Bogarin Trail - exzellente Guides ) Es gibt nicht das Geringste zu beanstanden !",5,Hotel Roca Negra del Arenal,alojamiento,booking,de,"Nos gustó TODO de este alojamiento sin excepción. La propietaria (?) Elisabeth dirige el hotel con mucha pasión y profesionalidad, está profundamente relajada y siempre saluda a los huéspedes con una broma en los labios. La recepción, las áreas comunes y las unidades residenciales se encuentran en medio de un fantástico paisaje de jardines tropicales; Tuvimos una vista exclusiva del Volcán Arenal desde nuestra propia terraza con mecedoras. La habitación en sí era elegante, limpia y equipada con nevera, caja fuerte, televisión y un baño espacioso. El comienzo perfecto del día para los ornitólogos aficionados ;)) Hermosa área de piscina, se puede reservar un desayuno suntuoso y fresco por un pequeño cargo adicional (el desayuno tradicional tico se prepara con arroz en forma de volcán y frutas frescas). Muchos lugares de interés son accesibles centralmente (recomiendo encarecidamente los tours ofrecidos por RED LAVA TOURS en La Fortuna/recogida directamente en frente del hotel y el vecino Bogarin Trail - excelentes guías) ¡No hay nada de qué quejarse!",
"La place de parking a coté du petit logement
La vue sur la montagne
La verdure qui invite les oiseaux à venir voler à coté des chambres
L'intimité, avec les petits logements espacés les uns des autres.
La salle de jeu et le spa
l'hotel est un peu éloigné de l'activité de la ville ce qui en fait un endroit parfait. Rien.",5,Hotel Roca Negra del Arenal,alojamiento,booking,fr,"La plaza de aparcamiento al lado del pequeño alojamiento.
la vista a la montaña
El verdor que invita a los pájaros a venir a volar junto a las habitaciones
Intimidad, con los pequeños alojamientos separados unos de otros.
La sala de juegos y spa.
El hotel está un poco alejado de la actividad de la ciudad lo que lo convierte en una ubicación perfecta. Nada.",
De tuin en de gastvrijheid van het personeel. niets,5,Hotel Roca Negra del Arenal,alojamiento,booking,nl,El jardín y la hospitalidad del personal. nada,
"Eine wunderschöne Anlage, sehr hilfsbereites und nettes Personal.",5,Hotel Roca Negra del Arenal,alojamiento,booking,de,"Unas hermosas instalaciones, personal muy servicial y agradable.",
"Wir hatten ein grosses, perfekt sauberes Zimmer mit 2 riesigen Betten (No 12) mitten in diesem wunderbaren Garten voller exotischer Blumen und Bäume, die Kolibris schwirren an der Terrasse vorbei, wo man in der Hängematte mit Blick auf den Arenal entspannen kann. Es gibt einen schönen kleinen Pool. Jacuzzi ab 15 Uhr, Spiele, gratis Tee etc. Das Frühstück
ist auch fein (nicht inkludiert) und das Personal sehr nett. Das Hotel liegt im oberen Teil von La Fortuna nah zu div Restaurants und Bars und auch nah an den Thermalbädern und dem Vulkan. Perfekt. Das Inernet im Zimmer ist sehr schwach, aber im allgemeinen Bereich läufts bestens.",5,Hotel Roca Negra del Arenal,alojamiento,booking,de,"Teníamos una habitación grande, perfectamente limpia, con 2 camas enormes (No 12) en medio de este maravilloso jardín lleno de flores y árboles exóticos, los colibríes pasan zumbando por la terraza donde puedes relajarte en la hamaca con vista al Arenal. Hay una pequeña piscina bonita. Jacuzzi a partir de las 15 h, juegos, té gratis, etc. Desayuno
También está bien (no incluido) y el personal es muy agradable. El hotel está situado en la parte alta de La Fortuna cerca de varios restaurantes y bares y también cerca de los baños termales y del volcán. Perfecto. El Internet en la habitación es muy débil, pero en el área general funciona bien.",
"Mooie (wij hadden een vrijstaand) huisje met een fantastische badkamer, geweldige en grote slaapkamer en heel fijn eigen terras. Auto kan naast je huisje staan. Een mooi aangelegde tuin en aan het eind een ruwer deel waar wildlife te zien is als je geluk hebt (wij zagen enkele toekans). In de grote tuin veel vogels en mooie bloeiende platen waar de kolibries volop aanwezig zijn. Vanaf het terras heb je bij helder weer uitzicht op de vulkaan. Algemene voorzieningen zijn uitstekend - een mooi zwembad en whirlpool, leuke zitjes eromheen, poolbiljart, koffie-/theehoek. 
Het geheel is ruim opgezet dus je hebt voldoende privacy.
Je hebt een auto nodig om naar Fortuna te gaan of naar het National Parc of naar La Fortuna Waterval maar je bent direct op de hoofdweg naar deze bezienswaardigheden. Niets, weliswaar was er bij ons geen ontbijt op dat moment mogelijk maar aan de overkant van de straat zit een leuke soda waar je goedkoop een ontbijtje kunt nuttigen.",5,Hotel Roca Negra del Arenal,alojamiento,booking,nl,"Preciosa casa (teníamos una independiente) con un baño fantástico, un dormitorio fantástico y grande y una terraza privada muy bonita. El coche se puede aparcar al lado de tu casa. Un hermoso jardín y al final una parte más accidentada donde puedes ver vida salvaje si tienes suerte (vimos algunos tucanes). En el gran jardín hay muchas aves y hermosas áreas con flores donde abundan los colibríes. Desde la terraza se tiene una vista del volcán cuando hace buen tiempo. Las instalaciones generales son excelentes: una hermosa piscina e hidromasaje, agradables áreas para sentarse alrededor, mesa de billar y rincón para preparar té y café. 
La propiedad es espaciosa, por lo que tienes mucha privacidad.
Necesitas un auto para ir a Fortuna o al Parque Nacional o a la Catarata La Fortuna, pero estás justo en la carretera principal hacia estos lugares de interés. Nada, aunque el desayuno no estaba disponible en nuestra casa en ese momento, pero hay una bonita tienda de refrescos al otro lado de la calle donde puedes tomar un desayuno barato.",
"Les installations sont belles, avec piscine, jacuzzi, espace jeux, hamacs… le jardin est superbe. Le petit dej - en supplément, est très bien. La vue doit être superbe mais le temps est resté couvert tout notre séjour. Chambres mal insonorisées et espaces extérieurs collés les uns aux autres. 
Accueil un peu autoritaire…
Un peu loin un pied de La Fortuna centre, sur une route très passante.",5,Hotel Roca Negra del Arenal,alojamiento,booking,fr,"Las instalaciones son preciosas, con piscina, jacuzzi, zona de juegos, hamacas… el jardín es magnífico. Desayuno extra, es muy bueno. La vista debe ser magnífica, pero el clima permaneció nublado durante toda nuestra estancia. Habitaciones mal insonorizadas y espacios exteriores pegados entre sí. 
Una pequeña bienvenida autoritaria...
Un poco lejos del centro de La Fortuna, en una calle muy transitada.",
"Czystość, piękny ogród, domowa atmosfera Brak śniadań wliczonych w cenę",5,Hotel Roca Negra del Arenal,alojamiento,booking,pl,"Limpieza, bonito jardín, ambiente hogareño. No hay desayuno incluido en el precio.",
"Sehr freundliche Gastgeber. Der Garten ist wunderschön und die Zimmer haben eine eigene Terrasse mit einer Hängematte. Der Jacuzzi ist sehr schön und so könnte man sich sogar den Eintritt in eine Therme sparen. 
In der Nähe hat es ein paar gute Restaurants, die man zu Fuss erreicht. nichts",5,Hotel Roca Negra del Arenal,alojamiento,booking,de,"Anfitriones muy amables. El jardín es precioso y las habitaciones tienen su propia terraza con hamaca. El jacuzzi es muy bonito e incluso podrías ahorrarte la entrada a un baño termal. 
Hay algunos buenos restaurantes cerca a los que se puede llegar a pie. nada",
"le jardin est magnifique, l'espace jeu avec le billard et la table de ping-pong très bien. le wifi n'a pas toujours bien fonctionné et pas de petit déjeuner.",5,Hotel Roca Negra del Arenal,alojamiento,booking,fr,"el jardín es magnífico, la zona de juegos con billar y mesa de ping-pong muy buena. El wifi no siempre funcionaba bien y no había desayuno.",
"Ein  blühendes zwitscherndes Gartenparadies mit Kolibris und vielen Vögel. 
Die schönste Unterkunft auf unserer Reise.
Perfekt sauber.
Außerordentlich liebe Frauen führen das Hotel.",5,Hotel Roca Negra del Arenal,alojamiento,booking,de,"Un paraíso jardín floreciente y chirriante con colibríes y muchas aves. 
El alojamiento más bonito de nuestro viaje.
Perfectamente limpio.
Mujeres extremadamente encantadoras dirigen el hotel.",
De tuin is prachtig en vol met vogels. We zagen zelfs toekans overvliegen. Uitzicht op de vulkaan is (als het weer meezit) fenomenaal. De vrouw bij de receptie heeft een flinke dosis humor.,5,Hotel Roca Negra del Arenal,alojamiento,booking,nl,El jardín es precioso y está lleno de pájaros. Incluso vimos tucanes volando por encima. La vista del volcán es fenomenal (si hace buen tiempo). La mujer de recepción tiene buenas dosis de humor.,
"Situation dans un jardin très fleuri où les colibris butinent…très agréable le matin au petit déjeuner…
Chambre de luxe avec 2 grands lits, grande salle de bain avec WC séparé, très pratique pour 3 personnes. Belle terrasse avec fauteuils et hamac.
Endroit avec jeux et thé offert, la piscine et le spa pour la fin de journée
Personnel agréable avec beaucoup d’humour mais les costaricains sont très agréables en général. Proximité de la route surtout pour la piscine et petit déjeuner mais le décor de la végétation et des fleurs font oublier le bruit.",5,Hotel Roca Negra del Arenal,alojamiento,booking,fr,"Ubicación en un jardín muy florido donde los colibríes ramonean... muy agradable por la mañana en el desayuno...
Habitación de lujo con 2 camas grandes, amplio cuarto de baño con WC separado, muy práctica para 3 personas. Hermosa terraza con sillones y hamaca.
Lugar con juegos y té gratis, piscina y spa para el final del día
Personal agradable y con mucho humor pero los costarricenses son muy agradables en general. Cerca de la carretera especialmente para la piscina y el desayuno pero la decoración de la vegetación y las flores te hacen olvidar el ruido.",
"Personal molt amable, que ens va recomanar restaurant on sopar. L'hotel és encantador, amb vistes al volcà arenal des de l'habitació i un petit jardí on pots veure colibris. La piscina i el jacuzzi són ideals per descansar després d'un dia d'excursió. L'hotel està situat a les afores del poble la Fortuna (5 min aprox en cotxe) i de camí al PN Volcan Arenal, creiem que està molt ben situat. La relació qualitat-preu és molt bona. 100% recomenable!!! S'ha de tenir en compte que les parets són bastant fines i sents la gent de les altres habitacions.",5,Hotel Roca Negra del Arenal,alojamiento,booking,ca,"Personal muy amable, que nos recomendó restaurante donde cenar. El hotel es encantador, con vistas al volcán arenal desde la habitación y un pequeño jardín donde puedes ver colibrios. La piscina y el jacuzzi son ideales para descansar después de un día de excursión. El hotel está situado a las afueras del pueblo la Fortuna (5 min aprox en coche) y de camino al PN Volcan Arenal, creemos que está muy bien situado. La relación calidad-precio es muy buena. 100% recomendable!!! Se debe tener en cuenta que las paredes son bastante finas y sientes la gente de las demás habitaciones.",
"Wat een pareltje dit hotel. Prachtige locatie met tuin, vriendelijk personeel en top kamers met een uitzicht op de vulkaan. Niets",5,Hotel Roca Negra del Arenal,alojamiento,booking,nl,"Qué joya es este hotel. Hermosa ubicación con jardín, personal amable y habitaciones superiores con vista al volcán. Nada",
"Nous avons passé 2 jours très agréables dans un cadre verdoyant et reposant. Le service et l'accueil sont parfait.
Le petit plus très très sympa... Le jacuzzi en accès gratuit. Dommage que le petit déjeuner ne soit pas inclus dans le prix",5,Hotel Roca Negra del Arenal,alojamiento,booking,fr,"Pasamos 2 días muy agradables en un entorno verde y relajante. El servicio y la bienvenida son perfectos.
El pequeño extra muy, muy agradable... El jacuzzi de acceso gratuito. Lástima que el desayuno no esté incluido en el precio.",
Alles war perfekt. Mehr gibt es zu dieser Unterkunft nicht zu sagen. Einfach großartig.,5,Hotel Roca Negra del Arenal,alojamiento,booking,de,Todo fue perfecto. No hay nada más que decir sobre este alojamiento. Simplemente genial.,
"sehr schöne Anlage,für Naturliebhaber,viele Vögel,nettes hilfsbereites Personal",5,Hotel Roca Negra del Arenal,alojamiento,booking,de,"Instalaciones muy bonitas, para amantes de la naturaleza, muchas aves, personal agradable y servicial.",
"La dona de la recepció és molt maca i simpàtica. Piscina molt xula amb jacuzzi.
Bona dutxa amb aigua calenta i llits còmodes Res",5,Hotel Roca Negra del Arenal,alojamiento,booking,ca,"La mujer de la recepción es muy guapa y simpática. Piscina muy chula con jacuzzi.
Buena ducha con agua caliente y camas cómodas Nada",
Wir hatten einen einzeln stehenden Bungalow mit Blick auf den Vulkan. Pure Privatsphäre. Ausstattung besser als erwartet . Sehr freundliches Personal mit gutem Tip für Restaurants und kostenlose heisse Quelle.,5,Hotel Roca Negra del Arenal,alojamiento,booking,de,Teníamos un bungalow individual con vistas al volcán. Pura privacidad. Instalaciones mejores de lo esperado. Personal muy amable con buenos consejos sobre restaurantes y aguas termales gratuitas.,
"L hotel est situé dans un très beau jardin ( magnifiques fleurs) et il a une piscine 
Il est très bien situé au calme mais très proche du centre 
Le personnel est très sympathique Rien",5,Hotel Roca Negra del Arenal,alojamiento,booking,fr,"El hotel está situado en un jardín muy bonito (flores magníficas) y tiene una piscina. 
Está muy bien situado en una zona tranquila pero muy cerca del centro. 
El personal es muy amable Nada",
"Zwembad, uitzicht op de vulkaan, verschillende excursies te boeken via het hotel, dé tip om naar Relax Termalitas Hot Springs te gaan voor een dagje hotsprings (een aanrader!) Gehorige kamers, het ontbijt viel tegen, wij raden aan om ergens in de buurt ontbijt te eten (Red Frog Coffee Roasters)",5,Hotel Roca Negra del Arenal,alojamiento,booking,nl,"Piscina, vista al volcán, se pueden reservar varias excursiones a través del hotel, el consejo es ir a Relax Termalitas Hot Springs para pasar un día en las aguas termales (¡muy recomendable!) Habitaciones ruidosas, el desayuno fue decepcionante, recomendamos desayunar en algún lugar cercano (Red Frog Coffee Roasters)",
Das Hotel hat eine gute Lage und war sehr sauber. Von unserer Terrasse konnten wir viele Tiere beobachten.,5,Hotel Roca Negra del Arenal,alojamiento,booking,de,El hotel está en una buena ubicación y estaba muy limpio. Pudimos observar muchos animales desde nuestra terraza.,
"Son emplacement face à l'arenal.
Ses casitas dispersées dans un jardin luxuriant, fleuri et empli de colibris, d'autres oiseaux et de papillons.
La gentillesse de sa propriétaire. Rien",5,Hotel Roca Negra del Arenal,alojamiento,booking,fr,"Su ubicación frente al Arenal.
Sus casitas están esparcidas en un jardín exuberante y florido lleno de colibríes, otras aves y mariposas.
La amabilidad de su dueño. Nada",
"Ze hebben zo veel diertjes, leuke tuin en zwembad. Super leuk! Ook het bed was heel groot.",5,Hotel Roca Negra del Arenal,alojamiento,booking,nl,"Tienen muchísimos animales, un bonito jardín y piscina. ¡Muy divertido! La cama también era muy grande.",
Prachtig uitzicht Zwembad is net naast de de weg en het lawaai is niet echt rustgevend,5,Hotel Roca Negra del Arenal,alojamiento,booking,nl,Hermosa vista La piscina está justo al lado de la carretera y el ruido no es realmente relajante.,
"Gratis Zimmer-Upgrade bekommen, traumhafter Blick direkt von der Zimmer-Terrasse auf den Vulkan Arenal, sehr nette Anlage mit schönem Pool & kleinem Whirlpool. Und beim Frühstück gibt es die BESTEN, FLUFFIGSTEN PANCAKES, die wir je gegessen haben 🙂 Nur Barzahlung möglich und kein ATM in Fußweite.",5,Hotel Roca Negra del Arenal,alojamiento,booking,de,"Obtenga una mejora de habitación gratuita, una vista fantástica del Volcán Arenal directamente desde la terraza de la habitación, un complejo muy bonito con una hermosa piscina y un pequeño jacuzzi. Y en el desayuno tenemos los MEJORES Y ESPONJOSOS PANCAKES que jamás hayamos comido  Solo es posible el pago en efectivo y no hay cajeros automáticos a poca distancia.",🙂
"perfekter Ausblick, super netter Personal",5,Hotel Roca Negra del Arenal,alojamiento,booking,no,"vista perfecta, personal super agradable",
"Les chalets sont très confortable, la terrasse vu sur le volcan est à couper le souffle. Literie très confortable. Le coin piscine et jacuzzi est trop beau . Il y a plein de resto accessible à pied . Rien",5,Hotel Roca Negra del Arenal,alojamiento,booking,fr,"Los chalets son muy cómodos, la terraza con vistas al volcán es impresionante. Ropa de cama muy cómoda. La zona de la piscina y el jacuzzi es preciosa. Hay muchos restaurantes a poca distancia. Nada",
Schöne Lage und Dank des beheizten Jakuzzis haben wir auf die heißen Quellen verzichtet. Super nettes Personal,5,Hotel Roca Negra del Arenal,alojamiento,booking,de,Hermosa ubicación y gracias al jacuzzi climatizado nos saltamos las aguas termales. Personal súper agradable,
"Eugenia is een top dame! Op voorhand krijg je al berichtjes om je welkom te heten. Eens ter plekken word je ontvangen in een warme omgeving. Kamers zeer netjes, faciliteiten top, ontbijt voor amper 7 dollar bij geboekt en geen spijt. Laat je ook helpen bij het boeken van tours, ze zijn echt goedkoper via haar.",5,Hotel Roca Negra del Arenal,alojamiento,booking,nl,"Eugenia es una gran dama! Recibirás mensajes con antelación para darte la bienvenida. Una vez que llegue, será recibido en un ambiente cálido. Habitaciones muy cuidadas, instalaciones de primera, desayuno por apenas 7 dólares cuando se reserva y no me arrepiento. También obtenga ayuda para reservar tours, son realmente más baratos a través de ella.",
"Hôtel vraiment au top : bungalows très spacieux et modernes, avec de grandes terrasses donnant sur un jardin fabuleux. On avait en permanence des colibris à quelques mètres de notre terrasse.
La piscine est très agréable, le jacuzzi aussi, le tout entouré de verdure magnifique.
Le personnel est très gentil.
L’emplacement est parfait avec des restau juste devant, et situé sur la route des parcs et sentiers.
Et pour finir plein de jeux et des animaux pour les enfants.
On recommande sans hésiter. Rien du tout",5,Hotel Roca Negra del Arenal,alojamiento,booking,fr,"Hotel realmente top: bungalows muy espaciosos y modernos, con grandes terrazas con vistas a un fabuloso jardín. Constantemente teníamos colibríes a pocos metros de nuestra terraza.
La piscina es muy agradable, al igual que el jacuzzi, todo ello rodeado de una magnífica vegetación.
El personal es muy agradable.
La ubicación es perfecta, con restaurantes justo enfrente y ubicada en la carretera a parques y senderos.
Y por último muchos juegos y animales para los niños.
Recomendamos sin dudarlo. Nada en absoluto",
"We werden enthousiast verwelkomt door de receptioniste en hadden een comfortabele kamer met prachtig uitzicht op de vulkaan. De kamer was van alle gemakken voorzien en de handdoeken/kamer werden verschoond. Ook waren er een spelletjes ruimte met pooltafel, een heel fijn zwembad met Jacuzzi en een erg lekker ontbijt aanwezig. Verder lagen de restaurants en barretjes op loopafstand. Kortom een uitstekend hotel op een prachtige locatie waar veel te doen is.",5,Hotel Roca Negra del Arenal,alojamiento,booking,nl,"La recepcionista nos recibió con entusiasmo y teníamos una habitación cómoda con una hermosa vista del volcán. La habitación estaba completamente equipada y cambiaron las toallas y la habitación. También había una sala de juegos con mesa de billar, una piscina muy bonita con jacuzzi y un desayuno muy sabroso. Además, los restaurantes y bares se encuentran a poca distancia. En resumen, un excelente hotel en una hermosa ubicación con mucho que hacer.",
"Het is echt een prachtige plek,  met een heerlijke buitenruimte,  grote kamers, een zwembad,  een lekker ontbijt,  fatsastisch uitzicht op El arenal vanaf het terras,  overal kolibries en vijvers in de prachtige tuin,  een heel erg vriendelijk personeel Niks,  echt top",5,Hotel Roca Negra del Arenal,alojamiento,booking,nl,"Es un lugar realmente hermoso, con un hermoso espacio al aire libre, amplias habitaciones, piscina, un delicioso desayuno, una vista fantástica de El Arenal desde la terraza, colibríes por todas partes y estanques en el hermoso jardín, un personal muy amable. Nada, realmente genial.",
"Tolle Lage in der Nähe der großen Attraktionen. Wunderschöner sauberer Bungalow mit Terrasse und Vulkanblick, alles in einem
Wunderschön angelegten Garten!",5,Hotel Roca Negra del Arenal,alojamiento,booking,de,"Excelente ubicación cerca de las principales atracciones. Hermoso bungalow limpio con terraza y vista al volcán, todo en uno.
¡Hermoso jardín paisajístico!",
"To był raj na ziemi.Zachwycający ogród w którym poczujesz się jak w raju, piękny basen i jacuzzi, piękny widok na wulkan prosto z tarasu,mnóstwo ptaków , kolibry naokoło.Obsluga przemiła i pomocna.Cisza i spokój, tylko śpiew ptaków Pokój czysty, ładny.Nic więcej nie trzeba było. Sklep i restauracje w poblizu.Jeden z najlepszych hoteli w których byłam.Dla miłosników roślin egzotyki to miejsce top one .Miejsce do którego bysmy  wrocili .Jesteśmy pod wrażeniem tego miejsca.Warte każdej ceny jak chcesz poczuć Kostarykę.Dziękujemy za wszystko.Pura Vida. Rajski ogród jak z bajki.Lokalizacja i widok na wulkan",5,Hotel Roca Negra del Arenal,alojamiento,booking,pl,"Era un paraíso en la tierra. Un encantador jardín donde te sentirás como en el paraíso, una hermosa piscina y jacuzzi, una hermosa vista del volcán directamente desde la terraza, muchas aves, colibríes por todos lados. El servicio fue muy agradable y servicial. Paz y tranquilidad, sólo el canto de los pájaros. La habitación estaba limpia y era bonita. No hacía falta nada más. Tiendas y restaurantes cercanos. Uno de los mejores hoteles en los que he estado. Para los amantes de las plantas exóticas, este es un lugar privilegiado. Un lugar al que volveríamos. Estamos impresionados con este lugar. Vale la pena cada precio si quieres sentir Costa Rica. Gracias por todo. Pura Vida. Un jardín paradisíaco como de cuento de hadas. Ubicación y vista del volcán.",
"Superleuk, mooi groen, kamer met uitzicht op de vulkaan en de binnentuin. Prima lokatie en ontbijt wordt vers bereid. Niets!",5,Hotel Roca Negra del Arenal,alojamiento,booking,nl,"Muy linda, hermosa habitación verde con vista al volcán y al patio. Excelente ubicación y el desayuno está recién preparado. ¡Nada!",
"Sehr schöne und gepflegte Anlage mit direkter Sicht zum Arenal, traumhaft. Danke Elisabeth für den freundlichen Empfang und deine hilfsbereitschaft. Das Frühstück war sehr lecker. ./.",5,Hotel Roca Negra del Arenal,alojamiento,booking,de,"Instalaciones muy bonitas y cuidadas con vista directa al Arenal, fantástico. Gracias Elisabeth por la cálida bienvenida y tu ayuda. El desayuno era muy sabroso. ./.",
"Heel mooi huisje gelegen in een paradijs van planten en bloemen. Ons huisje had zelfs uitzicht op de vulkaan. Zeer vriendelijke eigenaressse. Prachtig huisje met grote zeer mooie badkamer en grote slaapkamer met koelkast en luie stoel. Heerlijk groot terras met hangmat en 2 luie fauteuils. Heel veel kolibries in de tuin gezien. Tuin is zo groot dat je er een mooie wandeling kunt maken. Mooi zwembad Pooltafel en andere spellen. Vlakbij allerlei restaurants, een mooie waterval en het vulkaanpark.",5,Hotel Roca Negra del Arenal,alojamiento,booking,nl,"Muy linda casa ubicada en un paraíso de plantas y flores. Nuestra casa incluso tenía vistas al volcán. Propietario muy amable. Hermosa casa con baño grande y muy bonito y dormitorio grande con refrigerador y sillón. Preciosa terraza grande con hamaca y 2 sillones. Vi muchos colibríes en el jardín. El jardín es tan grande que se puede dar un agradable paseo hasta allí. Bonita piscina Mesa de billar y otros juegos. Cerca de todo tipo de restaurantes, una hermosa cascada y el parque del volcán.",
"Supervriendelijke ontvangst met goede tips. Als je uitstappen of transfer wil plannen, boek het hier! Het komt goedkoper uit😀. Prachtige tuin! Ontbijten kan soms ter plaatse maar er is voldoende keuze in de buurt.",5,Hotel Roca Negra del Arenal,alojamiento,booking,nl,"Bienvenida super amable y con buenos consejos. Si quieres planificar un viaje o traslado, ¡resérvalo aquí! Sale más barato. ¡Hermoso jardín! A veces se puede desayunar en el establecimiento, pero hay muchas opciones cerca.",😀
Het bed sliep zalig en was extra groot. Daarnaast was het ontbijt top! /,5,Hotel Roca Negra del Arenal,alojamiento,booking,nl,"La cama dormía de maravilla y era extra grande. Además, ¡el desayuno estuvo genial! /",
"Das Hotel Roca Negra liegt etwas oberhalb von La Fortuna. Die Unterkunft hat einen tollen gepflegten Garten mit direktem Blick auf den Vulkan. Die Zimmer verfügen alle über eine tolle überdachte Terrasse mit Schaukelstühlen & einer Hängematte, in denen man sich von den zahlreichen möglichen Ausflügen in der Region erholen kann. Das Zimmer war gemütlich & sauber.  Wir haben unseren Aufenthalt sehr genossen. Bezahlung war nur mit Cash möglich- fanden wir etwas umständlich.",5,Hotel Roca Negra del Arenal,alojamiento,booking,de,"El Hotel Roca Negra está situado justo encima de La Fortuna. El alojamiento tiene un gran jardín bien cuidado con vista directa al volcán. Todas las habitaciones disponen de una gran terraza cubierta con mecedoras y una hamaca, donde podrá relajarse tras las numerosas excursiones posibles por la región. La habitación era acogedora y limpia.  Realmente disfrutamos de nuestra estancia. El pago sólo era posible en efectivo; nos pareció un poco complicado.",
Die Aussicht direkt auf den Vulkan war wirklich wunderschön. Sehr gepflegte Anlage und das Personal war äusserst zuvorkommend und hat uns gute Restaurants- und Ausflugstipps gegeben. -,5,Hotel Roca Negra del Arenal,alojamiento,booking,de,La vista directa del volcán era realmente hermosa. Instalaciones muy bien cuidadas y el personal fue extremadamente servicial y nos dio buenos consejos sobre restaurantes y excursiones. -,
"Les petites maisonettes sont superbe et le lieu est très accueillant. La piscine est super avec un espace jeu (ping-pong, billard, babyfoot).",5,Hotel Roca Negra del Arenal,alojamiento,booking,fr,"Las casitas son magníficas y el lugar es muy acogedor. La piscina es estupenda con zona de juegos (ping-pong, billar, futbolín).",
"Dejlig hus på lukket grund med fantastisk smuk have , hvor kolibrierne fløj omkring. Dejlig pool. Har intet at være utilfreds over.",5,Hotel Roca Negra del Arenal,alojamiento,booking,da,"Bonita casa en un terreno cerrado con un jardín increíblemente hermoso, donde volaban los colibríes. Bonita piscina. No tengas nada por qué estar infeliz.",
"Mooie schone kamer met kingsize bed en airco. Een mooie tuin met veel vogels. Wij hadden kamer 7, met uitzicht op de vulkaan. Het was bewolkt toen wij er waren, dus we hebben de vulkaan vanaf de accommodatie niet helemaal kunnen zien. Dichtbij het centrum",5,Hotel Roca Negra del Arenal,alojamiento,booking,nl,"Bonita habitación limpia con cama king size y aire acondicionado. Un hermoso jardín con muchas aves. Teníamos la habitación 7, con vista al volcán. Estaba nublado cuando estuvimos allí, por lo que no pudimos ver completamente el volcán desde el alojamiento. Cerca del centro",
"Wat een top verblijf, de foto's doen echt onder van de werkelijkheid. Het is zo mooi met zo'n mooie tuin! We hadden een prive huisje (casita) en die is super ruim, met een heerlijke buitenruimte en prive parkeerplaats. Ontvangst was super vriendelijk, onbijt is top, locatie is top, overal dichtbij!",5,Hotel Roca Negra del Arenal,alojamiento,booking,nl,"Que gran estancia, las fotos realmente no coinciden con la realidad. ¡Es tan hermoso con un jardín tan hermoso! Teníamos una casa privada (casita) y era súper espaciosa, con un hermoso espacio al aire libre y estacionamiento privado. La recepción fue muy amable, el desayuno es excelente, la ubicación es excelente, ¡cerca de todo!",
"Hele aardige gastvrouw, zeer schone en charmante huisjes",5,Hotel Roca Negra del Arenal,alojamiento,booking,nl,"Anfitriona muy agradable, casas muy limpias y con encanto.",
"Wir waren unglaubliche positiv überrascht, hatten mit deutlich einfacherem gerechnet.
Super schönes Zimmer, die Zimmer sind jeweils eigene Bungalows, jeweils mit eigener Terrasse.
Neben dem Pool gibt es auch noch einen jacuzzi, welcher nach einem langen Tag auf dem Vulkan definitiv gelegen kam, ansonsten gibts auch noch tischkicker oder billiard.
Das Personal ist super freundlich & lustig.
Das Frühstück war auch top ! Das WLAN war manchmal ein wenig instabil, das ist aber im Urlaub vielleicht gar nicht so schlecht",5,Hotel Roca Negra del Arenal,alojamiento,booking,de,"Nos sorprendió muchísimo y esperábamos que fuera mucho más fácil.
Habitación súper bonita, cada una de las habitaciones es su propio bungalow, cada una con su propia terraza.
Además de la piscina, también hay un jacuzzi, que sin duda fue útil después de un largo día en el volcán, y también hay futbolín y billar.
El personal es super amable y divertido.
¡El desayuno también fue genial! El WiFi era un poco inestable a veces, pero eso podría no ser tan malo en vacaciones.",
"Stanze grandi, letti queen size comodi in spaziosi bungalow situati in un bel giardino. La pulizia, la flessibilità e la simpatia dell’incaricata della reception. Il pagamento è richiesto solo in cash.",5,Hotel Roca Negra del Arenal,alojamiento,booking,it,"Amplias habitaciones, cómodas camas tamaño queen en espaciosos bungalows ubicados en un hermoso jardín. La limpieza, flexibilidad y amabilidad de la recepcionista. El pago se requiere únicamente en efectivo.",
חדרים נוחים צוות מצוין תמורה טובה מאוד למחיר,5,Hotel Roca Negra del Arenal,alojamiento,booking,he,"Habitaciones cómodas, personal excelente, muy buena relación calidad-precio.",
Whirlpool war super. Sehr netter Personal. Schöne Unterkunft,5,Hotel Roca Negra del Arenal,alojamiento,booking,de,El jacuzzi era genial. Personal muy agradable. Buen alojamiento,
Prachtig gelegen kleinschalig hotel met fijne schone kamers in een prachtige overdadige tuin! Het uitzicht op de Arenal was adembenemend! Fijn zwembad bij het hotel en een recreatie ruimte met pool tafel ea spellen. Vriendelijk en zeer behulpzaam personeel. Gelegen in leuk plaatsje. Het ontbijt was matig maar niet duur.,5,Hotel Roca Negra del Arenal,alojamiento,booking,nl,Hotel de pequeña escala bellamente ubicado con habitaciones bonitas y limpias en un hermoso y espléndido jardín. ¡La vista del Arenal era impresionante! Bonita piscina en el hotel y sala de recreación con mesa de billar y otros juegos. Personal amable y muy servicial. Situado en un bonito pueblo. El desayuno era mediocre pero no caro.,
"Sehr schöne Anlage, viele Tiere, sehr hilfsbereites Personal, toller Pool, tolle Lage (Blick auf den Vulkan) nichts auszusetzen.",5,Hotel Roca Negra del Arenal,alojamiento,booking,de,"Instalaciones muy bonitas, muchos animales, personal muy servicial, gran piscina, excelente ubicación (vista al volcán), nada de qué quejarse.",
Erg mooie huisjes midden in de natuur! De medewerkers zijn erg vriendelijk en behulpzaam. Hotel Roca Negra ligt net iets buiten het centrum van La Fortuna maar heel dichtbij alle bezienswaardigheden. Daarnaast zijn er een aantal leuke restaurantjes in de omgeving. Echt een aanrader!,5,Hotel Roca Negra del Arenal,alojamiento,booking,nl,Casas muy bonitas en plena naturaleza! Los empleados son muy amables y serviciales. El Hotel Roca Negra está situado a las afueras del centro de La Fortuna pero muy cerca de todos los lugares de interés. También hay varios buenos restaurantes en la zona. ¡Muy recomendado!,
"La chambre était spacieuse, comfortable et très propre. Le personnel est adorable et vous conseil sur des activités top à faire. Le cadre est magnifique, le jardin/jungle est super beau et la vue de la chambre sublime (vue sur le volcan). Séjour parfait mais le petit déjeuner ne valait pas trop le coup à notre goût",5,Hotel Roca Negra del Arenal,alojamiento,booking,fr,"La habitación era espaciosa, cómoda y muy limpia. El personal es encantador y puede aconsejarle sobre excelentes actividades para realizar. El entorno es magnífico, el jardín/jungla es súper hermoso y la vista desde la habitación es sublime (vista al volcán). Estancia perfecta pero el desayuno no valió la pena para nuestro gusto.",
"Eine traumhafte Anlage im grünen Gartenpark! Pflanzen  Tiere fast wie im Regenwald  und sehr schöne gepflegte Hütten mit schönen Terrassen. Schöner Pool und Spielgelegenheiten (Billard, Kicker, Tischtennis) und sagenhafter Blick auf den Vulkan.. die Bilder in Booking lügen nicht! Sehr empfehlenswert -",5,Hotel Roca Negra del Arenal,alojamiento,booking,de,"¡Una instalación fantástica en el parque verde del jardín! Plantas, animales casi como en la selva tropical y cabañas muy bonitas y bien cuidadas con hermosas terrazas. Hermosa piscina e instalaciones de juegos (billar, futbolín, tenis de mesa) y una vista fabulosa del volcán... ¡las fotos de la reserva no mienten! Altamente recomendado -",
"De setting met pooltafel, tafeltennis, hottub etc en de (nieuwe) kamers Een avond wat herrie van het overliggende hotel maar was gelukkig alleen bij het zwembad",5,Hotel Roca Negra del Arenal,alojamiento,booking,nl,"El entorno con mesa de billar, ping-pong, jacuzzi, etc. y las (nuevas) habitaciones. Algo de ruido del hotel de enfrente una noche, pero afortunadamente solo estaba en la piscina.",
"위치, 청결, 객실 나 인테리어, 직원들 친절 수영장이 2개라 기록되었는데, 사이즈가 아주 작았고, 온천수가 아니었음.",5,Hotel Roca Negra del Arenal,alojamiento,booking,ko,"Ubicación, limpieza, habitaciones e interior, personal amable. Se registró que había dos piscinas, pero eran muy pequeñas y no tenían agua termal.",
"Prachtig huisje in een heerlijke tuin met kolibri’s, toekans en uitzicht oo de vulkaan. Heerlijk zwembad.",5,Hotel Roca Negra del Arenal,alojamiento,booking,nl,"Hermosa casa en un hermoso jardín con colibríes, tucanes y vista al volcán. Preciosa piscina.",
"Die Unterkunft hat sehr schöne, gut ausgestattete, große Häuschen in einem wundervollen Garten. Das Personal ist sehr freundlich und der Pool ist toll",5,Hotel Roca Negra del Arenal,alojamiento,booking,de,"El alojamiento dispone de casas grandes, muy bonitas y bien equipadas, rodeadas de un maravilloso jardín. El personal es muy amable y la piscina es genial.",
Het wandelpad door de tuinen en het zwembad. Niets,5,Hotel Roca Negra del Arenal,alojamiento,booking,nl,El paseo por los jardines y la piscina. Nada,
"Superbe emplacement, chambre très propre avec une très belle vue sur le volcan.",5,Hotel Roca Negra del Arenal,alojamiento,booking,fr,"Excelente ubicación, habitación muy limpia con una hermosa vista al volcán.",
"Ubicación , instalaciones de 100! Nada en contra, todo perfecto",5,Hotel Roca Negra del Arenal,alojamiento,booking,es,"Ubicación , instalaciones de 100! Nada en contra, todo perfecto",
"- Toller Pool und Wirlpool
- Ping-Pong Tisch
- Schöne Hotelanlage
- Parkplatz vor dem Haus
- Abgesperrte Hotelanlage
- Klimaanlage
- Eigner Balkon und kleine Terrasse mit Schaukelstühlen - Die Häuser haben zwei Wohnungen. Wenn beide belegt sind, hört man den Nachbarn sehr gut durch die Wände.",5,Hotel Roca Negra del Arenal,alojamiento,booking,de,"- Gran piscina e hidromasaje.
- Mesa de ping pong
- Hermoso complejo hotelero
- Plaza de aparcamiento delante de la casa.
- Complejo hotelero acordonado.
- Aire acondicionado
- Balcón del propietario y pequeña terraza con mecedoras - Las casas tienen dos apartamentos. Si ambos están ocupados, podrás escuchar muy bien a tus vecinos a través de las paredes.",
"TB chambre confortable, belle piscine, jacuzzi, billard, … Les petits déjeuner très basiques.",5,Hotel Roca Negra del Arenal,alojamiento,booking,fr,"TB habitación cómoda, hermosa piscina, jacuzzi, billar,… Desayunos muy básicos.",
"Très bien situé, personnel très bien, et des colibris dans le jardin!",5,Hotel Roca Negra del Arenal,alojamiento,booking,fr,"Excelente ubicación, excelente personal y colibríes en el jardín.",
"Nous avons passé quelques jours merveilleux. Le personnel est adorable, l'hôtel est absolument magnifique, l'espace piscine incroyable. Un espace de jeux vraiment chouette. Belle chambre bien équipée !",5,Hotel Roca Negra del Arenal,alojamiento,booking,fr,"Pasamos unos días maravillosos. El personal es encantador, el hotel es absolutamente hermoso y la zona de la piscina es increíble. Una zona de juegos muy bonita. Hermosa habitación bien equipada!",
"La maisonnette avec terrasse a l’avant et vue sur le volcan, magnifique. Très propre et très intime. Petit déjeuner très bien. Tout était extrêmement propre dont la piscine sauf à un moment il y avait beaucoup de caca dans l’eau que nous avons retiré avec une puise. Nous n’avons plus eu envie de nous baigner ensuite",5,Hotel Roca Negra del Arenal,alojamiento,booking,fr,"La cabaña con terraza al frente y una magnífica vista al volcán. Muy limpio y muy privado. Desayuno muy bueno. Todo estaba extremadamente limpio, incluida la piscina, excepto que en un momento había mucha caca en el agua que retiramos con un fregadero. Ya no queríamos nadar",
"Les jardins sont magnifiques. L’espace piscine/jacuzzi est très bien. 
Le petit-déjeuner est un bon rapport qualité prix pour le secteur et un vrai plus car il est servi à partir de 6:00.
Notre chambre familiale était parfaite. La terrasse donne sur le volcan Arenal. 
Nous recommandons vivement cet hôtel comme point de chute pour cette région. 
Le soir pas besoin de prendre la voiture pour dîner car il y a plusieurs soda et restaurant tout autour de l’hôtel. Il y a également des magasins à proximité.
La gérante est très agréable également et prête à renseigner. Rien",5,Hotel Roca Negra del Arenal,alojamiento,booking,fr,"Los jardines son magníficos. La zona de piscina/jacuzzi es muy buena. 
El desayuno tiene una buena relación calidad-precio para la zona y es una verdadera ventaja, ya que se sirve a partir de las 6:00.
Nuestra habitación familiar era perfecta. La terraza tiene vista al Volcán Arenal. 
Recomendamos encarecidamente este hotel como base para esta zona. 
Por la noche, no es necesario coger el coche para cenar porque hay varios refrescos y restaurantes alrededor del hotel. También hay tiendas cercanas.
El gerente también es muy agradable y está dispuesto a proporcionar información. Nada",
"Het hotel ligt in een prachtig aangelegde tuin waar de kolibri's je om de oren vliegen. De kamers zijn ruim en de bedden zijn erg goed. Bij het hotel is een klein zwembad waarin je kan afkoelen. De locatie is super: het hotel bevindt zich aan de rand van La Fortuna en op 10-20 minuten rijden bevinden zich de topattracties zoals de Arenal, de hangende bruggen van Mistico en de warmwater bronnen. In de directe omgeving bevinden zich diverse goede restaurants. Het ontbijt is enigszins prijzig ($7 p.p.) voor wat je krijgt",5,Hotel Roca Negra del Arenal,alojamiento,booking,nl,"El hotel está situado en un hermoso jardín donde los colibríes vuelan alrededor de sus oídos. Las habitaciones son amplias y las camas son muy buenas. El hotel dispone de una pequeña piscina donde poder refrescarse. La ubicación es magnífica: el hotel está en las afueras de La Fortuna y a 10-20 minutos en coche de las principales atracciones como el Arenal, los Puentes Colgantes Místico y las aguas termales. En las inmediaciones hay varios buenos restaurantes. El desayuno es algo caro ($7 p.p.) para lo que obtienes.",
De locatie was heerlijk temidden in een heerlijke tuin met veel vogels en schitterende bloemen. Personeel was erg behulpzaam en aardig. Ontbijtje was ook lekker. Overal dichtbij. Niets,5,Hotel Roca Negra del Arenal,alojamiento,booking,nl,La ubicación era maravillosa en medio de un hermoso jardín con muchos pájaros y hermosas flores. El personal fue muy servicial y agradable. El desayuno también era delicioso. Cerca de todo. Nada,
"Les jardins sont magnifiques.  Le lieu est sécuritaire, soigné et paisible.  Grandes chambres et balcon bien emménagé pour le repos.  Plusieurs très bons restaurants sont à distance de marche (La cava, Piura). De belles randonnées sont à proximité.  Belle vue du volcan Arenal. Rien du tout!",5,Hotel Roca Negra del Arenal,alojamiento,booking,fr,"Los jardines son magníficos.  El lugar es seguro, limpio y tranquilo.  Amplias habitaciones y balcón bien equipado para descansar.  Varios restaurantes muy buenos se encuentran a poca distancia (La cava, Piura). Hermosas caminatas están cerca.  Hermosa vista del Volcán Arenal. ¡Nada en absoluto!",
"Wunderschön angelegte Anlage. Kolibris überall. Super Ausgangspunkt für viele Aktivitäten wie
Hanging Bridges NP
Zip Lining
El Salto Rope Swing
El Mirador Silencio
Hot Springs 
Viele Restaurants in der Nähe",5,Hotel Roca Negra del Arenal,alojamiento,booking,de,"Instalaciones bellamente ajardinadas. Colibríes por todas partes. Excelente punto de partida para muchas actividades como
Puentes Colgantes NP
Forro con cremallera
Columpio de Cuerda El Salto
El Mirador Silencio
aguas termales 
Muchos restaurantes cerca",
"Gentillesse du personnel
Ambiance de établissement 
Emplacement Rien!",5,Hotel Roca Negra del Arenal,alojamiento,booking,fr,"Amabilidad del personal
Ambiente de establecimiento 
Ubicación ¡Nada!",
Het uitzicht op de vulkaan,4,Hotel Roca Negra del Arenal,alojamiento,booking,nl,La vista del volcán,
"De ligging Basic en wat gedateerde  kamer en geen/weinig buitenruimte om buiten de kamer te zitten. 
Ons slot was kapot, maar deze is de volgende dag gemaakt. 
Eten bij inbegrepen, geen groot ontbijt maar wel prima.",4,Hotel Roca Negra del Arenal,alojamiento,booking,nl,"La ubicación Habitación básica y algo anticuada y poco o ningún espacio al aire libre para sentarse fuera de la habitación. 
Nuestra cerradura estaba rota, pero la arreglaron al día siguiente. 
Comida incluida, no es un gran desayuno pero está bien.",
"Le cadre verdoyant et le personnel très agréable et serviable 
Joli piscine et jacuzzi avec espace jeux familial Problème D humidité avec moisissures et bruyant par la proximité de la route",3,Hotel Roca Negra del Arenal,alojamiento,booking,fr,"El entorno verde y el personal muy agradable y servicial. 
Linda piscina y jacuzzi con área de juegos familiares Problema de humedad con moho y ruido por la cercanía de la carretera",
Die Lage war super und es war alles sehr sauber.,4,Hotel Roca Negra del Arenal,alojamiento,booking,de,La ubicación era estupenda y todo estaba muy limpio.,
Der Garten mit den Tieren und Pflanzen Sauberkeit und die Kommunikation war nicht so freundlich,3,Hotel Roca Negra del Arenal,alojamiento,booking,de,El jardín con los animales y las plantas estaba limpio y la comunicación no era tan amigable.,
"Super breed bed, Leuk terrasje Super gehorige kamers, je kunt woordelijk horen wat de buren zeggen en de evt. rest. Ligt direct aan de doorgaande weg met daardoor veel verkeerslawaai",4,Hotel Roca Negra del Arenal,alojamiento,booking,nl,"Cama súper amplia, bonita terraza. Habitaciones muy ruidosas, se escucha literalmente lo que dicen los vecinos y lo que puede pasar. descansar. Ubicado directamente en la carretera principal, con mucho ruido de tráfico.",
"Hoed bed, ijskasje en vriezr, goede airco Gevoel van een camping",4,Hotel Roca Negra del Arenal,alojamiento,booking,nl,"Sombrero-cama, nevera y congelador, buen aire acondicionado. Sensación de camping",
"Gepflegte Anlage, modern, sauber, wunderschöner Garten, Kaffee/Tee wird kostenlos angeboten (offener und frei zugänglicher Aussenbereich) Die Lage direkt an einer stark befahrenen Straße. Ist nicht zu ändern.
Die Zimmer im Standardbereich sind sehr hellhörig, dann lieber eine Kategorie (Superior) höher buchen.",4,Hotel Roca Negra del Arenal,alojamiento,booking,de,"Instalaciones bien cuidadas, jardín moderno, limpio y hermoso, se ofrece café/té de forma gratuita (zona exterior abierta y de libre acceso) La ubicación está justo en una calle muy transitada. No se puede cambiar.
Las habitaciones de la categoría estándar son muy ruidosas, por lo que es mejor reservar una categoría superior (superior).",
"De tuinen zijn erg mooi en de receptie erg behulpzaam
Jammer dat men niet met creditcard kan betalen, ende wifi niet werkt! 
Op booking stond dit niet vermeld Zie boven",4,Hotel Roca Negra del Arenal,alojamiento,booking,nl,"Los jardines son muy bonitos y la recepción muy servicial.
¡Qué pena que no puedas pagar con tarjeta de crédito y que el WiFi no funcione! 
Esto no se mencionó en la reserva. Ver arriba",
"Es handelt sich um eine wirklich schöne Anlage, viele Pflanzen, viele Kolibris und andere Vögel fliegen herum. Die Zimmer sind kleine Bungalows mit Privatsphäre, da alles schön bepflanzt ist. Die Deko ist zauberhaft und die Innenausstattung ist sehr gut. Kühlschrank vorhanden, nette Terrasse, schicke Bäder. Es kommt aber auch eben darauf an, wo der Bungalow gelegen ist…. Zuerst hatten wir ein Häuschen direkt am Eingang der Anlage, der Lärm am Morgen durch die viel befahrene Straße war unerträglich. Bereits um 5 Uhr morgens war kein Schlaf mehr zu bekommen. Außerdem kräht das Federvieh der auf dem Grundstück wohnenden Familie, kann man schön finden, wir leider nicht. Die Familie hat mind. 4 Hunde, die wir zwar mögen, aber die überall liegenden Hundehaufen nicht. Am letzten Tag bin ich mit FlipFlops in einen Kothaufen getreten, widerlich! Unser erstes Haus hatte außerdem einen hässlichen Blick auf eine Holzwand. Die Chefin war sehr nett und gab uns dann Haus Nr. 14 fast am Ende der Anlage, hier war der Blick sehr schön und es war ruhig-es kommt halt darauf an, welches Haus man erwischt! 
An 2 von 4 Tagen gab es kein Frühstück wegen Urlaub der Angestellten, hätte man ggf. vorher mal erwähnen können…. Das Federvieh des Hauses schwimmt im Pool und kackt um den Pool herum, nicht sehr hygienisch. An einem Nachmittag veranstaltete die Familie eine Geburtstagsparty im Pool, der also nach unserer Wanderung für uns nicht nutzbar war. Als wir uns zumindest 20 min zum Essen hinsetzten, durften wir das, wurden aber von allen Partygästen ununterbrochen wie Eindringlinge beäugt, was nicht schön war, somit sind wir dann gegangen. Alles in allem eine wunderschöne Anlage, toll bepflanzt, liebevoll dekoriert, aber willkommen haben wir uns überhaupt nicht gefühlt. Die Ausscheidungen der Familientiere sollten entfernt werden und ein Haus im hinteren Teil wäre zu empfehlen.",3,Hotel Roca Negra del Arenal,alojamiento,booking,de,"Es una instalación realmente hermosa, con muchas plantas, muchos colibríes y otras aves volando alrededor. Las habitaciones son pequeños bungalows con privacidad ya que todo está bellamente plantado. La decoración es mágica y el interior muy bueno. Nevera disponible, bonita terraza, baños elegantes. Pero también depende de dónde esté situado el bungalow... Al principio teníamos una casita justo en la entrada del complejo, el ruido de la calle concurrida por la mañana era insoportable. A las cinco de la mañana ya no era posible dormir. Además, cantan las aves de corral de la familia que vive en la propiedad, lo cual es agradable, pero lamentablemente nosotros no. La familia tiene al menos 4 perros, lo cual nos gusta, pero no nos gusta la caca de perro tirada por todas partes. El último día pisé un montón de caca con chanclas, ¡asqueroso! Nuestra primera casa también tenía una fea pared de madera. El jefe fue muy amable y nos dio la casa número 14 casi al final del complejo. La vista era muy bonita y tranquila, ¡solo depende de la casa que consigas! 
En 2 de 4 días no hubo desayuno porque los empleados estaban de vacaciones, esto se podría haber mencionado de antemano... Las aves de corral de la casa nadan en la piscina y defecan alrededor de la piscina, lo que no es muy higiénico. Una tarde la familia celebró una fiesta de cumpleaños en la piscina, así que no pudimos usarla después de nuestra caminata. Cuando nos sentamos a comer durante al menos 20 minutos, nos permitieron hacerlo, pero todos los invitados a la fiesta seguían mirándonos como intrusos, lo cual no era agradable, así que nos fuimos. En definitiva, unas instalaciones preciosas, bellamente plantadas y decoradas con mucho cariño, pero no nos sentimos bienvenidos en absoluto. Se deberían eliminar las heces de los animales de la familia y se recomendaría una casa en la parte trasera.",
"sehr geräumige Zimmer und sehr sauber die relativ große Anlage hat etwas Camping-Platz-Atmosphäre. Es gibt zwar schöne Pflanzen, aber auch überall Kunstrasenwege. 
Die Damen beim Frühstück sind nicht sehr motiviert und das Frühstück an sich eher einfach und nicht besonders gut.",4,Hotel Roca Negra del Arenal,alojamiento,booking,de,"Habitaciones muy espaciosas y muy limpias, las instalaciones relativamente grandes tienen un ambiente de camping. Hay hermosas plantas, pero también hay senderos de césped artificial por todas partes. 
Las señoras que desayunan no están muy motivadas y el desayuno en sí es bastante sencillo y no especialmente bueno.",
"Schöner Garten und gute Lage, sehr sauber Ziemlich verkitscht, Personal unfreundlich, sehr komplizierte Zahlung",4,Hotel Roca Negra del Arenal,alojamiento,booking,de,"Bonito jardín y buena ubicación, muy limpio. Bastante cursi, personal antipático, pago muy complicado.",
"Combinatie van zwembad, appartement en ligging. Alleen cash betalen, ongunstige koers voor de lokale colon ten opzichte van de dollar en de  wifi in het appartement was slecht.",4,Hotel Roca Negra del Arenal,alojamiento,booking,nl,"Combinación de piscina, apartamento y ubicación. Solo pague en efectivo, tasa desfavorable para el colón local en comparación con el dólar y el WiFi en el apartamento era deficiente.",
"Ruime kamer en badkamer. De bungalows zijn zo opgesteld dat je vrij zit. Vriendelijke eigenaresse en prima voorzieningen op terrein met gratis koffie/thee, prima ontbijt en zwembad e.d..
Aan de rand van La Fortuna en daarmee goede uitvalsbasis. Op basis van de locatie niet onverwachts maar je hebt niet de 'Pura Vida' ervaring hier. De tuin is aangelegd, maar de wandelpaden zijn van kunstgras en de planten bij de ontbijttafel zijn nep. Ondertussen hoor je de drukke weg. In vergelijking met al onze andere locaties de minste qua 'beleving"". Niet essentieel, maar wie behoefte heeft aan stabiele wifi, dat was het hier niet.",4,Hotel Roca Negra del Arenal,alojamiento,booking,nl,"Amplia habitación y baño. Los bungalows están dispuestos de tal manera que puedas sentarte libremente. Propietario amable y excelentes instalaciones en el lugar con café/té gratis, excelente desayuno y piscina, etc.
En las afueras de La Fortuna y por lo tanto es una buena base. No es inesperado según la ubicación, pero aquí no tienes la experiencia 'Pura Vida'. El jardín está paisajístico, pero los senderos para caminar son de césped artificial y las plantas de la mesa del desayuno son artificiales. Mientras tanto se oye el ruido de la carretera. En comparación con todas nuestras otras ubicaciones, la menor en términos de ""experiencia"". No es esencial, pero si necesitas WiFi estable, ese no era el caso aquí.",
Het personeel was super vriendelijk en de huisjes waren schoon en had alles wat we nodig hadden.  Locatie is dichtbij het centrum… niet op loopafstand maar wij hadden een auto dus was prima te doen. De haan! Klinkt een beetje zeikerig… I know… we houden van natuur en dieren maar elke ochtend tussen 4 en 5 een kraaiende haan die je wakker maakt had voor ons niet gehoeven;),4,Hotel Roca Negra del Arenal,alojamiento,booking,nl,"El personal fue muy amable y las cabañas estaban limpias y tenían todo lo que necesitábamos.  La ubicación está cerca del centro... no a poca distancia, pero teníamos un auto, así que fue fácil de hacer. ¡El gallo! Suena un poco quejoso... lo sé... amamos la naturaleza y los animales, pero un gallo cantando cada mañana entre las 4 y las 5 para despertarte no era necesario para nosotros ;)",
מיקום מיטה עם מזרן רך ששוקעים פנימה. לא נוחה.,4,Hotel Roca Negra del Arenal,alojamiento,booking,he,Colocación de la cama con un colchón blando que se hunde. No es cómoda.,
"Die Garten Anlage war wunderschön Schade das diese Garten Oase sehr nahe an der lärmenden Hauptstrasse ist
Morgens ab 5.30 ist Tagwache☹️",4,Hotel Roca Negra del Arenal,alojamiento,booking,de,"La zona del jardín era preciosa. Es una pena que este oasis ajardinado esté muy cerca de la ruidosa calle principal.
Por la mañana a partir de las 5.30 hay guardia diurna ☹️",
"kleines hübsches Bungalow-hotel in wunderschönem Garten. Zimmer sehr schön und sauber. Frühstück sehr gut, Mittags- und Abendessen wird nicht angeboten, aber in nöchster Umgebung hat es viele kleine Restauraunts Viel Strassenlärm am Pool (die Zimmer sind jedoch sehr ruhig gelegen)",4,Hotel Roca Negra del Arenal,alojamiento,booking,de,"Pequeño y bonito hotel de bungalows en un hermoso jardín. Habitaciones muy bonitas y limpias. El desayuno es muy bueno, no se ofrecen almuerzos ni cenas, pero en las inmediaciones hay muchos restaurantes pequeños. Mucho ruido de la calle junto a la piscina (sin embargo, las habitaciones son muy silenciosas)",
"Espace de jeu billard, ping-pong, baby-foot, piscine, jacuzzi.. Trop proche de la route principale..",4,Hotel Roca Negra del Arenal,alojamiento,booking,fr,"Billar, tenis de mesa, futbolín, piscina, jacuzzi.. Demasiado cerca de la carretera principal..",
"Geräumige Zimmer, nett eingerichtet Was für eine Enttäuschung von der Lage. Wir hatten ein Zimmer direkt an der Straße, ständig Lärm. Nach den guten Rezensionen waren wir wirklich sehr enttäuscht. Auf die Frage, ob wir das Zimmer tauschen könnten, sagte die Dame vom Hotel ‚this is your room‘ und hat uns stehen gelassen.",4,Hotel Roca Negra del Arenal,alojamiento,booking,de,"Habitaciones amplias y muy bien decoradas. Qué decepción con la ubicación. Teníamos una habitación justo en la calle, ruido constante. Después de las buenas críticas nos quedamos realmente muy decepcionados. Cuando preguntamos si podíamos cambiar de habitación, la señora del hotel dijo 'esta es su habitación' y nos dejó de pie.",
"Ubicacion No hay internet, aunque en la publicación diga que si.
La recepcionista de la tarde no resuelve los problemas.",4,Hotel Roca Negra del Arenal,alojamiento,booking,es,"Ubicacion No hay internet, aunque en la publicación diga que si.
La recepcionista de la tarde no resuelve los problemas.",
"Vacker trädgård, biljard, pingis, pool, gratis kaffe. Lite trångt, ganska trist belysning, svårt att bo 4. Funkar nog bättre för 2",4,Hotel Roca Negra del Arenal,alojamiento,booking,sv,"Hermoso jardín, billar, tenis de mesa, billar, café gratis. Un poco abarrotado, iluminación bastante apagada, difícil vivir 4. Probablemente funcione mejor para 2",
"Wspaniale otoczenie wśród drzew, roślin oraz naokoło kolibry! Nie było cieplej wody w umywalce tylko pod prysznicem",4,Hotel Roca Negra del Arenal,alojamiento,booking,pl,"¡Excelente entorno entre árboles, plantas y colibríes por todas partes! No había agua caliente en el lavabo, solo en la ducha.",
"Der Garten und die Hotelanlage sind schön. Hotel akzeptiert ausschließlich Bargeld - keine Kreditkarten.
Null Service/ Hilfe beim Gepäck - mussten wir alleine zum Zimmer schleppen
Kühlschrank im Zimmer war laut und macht zusätzlich warm.
Licht am Eingangstor kaputt -> Türcode kann abends nur mit Taschenlampe eingegeben werden. 
Im Zimmer ausschließlich grelle 5000 K Birnen, die eigentlich nur mit Sonnenbrille zu ertragen sind.
Kein warmes Wasser am Waschbecken im Bad. Duscharmatur bestand nur aus Fragmenten
Extras (Frühstück, Bier, etc) doppelt so teuer wie außerhalb des Hotels
Trotz freundlicher Hinweise und konstruktiver Kritik nicht an Qualitätsverbesserungen interessiert.
Einfach nur gierig - von uns null Tipp und maximal 2 Sterne",3,Hotel Roca Negra del Arenal,alojamiento,booking,de,"El jardín y los jardines del hotel son preciosos. El hotel sólo acepta efectivo, no tarjetas de crédito.
Servicio cero/ayuda con el equipaje: tuvimos que llevarlo solos a la habitación.
La nevera de la habitación hacía mucho ruido y hacía más calor.
Luz en la puerta de entrada rota -> el código de la puerta sólo se puede introducir por la noche con una linterna. 
En la habitación sólo hay bombillas de 5000 K, lo que sólo se puede tolerar con gafas de sol.
No hay agua caliente en el lavabo del baño. La grifería de ducha estaba formada únicamente por fragmentos
Extras (desayuno, cerveza, etc) dos veces más caros que fuera del hotel
A pesar de los consejos amistosos y las críticas constructivas, no está interesado en mejorar la calidad.
Simplemente codicioso: cero propina nuestra y un máximo de 2 estrellas.",
"L’accueil, la chambre est un bungalow au milieu d’un jardin agréable avec petite terrasse et hamac privés. Le jardin avec pleins d’oiseaux. Bien situé pour circuler dans la région avec restaurants et supermarchés à côté. Proche de la route mais relativement calme. Petit déjeuner à 7euros varié avec fruits et toast ( en plus du plat au choix ) Les chambres sont un peu petites. Dans une région pluvieuse un chauffage aurait permis de sécher les vêtements.",4,Hotel Roca Negra del Arenal,alojamiento,booking,fr,"La recepción, la habitación es un bungalow en medio de un agradable jardín con una pequeña terraza y hamaca privada. El jardín con muchos pájaros. Bien situado para moverse por la comarca con restaurantes y supermercados cercanos. Cerca de la carretera pero relativamente tranquila. Desayuno a 7 euros variado con fruta y tostadas (además del plato de tu elección) Las habitaciones son un poco pequeñas. En una región lluviosa, un calentador habría ayudado a secar la ropa.",
"Gute Lage, Restaurant und Einkauf in der Nähe War alles gut",4,Hotel Roca Negra del Arenal,alojamiento,booking,de,"Buena ubicación, restaurante y tiendas cercanas. todo estuvo bien",
"Le coin piscine-jacuzzi
Le billard et autres jeux à disposition
La cuisine partagée pour prendre le café
Le grand lit de la chambre Peu de vie dans l’hôtel 
L’hôtel est indissociable du lieu de vie privé des propriétaires (salon extérieur avec canapé et télé géante face aux clients) ; compliqué de se sentir réellement à l’hôtel 
Pas de bar-snack ouvert (journée comme soirée) 
Petit déjeuner : si moins de 4 personnes au total prévues alors annulé ! 
Bruit de la route",4,Hotel Roca Negra del Arenal,alojamiento,booking,fr,"La zona de la piscina-jacuzzi.
Billar y otros juegos disponibles.
La cocina compartida para el café.
La cama grande en la habitación Poca vida en el hotel 
El hotel es inseparable del espacio privado de los propietarios (salón al aire libre con sofá y TV gigante frente a los clientes); complicado sentirse realmente en el hotel 
No hay snack bar abierto (de día o de noche) 
Desayuno: si se planean menos de 4 personas en total, ¡se cancela! 
Ruido de la carretera",
"Bel endroit bien place chambres tres confortables Un peu trop de contraintes
L heure du the en libre service l heure du jacuzzi le paiement en cash pas de restaurant ds le lieu qui oblige a sortir le soir",4,Hotel Roca Negra del Arenal,alojamiento,booking,fr,"Hermoso lugar, buena ubicación, habitaciones muy cómodas, demasiadas limitaciones.
Autoservicio de hora del té Hora del jacuzzi pago en efectivo No hay restaurante en el lugar que requiera salir por la noche",
"De jacuzzi is heerlijk. Omgeving rond zwembad en Pooltafel e.d. ook.
Ligging prima om uitstappen te doen. Weinig materiaal om in je eigen huisje te ontbijten. Kan je wel halen in gemeenschappelijke ruimte.
Er mist bv ook een waterkoker.
Het was er niet super proper.
Een wasdraad om iets te laten drogen zou handig zijn.",4,Hotel Roca Negra del Arenal,alojamiento,booking,nl,"El jacuzzi es maravilloso. Zona alrededor de la piscina y mesa de billar, etc.
Excelente ubicación para excursiones. Poco material para desayunar en tu propia casa. Puedes recogerlo en la zona común.
Por ejemplo, también falta una tetera.
No estaba súper limpio.
Sería útil un tendedero para secar algo.",
"Cheney Unterkunft ideal gelegen für Ruhe suchende und trotzen nah an allen Aktivitäten Man kann nur bar bezahlen oder mit Paypal. In der heutigen Zeit geht niemand mehr mit viel Bargeld in die Ferien. Ich habe es nicht gesehen, sonst hätte ich die Unterkunft nicht gebucht. Das Frühstück ist lausig und mager, lieber etwas im maxiPali kaufen und gemütlich auf der eigenen Terrasse geniessen.",4,Hotel Roca Negra del Arenal,alojamiento,booking,de,"Alojamiento en Cheney con una ubicación ideal para quienes buscan paz y tranquilidad y cerca de todas las actividades. Sólo puedes pagar en efectivo o con Paypal. Hoy en día ya nadie se va de vacaciones con mucho dinero en efectivo. No lo vi, de lo contrario no habría reservado el alojamiento. El desayuno es pésimo y escaso, mejor comprar algo en maxiPali y disfrutarlo cómodamente en tu propia terraza.",
Piscine. Jacuzzi. Situé dans un jardin à la sortie de la Fortuna. Petit-déjeuner (non inclus) à éviter: vraiment pas bon ($7). Carte de crédit pas acceptée: même si mentionné sur booking est peu compréhensible pour un établissement de ce type. Ma note est sévère mais reflète mon sentiment générale: je n’y reviendrai pas et ne recommanderai pas.,3,Hotel Roca Negra del Arenal,alojamiento,booking,fr,Piscina. Jacuzzi. Ubicado en un jardín a la salida de La Fortuna. Desayuno (no incluido) a evitar: realmente no es bueno ($7). No se aceptan tarjetas de crédito: aunque se mencione en la reserva es difícil de entender en un establecimiento de este tipo. Mi calificación es dura pero refleja mi sentimiento general: no regresaré y no lo recomendaré.,
"Gute Lage, sauber, ruhig. Schöner Pool",4,Hotel Roca Negra del Arenal,alojamiento,booking,de,"Buena ubicación, limpio, tranquilo. Bonita piscina",
Die Unterkunft hat einen traumhaft schönen Garten in dem jede Menge Vögel fliegen auch Kolibris Die Zimmer sind etwas kahl und unpersönlich,4,Hotel Roca Negra del Arenal,alojamiento,booking,de,El alojamiento tiene un jardín maravillosamente hermoso en el que vuelan muchos pájaros y colibríes. Las habitaciones son un poco desnudas e impersonales.,
"Blick zum Vulkan. Die Betten sind sehr bequem. Die Gartenanlage ist super schön, sehr gepflegt und man kann viele Vögel direkt von der Terrasse aus beobachten. Personal ist super unprofessionell. Fehlende lösungsorientierte Servicebereitschaft. Wir hatten ein 4er Apartment indem es z. B. nur 2 Gläser gab. Auf Nachfrage wurden uns 2 riesige Plastikbecher zusätzlich nach einigem Hin und Her gebracht. Die angegebene Zimmergrösse entspricht nur unter Hinzunahme von der Terrasse und dem Aussen -Essbereich den Angaben. Dieser verfügt über kein Licht, so dass abends der Tisch mit den 4 Stühlen nicht genutzt werden kann. Ferner hatten wir erwartet, dass es bei Ausweisung eines eigenen Essbereichs es auch zumindest Teller und Besteck geben würde. Weit gefehlt. Auf Nachfrage erhielten wir 4 nicht saubere Teller, 4 Gabeln und ein einziges kleines Messer aus dem Privatbesitz, der sich im Übrigen als offener, etwas schmuddelig wirkender Bereich direkt neben der Rezeption befindet. Am 2. Tag wurde das Zimmer nicht gesäubert. Auf Nachfrage wurde uns mitgeteilt, dass die Zimmer nur bis 12.00 Uhr geputzt würden und man ein Schild hinhängen müsste. Fakt war, dass am ersten Tag ohne Hinhängen des Schildes, geputzt wurde und wir am 2. Tag sogar vor Ort im Aussenbereich waren, sie das Apartment neben uns putzten und uns auf der Terrasse sahen, aber auch nicht fragten, ob sie säubern könnten. Die Besitzerin hat sich schließlich  bereit erklärt, den Müll im Bad zu entsorgen. Der Pool war uns nicht sauber genug. Das Wasser war sehr trüb und mit Schlieren durchzogen.",4,Hotel Roca Negra del Arenal,alojamiento,booking,de,"Vista del volcán. Las camas son muy cómodas. El jardín es súper bonito, muy bien cuidado y puedes observar muchas aves directamente desde la terraza. El personal es muy poco profesional. Falta de servicio orientado a soluciones. Teníamos un apartamento para 4 personas con p.e. B. sólo había 2 vasos. Cuando preguntamos, nos trajeron dos enormes vasos de plástico después de un rato de ida y vuelta. El tamaño de la habitación indicado sólo corresponde a la información proporcionada con la adición de la terraza y el comedor al aire libre. No tiene luz, por lo que la mesa con 4 sillas no se puede utilizar por la noche. También esperábamos que si hubiera un comedor separado, al menos hubiera platos y cubiertos. Nada de eso. Cuando preguntamos, recibimos 4 platos que no estaban limpios, 4 tenedores y un solo cuchillo pequeño de una propiedad privada, que se encuentra en una zona abierta y de aspecto algo lúgubre, justo al lado de la recepción. El segundo día no limpiaron la habitación. Cuando preguntamos, nos dijeron que las habitaciones solo se limpiarían hasta las 12 p.m. y que habría que poner un cartel. El caso es que el primer día limpiaron sin colgar el cartel y el segundo día estuvimos incluso fuera, limpiaron el apartamento de al lado y nos vieron en la terraza, pero no preguntaron si podían limpiar. El dueño finalmente accedió a tirar la basura en el baño. La piscina no estaba lo suficientemente limpia para nosotros. El agua estaba muy turbia y rayada.",
"Der Blick auf den Vulkan. Frühstück Ok. Personal sehr freundlich. Sehr laut, weil zu nahe an der Hauptstraße. Der Pool direkt an der Straße, deshalb unnutzbar. Der private Bereich der Hotelmitarbeiter sah aus wie eine Müllhalde, da musste man schon die Augen fest zukneifen.",4,Hotel Roca Negra del Arenal,alojamiento,booking,de,"La vista del volcán. Desayuno bien. El personal es muy amable. Muy ruidoso porque está demasiado cerca de la carretera principal. La piscina está justo en la calle, por lo que no se puede utilizar. El área privada del personal del hotel parecía un basurero, había que entrecerrar los ojos.",
La situation La mauvaise insonorisation des chambres. On entendait le voisin ronflé !,4,Hotel Roca Negra del Arenal,alojamiento,booking,fr,La situación La mala insonorización de las habitaciones. ¡Podíamos oír al vecino roncar!,
Beau jardin tres bien entretenu et vue sur le volcan Personnel peu attentionné et literie a revoir.,4,Hotel Roca Negra del Arenal,alojamiento,booking,fr,Hermoso jardín muy bien cuidado y vista al volcán. Personal poco atento y ropa de cama para revisar.,
Leuke huisjes. Leuk zwembad De Wifi deed het niet in t huisje. Het melden ervan bracht geen verbetering. Verder was er geen koffie.,4,Hotel Roca Negra del Arenal,alojamiento,booking,nl,"Bonitas casas. Bonita piscina. El WiFi no funcionaba en la casa. Informarlo no trajo ninguna mejora. Además, no había café.",
Umgang des Personals an der Rezeption geht gar nicht,2,Hotel Roca Negra del Arenal,alojamiento,booking,de,La actitud del personal de recepción no es nada buena.,
"Super Ausblick auf den Vulkan, schöner Pool. Toller Garten. Personal etwas gewöhnungsbedürftig.",4,Hotel Roca Negra del Arenal,alojamiento,booking,de,"Gran vista del volcán, bonita piscina. Gran jardín. El personal necesita algo de tiempo para acostumbrarse.",
"Per estar a la Fortuna bona relació qualitat / preu, personal molt proper i familiar.
Gràcies a l’Elisabeth per ser tant amable i simpàtica, a la zona hi ha hotels de luxe, però aquí et sents com a casa per un preu raonable.",4,Hotel Roca Negra del Arenal,alojamiento,booking,ca,"Manténgase en la Fortuna buena relación calidad / precio, personal muy cercano y familiar.
Gracias a Elisabeth por ser tan amable y simpática, en la zona hay hoteles de lujo, pero aquí te sientes como en casa por un precio razonable.",
"Großes, sicheres Gelände mit Pool und billiard und Tischtennis. Zimmer war sehr groß und hatte auch ein großes Bad mit ausreichend abstelmfläche. Zu Fuß sind viele Sodas und ein Supermarkt zu erreichen. Das Personal war sehr sehr nett und die Zimmer sauber. Für unsere Bedürfnisse hätten wir uns ein bisschen mehr Auswahl beim Frühstück gewünscht aber selbst das war trotzdem sehr gut und das Personal sehr nett.",5,Hotel Roca Negra del Arenal,alojamiento,booking,de,"Área grande y segura con piscina, billar y tenis de mesa. La habitación era muy grande y también tenía un baño grande con suficiente espacio para guardar cosas. Hay muchos refrescos y un supermercado a poca distancia. El personal era muy, muy agradable y las habitaciones estaban limpias. Para nuestras necesidades nos hubiera gustado tener un poco más de variedad en el desayuno, pero incluso eso era muy bueno y el personal era muy agradable.",
,5,Hotel Roca Negra del Arenal,alojamiento,booking,unknown,,
,5,Hotel Roca Negra del Arenal,alojamiento,booking,unknown,,
,5,Hotel Roca Negra del Arenal,alojamiento,booking,unknown,,
,5,Hotel Roca Negra del Arenal,alojamiento,booking,unknown,,
,5,Hotel Roca Negra del Arenal,alojamiento,booking,unknown,,
,5,Hotel Roca Negra del Arenal,alojamiento,booking,unknown,,
,5,Hotel Roca Negra del Arenal,alojamiento,booking,unknown,,
,5,Hotel Roca Negra del Arenal,alojamiento,booking,unknown,,
,5,Hotel Roca Negra del Arenal,alojamiento,booking,unknown,,
,5,Hotel Roca Negra del Arenal,alojamiento,booking,unknown,,
,5,Hotel Roca Negra del Arenal,alojamiento,booking,unknown,,
,5,Hotel Roca Negra del Arenal,alojamiento,booking,unknown,,
,5,Hotel Roca Negra del Arenal,alojamiento,booking,unknown,,
,5,Hotel Roca Negra del Arenal,alojamiento,booking,unknown,,
,5,Hotel Roca Negra del Arenal,alojamiento,booking,unknown,,
,5,Hotel Roca Negra del Arenal,alojamiento,booking,unknown,,
,5,Hotel Roca Negra del Arenal,alojamiento,booking,unknown,,
,5,Hotel Roca Negra del Arenal,alojamiento,booking,unknown,,
,5,Hotel Roca Negra del Arenal,alojamiento,booking,unknown,,
,5,Hotel Roca Negra del Arenal,alojamiento,booking,unknown,,
,5,Hotel Roca Negra del Arenal,alojamiento,booking,unknown,,
,5,Hotel Roca Negra del Arenal,alojamiento,booking,unknown,,
,5,Hotel Roca Negra del Arenal,alojamiento,booking,unknown,,
,5,Hotel Roca Negra del Arenal,alojamiento,booking,unknown,,
,5,Hotel Roca Negra del Arenal,alojamiento,booking,unknown,,
,5,Hotel Roca Negra del Arenal,alojamiento,booking,unknown,,
,5,Hotel Roca Negra del Arenal,alojamiento,booking,unknown,,
,5,Hotel Roca Negra del Arenal,alojamiento,booking,unknown,,
,5,Hotel Roca Negra del Arenal,alojamiento,booking,unknown,,
,5,Hotel Roca Negra del Arenal,alojamiento,booking,unknown,,
,5,Hotel Roca Negra del Arenal,alojamiento,booking,unknown,,
,5,Hotel Roca Negra del Arenal,alojamiento,booking,unknown,,
,5,Hotel Roca Negra del Arenal,alojamiento,booking,unknown,,
,5,Hotel Roca Negra del Arenal,alojamiento,booking,unknown,,
,5,Hotel Roca Negra del Arenal,alojamiento,booking,unknown,,
,5,Hotel Roca Negra del Arenal,alojamiento,booking,unknown,,
,5,Hotel Roca Negra del Arenal,alojamiento,booking,unknown,,
,5,Hotel Roca Negra del Arenal,alojamiento,booking,unknown,,
,5,Hotel Roca Negra del Arenal,alojamiento,booking,unknown,,
,5,Hotel Roca Negra del Arenal,alojamiento,booking,unknown,,
,5,Hotel Roca Negra del Arenal,alojamiento,booking,unknown,,
,5,Hotel Roca Negra del Arenal,alojamiento,booking,unknown,,
,5,Hotel Roca Negra del Arenal,alojamiento,booking,unknown,,
,5,Hotel Roca Negra del Arenal,alojamiento,booking,unknown,,
,5,Hotel Roca Negra del Arenal,alojamiento,booking,unknown,,
,5,Hotel Roca Negra del Arenal,alojamiento,booking,unknown,,
,5,Hotel Roca Negra del Arenal,alojamiento,booking,unknown,,
,5,Hotel Roca Negra del Arenal,alojamiento,booking,unknown,,
,5,Hotel Roca Negra del Arenal,alojamiento,booking,unknown,,
,5,Hotel Roca Negra del Arenal,alojamiento,booking,unknown,,
,5,Hotel Roca Negra del Arenal,alojamiento,booking,unknown,,
,5,Hotel Roca Negra del Arenal,alojamiento,booking,unknown,,
,5,Hotel Roca Negra del Arenal,alojamiento,booking,unknown,,
,5,Hotel Roca Negra del Arenal,alojamiento,booking,unknown,,
,5,Hotel Roca Negra del Arenal,alojamiento,booking,unknown,,
,5,Hotel Roca Negra del Arenal,alojamiento,booking,unknown,,
,5,Hotel Roca Negra del Arenal,alojamiento,booking,unknown,,
,5,Hotel Roca Negra del Arenal,alojamiento,booking,unknown,,
,5,Hotel Roca Negra del Arenal,alojamiento,booking,unknown,,
,5,Hotel Roca Negra del Arenal,alojamiento,booking,unknown,,
,5,Hotel Roca Negra del Arenal,alojamiento,booking,unknown,,
,5,Hotel Roca Negra del Arenal,alojamiento,booking,unknown,,
,4,Hotel Roca Negra del Arenal,alojamiento,booking,unknown,,
,3,Hotel Roca Negra del Arenal,alojamiento,booking,unknown,,
,4,Hotel Roca Negra del Arenal,alojamiento,booking,unknown,,
,4,Hotel Roca Negra del Arenal,alojamiento,booking,unknown,,
,4,Hotel Roca Negra del Arenal,alojamiento,booking,unknown,,
,4,Hotel Roca Negra del Arenal,alojamiento,booking,unknown,,
,4,Hotel Roca Negra del Arenal,alojamiento,booking,unknown,,
,5,Hotel Roca Negra del Arenal,alojamiento,booking,unknown,,
,5,Hotel Roca Negra del Arenal,alojamiento,booking,unknown,,
,5,Hotel Roca Negra del Arenal,alojamiento,booking,unknown,,
,5,Hotel Roca Negra del Arenal,alojamiento,booking,unknown,,
,5,Hotel Roca Negra del Arenal,alojamiento,booking,unknown,,
,5,Hotel Roca Negra del Arenal,alojamiento,booking,unknown,,
,5,Hotel Roca Negra del Arenal,alojamiento,booking,unknown,,
,5,Hotel Roca Negra del Arenal,alojamiento,booking,unknown,,
,5,Hotel Roca Negra del Arenal,alojamiento,booking,unknown,,
,5,Hotel Roca Negra del Arenal,alojamiento,booking,unknown,,
,5,Hotel Roca Negra del Arenal,alojamiento,booking,unknown,,
,5,Hotel Roca Negra del Arenal,alojamiento,booking,unknown,,
,5,Hotel Roca Negra del Arenal,alojamiento,booking,unknown,,
,5,Hotel Roca Negra del Arenal,alojamiento,booking,unknown,,
,5,Hotel Roca Negra del Arenal,alojamiento,booking,unknown,,
,5,Hotel Roca Negra del Arenal,alojamiento,booking,unknown,,
,5,Hotel Roca Negra del Arenal,alojamiento,booking,unknown,,
,5,Hotel Roca Negra del Arenal,alojamiento,booking,unknown,,
,5,Hotel Roca Negra del Arenal,alojamiento,booking,unknown,,
,5,Hotel Roca Negra del Arenal,alojamiento,booking,unknown,,
,5,Hotel Roca Negra del Arenal,alojamiento,booking,unknown,,
,5,Hotel Roca Negra del Arenal,alojamiento,booking,unknown,,
,5,Hotel Roca Negra del Arenal,alojamiento,booking,unknown,,
,5,Hotel Roca Negra del Arenal,alojamiento,booking,unknown,,
,5,Hotel Roca Negra del Arenal,alojamiento,booking,unknown,,
,5,Hotel Roca Negra del Arenal,alojamiento,booking,unknown,,
,5,Hotel Roca Negra del Arenal,alojamiento,booking,unknown,,
,5,Hotel Roca Negra del Arenal,alojamiento,booking,unknown,,
,5,Hotel Roca Negra del Arenal,alojamiento,booking,unknown,,
,5,Hotel Roca Negra del Arenal,alojamiento,booking,unknown,,
,5,Hotel Roca Negra del Arenal,alojamiento,booking,unknown,,
,5,Hotel Roca Negra del Arenal,alojamiento,booking,unknown,,
,5,Hotel Roca Negra del Arenal,alojamiento,booking,unknown,,
,5,Hotel Roca Negra del Arenal,alojamiento,booking,unknown,,
,5,Hotel Roca Negra del Arenal,alojamiento,booking,unknown,,
,5,Hotel Roca Negra del Arenal,alojamiento,booking,unknown,,
,5,Hotel Roca Negra del Arenal,alojamiento,booking,unknown,,
,5,Hotel Roca Negra del Arenal,alojamiento,booking,unknown,,
,5,Hotel Roca Negra del Arenal,alojamiento,booking,unknown,,
,5,Hotel Roca Negra del Arenal,alojamiento,booking,unknown,,
,5,Hotel Roca Negra del Arenal,alojamiento,booking,unknown,,
,5,Hotel Roca Negra del Arenal,alojamiento,booking,unknown,,
,5,Hotel Roca Negra del Arenal,alojamiento,booking,unknown,,
,5,Hotel Roca Negra del Arenal,alojamiento,booking,unknown,,
,5,Hotel Roca Negra del Arenal,alojamiento,booking,unknown,,
,5,Hotel Roca Negra del Arenal,alojamiento,booking,unknown,,
,5,Hotel Roca Negra del Arenal,alojamiento,booking,unknown,,
,5,Hotel Roca Negra del Arenal,alojamiento,booking,unknown,,
,5,Hotel Roca Negra del Arenal,alojamiento,booking,unknown,,
,5,Hotel Roca Negra del Arenal,alojamiento,booking,unknown,,
,5,Hotel Roca Negra del Arenal,alojamiento,booking,unknown,,
,5,Hotel Roca Negra del Arenal,alojamiento,booking,unknown,,
,5,Hotel Roca Negra del Arenal,alojamiento,booking,unknown,,
,5,Hotel Roca Negra del Arenal,alojamiento,booking,unknown,,
,5,Hotel Roca Negra del Arenal,alojamiento,booking,unknown,,
,5,Hotel Roca Negra del Arenal,alojamiento,booking,unknown,,
,5,Hotel Roca Negra del Arenal,alojamiento,booking,unknown,,
,5,Hotel Roca Negra del Arenal,alojamiento,booking,unknown,,
,5,Hotel Roca Negra del Arenal,alojamiento,booking,unknown,,
,5,Hotel Roca Negra del Arenal,alojamiento,booking,unknown,,
,5,Hotel Roca Negra del Arenal,alojamiento,booking,unknown,,
,5,Hotel Roca Negra del Arenal,alojamiento,booking,unknown,,
,5,Hotel Roca Negra del Arenal,alojamiento,booking,unknown,,
,5,Hotel Roca Negra del Arenal,alojamiento,booking,unknown,,
,5,Hotel Roca Negra del Arenal,alojamiento,booking,unknown,,
,5,Hotel Roca Negra del Arenal,alojamiento,booking,unknown,,
,5,Hotel Roca Negra del Arenal,alojamiento,booking,unknown,,
,5,Hotel Roca Negra del Arenal,alojamiento,booking,unknown,,
,5,Hotel Roca Negra del Arenal,alojamiento,booking,unknown,,
,5,Hotel Roca Negra del Arenal,alojamiento,booking,unknown,,
,5,Hotel Roca Negra del Arenal,alojamiento,booking,unknown,,
,5,Hotel Roca Negra del Arenal,alojamiento,booking,unknown,,
,5,Hotel Roca Negra del Arenal,alojamiento,booking,unknown,,
,5,Hotel Roca Negra del Arenal,alojamiento,booking,unknown,,
,5,Hotel Roca Negra del Arenal,alojamiento,booking,unknown,,
,5,Hotel Roca Negra del Arenal,alojamiento,booking,unknown,,
,5,Hotel Roca Negra del Arenal,alojamiento,booking,unknown,,
,5,Hotel Roca Negra del Arenal,alojamiento,booking,unknown,,
,5,Hotel Roca Negra del Arenal,alojamiento,booking,unknown,,
,5,Hotel Roca Negra del Arenal,alojamiento,booking,unknown,,
,5,Hotel Roca Negra del Arenal,alojamiento,booking,unknown,,
,5,Hotel Roca Negra del Arenal,alojamiento,booking,unknown,,
,5,Hotel Roca Negra del Arenal,alojamiento,booking,unknown,,
,5,Hotel Roca Negra del Arenal,alojamiento,booking,unknown,,
,5,Hotel Roca Negra del Arenal,alojamiento,booking,unknown,,
,5,Hotel Roca Negra del Arenal,alojamiento,booking,unknown,,
,5,Hotel Roca Negra del Arenal,alojamiento,booking,unknown,,
,5,Hotel Roca Negra del Arenal,alojamiento,booking,unknown,,
,5,Hotel Roca Negra del Arenal,alojamiento,booking,unknown,,
,5,Hotel Roca Negra del Arenal,alojamiento,booking,unknown,,
,5,Hotel Roca Negra del Arenal,alojamiento,booking,unknown,,
,5,Hotel Roca Negra del Arenal,alojamiento,booking,unknown,,
,5,Hotel Roca Negra del Arenal,alojamiento,booking,unknown,,
,5,Hotel Roca Negra del Arenal,alojamiento,booking,unknown,,
,5,Hotel Roca Negra del Arenal,alojamiento,booking,unknown,,
,5,Hotel Roca Negra del Arenal,alojamiento,booking,unknown,,
,5,Hotel Roca Negra del Arenal,alojamiento,booking,unknown,,
,5,Hotel Roca Negra del Arenal,alojamiento,booking,unknown,,
,5,Hotel Roca Negra del Arenal,alojamiento,booking,unknown,,
,5,Hotel Roca Negra del Arenal,alojamiento,booking,unknown,,
,5,Hotel Roca Negra del Arenal,alojamiento,booking,unknown,,
,5,Hotel Roca Negra del Arenal,alojamiento,booking,unknown,,
,5,Hotel Roca Negra del Arenal,alojamiento,booking,unknown,,
,5,Hotel Roca Negra del Arenal,alojamiento,booking,unknown,,
,5,Hotel Roca Negra del Arenal,alojamiento,booking,unknown,,
,5,Hotel Roca Negra del Arenal,alojamiento,booking,unknown,,
,5,Hotel Roca Negra del Arenal,alojamiento,booking,unknown,,
,5,Hotel Roca Negra del Arenal,alojamiento,booking,unknown,,
,5,Hotel Roca Negra del Arenal,alojamiento,booking,unknown,,
,5,Hotel Roca Negra del Arenal,alojamiento,booking,unknown,,
,5,Hotel Roca Negra del Arenal,alojamiento,booking,unknown,,
,5,Hotel Roca Negra del Arenal,alojamiento,booking,unknown,,
,5,Hotel Roca Negra del Arenal,alojamiento,booking,unknown,,
,5,Hotel Roca Negra del Arenal,alojamiento,booking,unknown,,
,5,Hotel Roca Negra del Arenal,alojamiento,booking,unknown,,
,5,Hotel Roca Negra del Arenal,alojamiento,booking,unknown,,
,5,Hotel Roca Negra del Arenal,alojamiento,booking,unknown,,
,5,Hotel Roca Negra del Arenal,alojamiento,booking,unknown,,
,5,Hotel Roca Negra del Arenal,alojamiento,booking,unknown,,
,5,Hotel Roca Negra del Arenal,alojamiento,booking,unknown,,
,5,Hotel Roca Negra del Arenal,alojamiento,booking,unknown,,
,5,Hotel Roca Negra del Arenal,alojamiento,booking,unknown,,
,5,Hotel Roca Negra del Arenal,alojamiento,booking,unknown,,
,5,Hotel Roca Negra del Arenal,alojamiento,booking,unknown,,
,5,Hotel Roca Negra del Arenal,alojamiento,booking,unknown,,
,5,Hotel Roca Negra del Arenal,alojamiento,booking,unknown,,
,5,Hotel Roca Negra del Arenal,alojamiento,booking,unknown,,
,5,Hotel Roca Negra del Arenal,alojamiento,booking,unknown,,
,5,Hotel Roca Negra del Arenal,alojamiento,booking,unknown,,
,5,Hotel Roca Negra del Arenal,alojamiento,booking,unknown,,
,5,Hotel Roca Negra del Arenal,alojamiento,booking,unknown,,
,5,Hotel Roca Negra del Arenal,alojamiento,booking,unknown,,
,5,Hotel Roca Negra del Arenal,alojamiento,booking,unknown,,
,5,Hotel Roca Negra del Arenal,alojamiento,booking,unknown,,
,5,Hotel Roca Negra del Arenal,alojamiento,booking,unknown,,
,5,Hotel Roca Negra del Arenal,alojamiento,booking,unknown,,
,5,Hotel Roca Negra del Arenal,alojamiento,booking,unknown,,
,5,Hotel Roca Negra del Arenal,alojamiento,booking,unknown,,
,5,Hotel Roca Negra del Arenal,alojamiento,booking,unknown,,
,5,Hotel Roca Negra del Arenal,alojamiento,booking,unknown,,
,5,Hotel Roca Negra del Arenal,alojamiento,booking,unknown,,
,5,Hotel Roca Negra del Arenal,alojamiento,booking,unknown,,
,5,Hotel Roca Negra del Arenal,alojamiento,booking,unknown,,
,5,Hotel Roca Negra del Arenal,alojamiento,booking,unknown,,
,5,Hotel Roca Negra del Arenal,alojamiento,booking,unknown,,
,5,Hotel Roca Negra del Arenal,alojamiento,booking,unknown,,
,5,Hotel Roca Negra del Arenal,alojamiento,booking,unknown,,
,5,Hotel Roca Negra del Arenal,alojamiento,booking,unknown,,
,5,Hotel Roca Negra del Arenal,alojamiento,booking,unknown,,
,5,Hotel Roca Negra del Arenal,alojamiento,booking,unknown,,
,5,Hotel Roca Negra del Arenal,alojamiento,booking,unknown,,
,5,Hotel Roca Negra del Arenal,alojamiento,booking,unknown,,
,5,Hotel Roca Negra del Arenal,alojamiento,booking,unknown,,
,5,Hotel Roca Negra del Arenal,alojamiento,booking,unknown,,
,5,Hotel Roca Negra del Arenal,alojamiento,booking,unknown,,
,5,Hotel Roca Negra del Arenal,alojamiento,booking,unknown,,
,5,Hotel Roca Negra del Arenal,alojamiento,booking,unknown,,
,5,Hotel Roca Negra del Arenal,alojamiento,booking,unknown,,
,5,Hotel Roca Negra del Arenal,alojamiento,booking,unknown,,
,5,Hotel Roca Negra del Arenal,alojamiento,booking,unknown,,
,5,Hotel Roca Negra del Arenal,alojamiento,booking,unknown,,
,5,Hotel Roca Negra del Arenal,alojamiento,booking,unknown,,
,5,Hotel Roca Negra del Arenal,alojamiento,booking,unknown,,
,5,Hotel Roca Negra del Arenal,alojamiento,booking,unknown,,
,5,Hotel Roca Negra del Arenal,alojamiento,booking,unknown,,
,5,Hotel Roca Negra del Arenal,alojamiento,booking,unknown,,
,5,Hotel Roca Negra del Arenal,alojamiento,booking,unknown,,
,5,Hotel Roca Negra del Arenal,alojamiento,booking,unknown,,
,5,Hotel Roca Negra del Arenal,alojamiento,booking,unknown,,
,5,Hotel Roca Negra del Arenal,alojamiento,booking,unknown,,
,5,Hotel Roca Negra del Arenal,alojamiento,booking,unknown,,
,5,Hotel Roca Negra del Arenal,alojamiento,booking,unknown,,
,5,Hotel Roca Negra del Arenal,alojamiento,booking,unknown,,
,5,Hotel Roca Negra del Arenal,alojamiento,booking,unknown,,
,5,Hotel Roca Negra del Arenal,alojamiento,booking,unknown,,
,5,Hotel Roca Negra del Arenal,alojamiento,booking,unknown,,
,5,Hotel Roca Negra del Arenal,alojamiento,booking,unknown,,
,5,Hotel Roca Negra del Arenal,alojamiento,booking,unknown,,
,5,Hotel Roca Negra del Arenal,alojamiento,booking,unknown,,
,5,Hotel Roca Negra del Arenal,alojamiento,booking,unknown,,
,5,Hotel Roca Negra del Arenal,alojamiento,booking,unknown,,
,5,Hotel Roca Negra del Arenal,alojamiento,booking,unknown,,
,5,Hotel Roca Negra del Arenal,alojamiento,booking,unknown,,
,5,Hotel Roca Negra del Arenal,alojamiento,booking,unknown,,
,5,Hotel Roca Negra del Arenal,alojamiento,booking,unknown,,
,5,Hotel Roca Negra del Arenal,alojamiento,booking,unknown,,
,5,Hotel Roca Negra del Arenal,alojamiento,booking,unknown,,
,5,Hotel Roca Negra del Arenal,alojamiento,booking,unknown,,
,5,Hotel Roca Negra del Arenal,alojamiento,booking,unknown,,
,5,Hotel Roca Negra del Arenal,alojamiento,booking,unknown,,
,5,Hotel Roca Negra del Arenal,alojamiento,booking,unknown,,
,5,Hotel Roca Negra del Arenal,alojamiento,booking,unknown,,
,4,Hotel Roca Negra del Arenal,alojamiento,booking,unknown,,
,3,Hotel Roca Negra del Arenal,alojamiento,booking,unknown,,
,4,Hotel Roca Negra del Arenal,alojamiento,booking,unknown,,
,4,Hotel Roca Negra del Arenal,alojamiento,booking,unknown,,
,4,Hotel Roca Negra del Arenal,alojamiento,booking,unknown,,
,4,Hotel Roca Negra del Arenal,alojamiento,booking,unknown,,
,4,Hotel Roca Negra del Arenal,alojamiento,booking,unknown,,
,4,Hotel Roca Negra del Arenal,alojamiento,booking,unknown,,
,4,Hotel Roca Negra del Arenal,alojamiento,booking,unknown,,
,4,Hotel Roca Negra del Arenal,alojamiento,booking,unknown,,
,4,Hotel Roca Negra del Arenal,alojamiento,booking,unknown,,
,4,Hotel Roca Negra del Arenal,alojamiento,booking,unknown,,
,2,Hotel Roca Negra del Arenal,alojamiento,booking,unknown,,
,4,Hotel Roca Negra del Arenal,alojamiento,booking,unknown,,
,5,Hotel Roca Negra del Arenal,alojamiento,booking,unknown,,
,5,Hotel Roca Negra del Arenal,alojamiento,booking,unknown,,
,5,Hotel Roca Negra del Arenal,alojamiento,booking,unknown,,
,5,Hotel Roca Negra del Arenal,alojamiento,booking,unknown,,
,5,Hotel Roca Negra del Arenal,alojamiento,booking,unknown,,
,5,Hotel Roca Negra del Arenal,alojamiento,booking,unknown,,
,5,Hotel Roca Negra del Arenal,alojamiento,booking,unknown,,
,5,Hotel Roca Negra del Arenal,alojamiento,booking,unknown,,
,5,Hotel Roca Negra del Arenal,alojamiento,booking,unknown,,
,5,Hotel Roca Negra del Arenal,alojamiento,booking,unknown,,
,5,Hotel Roca Negra del Arenal,alojamiento,booking,unknown,,
,5,Hotel Roca Negra del Arenal,alojamiento,booking,unknown,,
,5,Hotel Roca Negra del Arenal,alojamiento,booking,unknown,,
,5,Hotel Roca Negra del Arenal,alojamiento,booking,unknown,,
,5,Hotel Roca Negra del Arenal,alojamiento,booking,unknown,,
,5,Hotel Roca Negra del Arenal,alojamiento,booking,unknown,,
,5,Hotel Roca Negra del Arenal,alojamiento,booking,unknown,,
,5,Hotel Roca Negra del Arenal,alojamiento,booking,unknown,,
,5,Hotel Roca Negra del Arenal,alojamiento,booking,unknown,,
,5,Hotel Roca Negra del Arenal,alojamiento,booking,unknown,,
,5,Hotel Roca Negra del Arenal,alojamiento,booking,unknown,,
,5,Hotel Roca Negra del Arenal,alojamiento,booking,unknown,,
,5,Hotel Roca Negra del Arenal,alojamiento,booking,unknown,,
,5,Hotel Roca Negra del Arenal,alojamiento,booking,unknown,,
,5,Hotel Roca Negra del Arenal,alojamiento,booking,unknown,,
,5,Hotel Roca Negra del Arenal,alojamiento,booking,unknown,,
,5,Hotel Roca Negra del Arenal,alojamiento,booking,unknown,,
,5,Hotel Roca Negra del Arenal,alojamiento,booking,unknown,,
,5,Hotel Roca Negra del Arenal,alojamiento,booking,unknown,,
,5,Hotel Roca Negra del Arenal,alojamiento,booking,unknown,,
,5,Hotel Roca Negra del Arenal,alojamiento,booking,unknown,,
,5,Hotel Roca Negra del Arenal,alojamiento,booking,unknown,,
,5,Hotel Roca Negra del Arenal,alojamiento,booking,unknown,,
,5,Hotel Roca Negra del Arenal,alojamiento,booking,unknown,,
,5,Hotel Roca Negra del Arenal,alojamiento,booking,unknown,,
,5,Hotel Roca Negra del Arenal,alojamiento,booking,unknown,,
,5,Hotel Roca Negra del Arenal,alojamiento,booking,unknown,,
,5,Hotel Roca Negra del Arenal,alojamiento,booking,unknown,,
,5,Hotel Roca Negra del Arenal,alojamiento,booking,unknown,,
,5,Hotel Roca Negra del Arenal,alojamiento,booking,unknown,,
,5,Hotel Roca Negra del Arenal,alojamiento,booking,unknown,,
,5,Hotel Roca Negra del Arenal,alojamiento,booking,unknown,,
,5,Hotel Roca Negra del Arenal,alojamiento,booking,unknown,,
,5,Hotel Roca Negra del Arenal,alojamiento,booking,unknown,,
,5,Hotel Roca Negra del Arenal,alojamiento,booking,unknown,,
,5,Hotel Roca Negra del Arenal,alojamiento,booking,unknown,,
,5,Hotel Roca Negra del Arenal,alojamiento,booking,unknown,,
,5,Hotel Roca Negra del Arenal,alojamiento,booking,unknown,,
,5,Hotel Roca Negra del Arenal,alojamiento,booking,unknown,,
,5,Hotel Roca Negra del Arenal,alojamiento,booking,unknown,,
,5,Hotel Roca Negra del Arenal,alojamiento,booking,unknown,,
,5,Hotel Roca Negra del Arenal,alojamiento,booking,unknown,,
,5,Hotel Roca Negra del Arenal,alojamiento,booking,unknown,,
,5,Hotel Roca Negra del Arenal,alojamiento,booking,unknown,,
,5,Hotel Roca Negra del Arenal,alojamiento,booking,unknown,,
,5,Hotel Roca Negra del Arenal,alojamiento,booking,unknown,,
,5,Hotel Roca Negra del Arenal,alojamiento,booking,unknown,,
,5,Hotel Roca Negra del Arenal,alojamiento,booking,unknown,,
,5,Hotel Roca Negra del Arenal,alojamiento,booking,unknown,,
,5,Hotel Roca Negra del Arenal,alojamiento,booking,unknown,,
,5,Hotel Roca Negra del Arenal,alojamiento,booking,unknown,,
,5,Hotel Roca Negra del Arenal,alojamiento,booking,unknown,,
,5,Hotel Roca Negra del Arenal,alojamiento,booking,unknown,,
,5,Hotel Roca Negra del Arenal,alojamiento,booking,unknown,,
,5,Hotel Roca Negra del Arenal,alojamiento,booking,unknown,,
,5,Hotel Roca Negra del Arenal,alojamiento,booking,unknown,,
,5,Hotel Roca Negra del Arenal,alojamiento,booking,unknown,,
,5,Hotel Roca Negra del Arenal,alojamiento,booking,unknown,,
,5,Hotel Roca Negra del Arenal,alojamiento,booking,unknown,,
,5,Hotel Roca Negra del Arenal,alojamiento,booking,unknown,,
,5,Hotel Roca Negra del Arenal,alojamiento,booking,unknown,,
,5,Hotel Roca Negra del Arenal,alojamiento,booking,unknown,,
,5,Hotel Roca Negra del Arenal,alojamiento,booking,unknown,,
,5,Hotel Roca Negra del Arenal,alojamiento,booking,unknown,,
,5,Hotel Roca Negra del Arenal,alojamiento,booking,unknown,,
,5,Hotel Roca Negra del Arenal,alojamiento,booking,unknown,,
,5,Hotel Roca Negra del Arenal,alojamiento,booking,unknown,,
,5,Hotel Roca Negra del Arenal,alojamiento,booking,unknown,,
,5,Hotel Roca Negra del Arenal,alojamiento,booking,unknown,,
,5,Hotel Roca Negra del Arenal,alojamiento,booking,unknown,,
,5,Hotel Roca Negra del Arenal,alojamiento,booking,unknown,,
,5,Hotel Roca Negra del Arenal,alojamiento,booking,unknown,,
,5,Hotel Roca Negra del Arenal,alojamiento,booking,unknown,,
,5,Hotel Roca Negra del Arenal,alojamiento,booking,unknown,,
,5,Hotel Roca Negra del Arenal,alojamiento,booking,unknown,,
,5,Hotel Roca Negra del Arenal,alojamiento,booking,unknown,,
,5,Hotel Roca Negra del Arenal,alojamiento,booking,unknown,,
,5,Hotel Roca Negra del Arenal,alojamiento,booking,unknown,,
,5,Hotel Roca Negra del Arenal,alojamiento,booking,unknown,,
,5,Hotel Roca Negra del Arenal,alojamiento,booking,unknown,,
,5,Hotel Roca Negra del Arenal,alojamiento,booking,unknown,,
,5,Hotel Roca Negra del Arenal,alojamiento,booking,unknown,,
,5,Hotel Roca Negra del Arenal,alojamiento,booking,unknown,,
,5,Hotel Roca Negra del Arenal,alojamiento,booking,unknown,,
,5,Hotel Roca Negra del Arenal,alojamiento,booking,unknown,,
,5,Hotel Roca Negra del Arenal,alojamiento,booking,unknown,,
,5,Hotel Roca Negra del Arenal,alojamiento,booking,unknown,,
,5,Hotel Roca Negra del Arenal,alojamiento,booking,unknown,,
,5,Hotel Roca Negra del Arenal,alojamiento,booking,unknown,,
,5,Hotel Roca Negra del Arenal,alojamiento,booking,unknown,,
,5,Hotel Roca Negra del Arenal,alojamiento,booking,unknown,,
,5,Hotel Roca Negra del Arenal,alojamiento,booking,unknown,,
,5,Hotel Roca Negra del Arenal,alojamiento,booking,unknown,,
,5,Hotel Roca Negra del Arenal,alojamiento,booking,unknown,,
,5,Hotel Roca Negra del Arenal,alojamiento,booking,unknown,,
,5,Hotel Roca Negra del Arenal,alojamiento,booking,unknown,,
,5,Hotel Roca Negra del Arenal,alojamiento,booking,unknown,,
,5,Hotel Roca Negra del Arenal,alojamiento,booking,unknown,,
,5,Hotel Roca Negra del Arenal,alojamiento,booking,unknown,,
,5,Hotel Roca Negra del Arenal,alojamiento,booking,unknown,,
,5,Hotel Roca Negra del Arenal,alojamiento,booking,unknown,,
,5,Hotel Roca Negra del Arenal,alojamiento,booking,unknown,,
,5,Hotel Roca Negra del Arenal,alojamiento,booking,unknown,,
,5,Hotel Roca Negra del Arenal,alojamiento,booking,unknown,,
,5,Hotel Roca Negra del Arenal,alojamiento,booking,unknown,,
,5,Hotel Roca Negra del Arenal,alojamiento,booking,unknown,,
,5,Hotel Roca Negra del Arenal,alojamiento,booking,unknown,,
,5,Hotel Roca Negra del Arenal,alojamiento,booking,unknown,,
,5,Hotel Roca Negra del Arenal,alojamiento,booking,unknown,,
,5,Hotel Roca Negra del Arenal,alojamiento,booking,unknown,,
,5,Hotel Roca Negra del Arenal,alojamiento,booking,unknown,,
,5,Hotel Roca Negra del Arenal,alojamiento,booking,unknown,,
,5,Hotel Roca Negra del Arenal,alojamiento,booking,unknown,,
,5,Hotel Roca Negra del Arenal,alojamiento,booking,unknown,,
,5,Hotel Roca Negra del Arenal,alojamiento,booking,unknown,,
,5,Hotel Roca Negra del Arenal,alojamiento,booking,unknown,,
,5,Hotel Roca Negra del Arenal,alojamiento,booking,unknown,,
,5,Hotel Roca Negra del Arenal,alojamiento,booking,unknown,,
,5,Hotel Roca Negra del Arenal,alojamiento,booking,unknown,,
,5,Hotel Roca Negra del Arenal,alojamiento,booking,unknown,,
,5,Hotel Roca Negra del Arenal,alojamiento,booking,unknown,,
,5,Hotel Roca Negra del Arenal,alojamiento,booking,unknown,,
,5,Hotel Roca Negra del Arenal,alojamiento,booking,unknown,,
,5,Hotel Roca Negra del Arenal,alojamiento,booking,unknown,,
,5,Hotel Roca Negra del Arenal,alojamiento,booking,unknown,,
,5,Hotel Roca Negra del Arenal,alojamiento,booking,unknown,,
,5,Hotel Roca Negra del Arenal,alojamiento,booking,unknown,,
,5,Hotel Roca Negra del Arenal,alojamiento,booking,unknown,,
,5,Hotel Roca Negra del Arenal,alojamiento,booking,unknown,,
,5,Hotel Roca Negra del Arenal,alojamiento,booking,unknown,,
,5,Hotel Roca Negra del Arenal,alojamiento,booking,unknown,,
,5,Hotel Roca Negra del Arenal,alojamiento,booking,unknown,,
,5,Hotel Roca Negra del Arenal,alojamiento,booking,unknown,,
,5,Hotel Roca Negra del Arenal,alojamiento,booking,unknown,,
,5,Hotel Roca Negra del Arenal,alojamiento,booking,unknown,,
,5,Hotel Roca Negra del Arenal,alojamiento,booking,unknown,,
,5,Hotel Roca Negra del Arenal,alojamiento,booking,unknown,,
,5,Hotel Roca Negra del Arenal,alojamiento,booking,unknown,,
,5,Hotel Roca Negra del Arenal,alojamiento,booking,unknown,,
,5,Hotel Roca Negra del Arenal,alojamiento,booking,unknown,,
,5,Hotel Roca Negra del Arenal,alojamiento,booking,unknown,,
,5,Hotel Roca Negra del Arenal,alojamiento,booking,unknown,,
,5,Hotel Roca Negra del Arenal,alojamiento,booking,unknown,,
,5,Hotel Roca Negra del Arenal,alojamiento,booking,unknown,,
,5,Hotel Roca Negra del Arenal,alojamiento,booking,unknown,,
,5,Hotel Roca Negra del Arenal,alojamiento,booking,unknown,,
,5,Hotel Roca Negra del Arenal,alojamiento,booking,unknown,,
,5,Hotel Roca Negra del Arenal,alojamiento,booking,unknown,,
,5,Hotel Roca Negra del Arenal,alojamiento,booking,unknown,,
,5,Hotel Roca Negra del Arenal,alojamiento,booking,unknown,,
,5,Hotel Roca Negra del Arenal,alojamiento,booking,unknown,,
,5,Hotel Roca Negra del Arenal,alojamiento,booking,unknown,,
,5,Hotel Roca Negra del Arenal,alojamiento,booking,unknown,,
,5,Hotel Roca Negra del Arenal,alojamiento,booking,unknown,,
,5,Hotel Roca Negra del Arenal,alojamiento,booking,unknown,,
,5,Hotel Roca Negra del Arenal,alojamiento,booking,unknown,,
,5,Hotel Roca Negra del Arenal,alojamiento,booking,unknown,,
,5,Hotel Roca Negra del Arenal,alojamiento,booking,unknown,,
,5,Hotel Roca Negra del Arenal,alojamiento,booking,unknown,,
,5,Hotel Roca Negra del Arenal,alojamiento,booking,unknown,,
,5,Hotel Roca Negra del Arenal,alojamiento,booking,unknown,,
,5,Hotel Roca Negra del Arenal,alojamiento,booking,unknown,,
,5,Hotel Roca Negra del Arenal,alojamiento,booking,unknown,,
,5,Hotel Roca Negra del Arenal,alojamiento,booking,unknown,,
,5,Hotel Roca Negra del Arenal,alojamiento,booking,unknown,,
,5,Hotel Roca Negra del Arenal,alojamiento,booking,unknown,,
,5,Hotel Roca Negra del Arenal,alojamiento,booking,unknown,,
,5,Hotel Roca Negra del Arenal,alojamiento,booking,unknown,,
